resume_id,jd_id,resume_category,graph_score,coverage,exact_matches,partial_matches,no_matches,sbert_score,structural_score,yoe_score,edu_score,section_score,resume_yoe,required_yoe,resume_edu_rank,required_edu_rank,label
r_backend_senior,Senior Backend Engineer,backend,0.8333,0.8667,12,1,2,0.6161,1.0,1.0,1.0,1.0,5,4,3,3,1
r_backend_senior,Backend Developer,backend,0.8375,0.875,6,1,1,0.6029,1.0,1.0,1.0,1.0,5,2,3,3,1
r_backend_senior,Junior Backend Developer,backend,0.925,1.0,3,1,0,0.4918,1.0,1.0,1.0,1.0,5,1,3,3,1
r_backend_senior,Senior Frontend Engineer,backend,0.43,0.7,2,4,3,0.4983,1.0,1.0,1.0,1.0,5,0,3,3,0
r_backend_senior,Frontend Developer,backend,0.5,0.6,2,1,2,0.512,1.0,1.0,1.0,1.0,5,0,3,3,0
r_backend_senior,Senior DevOps Engineer,backend,0.4231,0.4615,5,1,7,0.4894,1.0,1.0,1.0,1.0,5,0,3,3,0
r_backend_senior,DevOps Engineer,backend,0.8,0.8,4,0,1,0.3912,1.0,1.0,1.0,1.0,5,0,3,3,0
r_backend_senior,Senior ML Engineer,backend,0.0909,0.0909,1,0,10,0.3547,0.76,1.0,0.2,1.0,5,0,3,5,0
r_backend_senior,Data Scientist,backend,0.425,0.5,1,1,2,0.2577,1.0,1.0,1.0,1.0,5,0,3,3,0
r_backend_senior,Data Engineer,backend,0.2125,0.25,1,1,6,0.3623,1.0,1.0,1.0,1.0,5,0,3,3,0
r_backend_senior,Senior Mobile Developer,backend,0.15,0.2,1,1,8,0.371,1.0,1.0,1.0,1.0,5,0,3,3,0
r_backend_senior,Full Stack Developer,backend,0.8889,1.0,7,2,0,0.6064,1.0,1.0,1.0,1.0,5,0,3,3,1
r_backend_mid,Senior Backend Engineer,backend,0.3667,0.4,5,1,9,0.5435,0.88,0.7,1.0,1.0,3,4,3,3,1
r_backend_mid,Backend Developer,backend,0.6875,0.75,5,1,2,0.611,1.0,1.0,1.0,1.0,3,2,3,3,1
r_backend_mid,Junior Backend Developer,backend,0.75,0.75,3,0,1,0.5249,1.0,1.0,1.0,1.0,3,1,3,3,1
r_backend_mid,Senior Frontend Engineer,backend,0.1,0.1,1,0,9,0.4044,1.0,1.0,1.0,1.0,3,0,3,3,0
r_backend_mid,Frontend Developer,backend,0.2,0.2,1,0,4,0.4871,1.0,1.0,1.0,1.0,3,0,3,3,0
r_backend_mid,Senior DevOps Engineer,backend,0.1154,0.1538,1,1,11,0.3943,1.0,1.0,1.0,1.0,3,0,3,3,0
r_backend_mid,DevOps Engineer,backend,0.3,0.4,1,1,3,0.2802,1.0,1.0,1.0,1.0,3,0,3,3,0
r_backend_mid,Senior ML Engineer,backend,0.0909,0.0909,1,0,10,0.3956,0.76,1.0,0.2,1.0,3,0,3,5,0
r_backend_mid,Data Scientist,backend,0.5,0.5,2,0,2,0.3545,1.0,1.0,1.0,1.0,3,0,3,3,0
r_backend_mid,Data Engineer,backend,0.25,0.25,2,0,6,0.3808,1.0,1.0,1.0,1.0,3,0,3,3,0
r_backend_mid,Senior Mobile Developer,backend,0.1,0.1,1,0,9,0.3796,1.0,1.0,1.0,1.0,3,0,3,3,0
r_backend_mid,Full Stack Developer,backend,0.4444,0.4444,4,0,5,0.548,1.0,1.0,1.0,1.0,3,0,3,3,1
r_backend_junior,Senior Backend Engineer,backend,0.1333,0.1333,2,0,13,0.5435,0.64,0.1,1.0,1.0,1,4,3,3,1
r_backend_junior,Backend Developer,backend,0.4625,0.5,3,1,4,0.5833,0.88,0.7,1.0,1.0,1,2,3,3,1
r_backend_junior,Junior Backend Developer,backend,0.675,0.75,2,1,1,0.5942,1.0,1.0,1.0,1.0,1,1,3,3,1
r_backend_junior,Senior Frontend Engineer,backend,0.1,0.1,1,0,9,0.4355,1.0,1.0,1.0,1.0,1,0,3,3,0
r_backend_junior,Frontend Developer,backend,0.2,0.2,1,0,4,0.4943,1.0,1.0,1.0,1.0,1,0,3,3,0
r_backend_junior,Senior DevOps Engineer,backend,0.0,0.0,0,0,13,0.3832,1.0,1.0,1.0,1.0,1,0,3,3,0
r_backend_junior,DevOps Engineer,backend,0.0,0.0,0,0,5,0.2556,1.0,1.0,1.0,1.0,1,0,3,3,0
r_backend_junior,Senior ML Engineer,backend,0.0909,0.0909,1,0,10,0.4371,0.76,1.0,0.2,1.0,1,0,3,5,0
r_backend_junior,Data Scientist,backend,0.425,0.5,1,1,2,0.4566,1.0,1.0,1.0,1.0,1,0,3,3,0
r_backend_junior,Data Engineer,backend,0.2125,0.25,1,1,6,0.4301,1.0,1.0,1.0,1.0,1,0,3,3,0
r_backend_junior,Senior Mobile Developer,backend,0.1,0.1,1,0,9,0.3848,1.0,1.0,1.0,1.0,1,0,3,3,0
r_backend_junior,Full Stack Developer,backend,0.2222,0.2222,2,0,7,0.5095,1.0,1.0,1.0,1.0,1,0,3,3,1
r_frontend_senior,Senior Backend Engineer,frontend,0.2333,0.2667,3,1,11,0.4119,1.0,1.0,1.0,1.0,5,4,3,3,0
r_frontend_senior,Backend Developer,frontend,0.3125,0.375,2,1,5,0.4087,1.0,1.0,1.0,1.0,5,2,3,3,0
r_frontend_senior,Junior Backend Developer,frontend,0.5,0.5,2,0,2,0.3597,1.0,1.0,1.0,1.0,5,1,3,3,0
r_frontend_senior,Senior Frontend Engineer,frontend,0.9,0.9,9,0,1,0.6807,1.0,1.0,1.0,1.0,5,0,3,3,1
r_frontend_senior,Frontend Developer,frontend,1.0,1.0,5,0,0,0.5645,1.0,1.0,1.0,1.0,5,0,3,3,1
r_frontend_senior,Senior DevOps Engineer,frontend,0.0,0.0,0,0,13,0.2829,1.0,1.0,1.0,1.0,5,0,3,3,0
r_frontend_senior,DevOps Engineer,frontend,0.0,0.0,0,0,5,0.197,1.0,1.0,1.0,1.0,5,0,3,3,0
r_frontend_senior,Senior ML Engineer,frontend,0.0,0.0,0,0,11,0.2492,0.76,1.0,0.2,1.0,5,0,3,5,0
r_frontend_senior,Data Scientist,frontend,0.0,0.0,0,0,4,0.1915,1.0,1.0,1.0,1.0,5,0,3,3,0
r_frontend_senior,Data Engineer,frontend,0.0,0.0,0,0,8,0.2064,1.0,1.0,1.0,1.0,5,0,3,3,0
r_frontend_senior,Senior Mobile Developer,frontend,0.2,0.2,2,0,8,0.3648,1.0,1.0,1.0,1.0,5,0,3,3,0
r_frontend_senior,Full Stack Developer,frontend,0.5,0.5556,4,1,4,0.4884,1.0,1.0,1.0,1.0,5,0,3,3,0
r_frontend_mid,Senior Backend Engineer,frontend,0.1667,0.2,2,1,12,0.4748,0.76,0.4,1.0,1.0,2,4,3,3,0
r_frontend_mid,Backend Developer,frontend,0.3125,0.375,2,1,5,0.4847,1.0,1.0,1.0,1.0,2,2,3,3,0
r_frontend_mid,Junior Backend Developer,frontend,0.5,0.5,2,0,2,0.4161,1.0,1.0,1.0,1.0,2,1,3,3,0
r_frontend_mid,Senior Frontend Engineer,frontend,0.55,0.7,4,3,3,0.6372,1.0,1.0,1.0,1.0,2,0,3,3,1
r_frontend_mid,Frontend Developer,frontend,1.0,1.0,5,0,0,0.6377,1.0,1.0,1.0,1.0,2,0,3,3,1
r_frontend_mid,Senior DevOps Engineer,frontend,0.0,0.0,0,0,13,0.3899,1.0,1.0,1.0,1.0,2,0,3,3,0
r_frontend_mid,DevOps Engineer,frontend,0.0,0.0,0,0,5,0.328,1.0,1.0,1.0,1.0,2,0,3,3,0
r_frontend_mid,Senior ML Engineer,frontend,0.0,0.0,0,0,11,0.3526,0.76,1.0,0.2,1.0,2,0,3,5,0
r_frontend_mid,Data Scientist,frontend,0.0,0.0,0,0,4,0.2749,1.0,1.0,1.0,1.0,2,0,3,3,0
r_frontend_mid,Data Engineer,frontend,0.0,0.0,0,0,8,0.274,1.0,1.0,1.0,1.0,2,0,3,3,0
r_frontend_mid,Senior Mobile Developer,frontend,0.2,0.2,2,0,8,0.4766,1.0,1.0,1.0,1.0,2,0,3,3,0
r_frontend_mid,Full Stack Developer,frontend,0.4444,0.5556,3,2,4,0.5569,1.0,1.0,1.0,1.0,2,0,3,3,0
r_devops_senior,Senior Backend Engineer,devops,0.4667,0.4667,7,0,8,0.5297,1.0,1.0,1.0,1.0,6,4,3,3,0
r_devops_senior,Backend Developer,devops,0.125,0.125,1,0,7,0.4619,1.0,1.0,1.0,1.0,6,2,3,3,0
r_devops_senior,Junior Backend Developer,devops,0.0,0.0,0,0,4,0.293,1.0,1.0,1.0,1.0,6,1,3,3,0
r_devops_senior,Senior Frontend Engineer,devops,0.0,0.0,0,0,10,0.3543,1.0,1.0,1.0,1.0,6,0,3,3,0
r_devops_senior,Frontend Developer,devops,0.0,0.0,0,0,5,0.3451,1.0,1.0,1.0,1.0,6,0,3,3,0
r_devops_senior,Senior DevOps Engineer,devops,0.9769,1.0,12,1,0,0.7173,1.0,1.0,1.0,1.0,6,0,3,3,1
r_devops_senior,DevOps Engineer,devops,1.0,1.0,5,0,0,0.6325,1.0,1.0,1.0,1.0,6,0,3,3,1
r_devops_senior,Senior ML Engineer,devops,0.0,0.0,0,0,11,0.3239,0.76,1.0,0.2,1.0,6,0,3,5,0
r_devops_senior,Data Scientist,devops,0.0,0.0,0,0,4,0.253,1.0,1.0,1.0,1.0,6,0,3,3,0
r_devops_senior,Data Engineer,devops,0.0,0.0,0,0,8,0.4052,1.0,1.0,1.0,1.0,6,0,3,3,0
r_devops_senior,Senior Mobile Developer,devops,0.0,0.0,0,0,10,0.2452,1.0,1.0,1.0,1.0,6,0,3,3,0
r_devops_senior,Full Stack Developer,devops,0.1111,0.1111,1,0,8,0.4451,1.0,1.0,1.0,1.0,6,0,3,3,0
r_devops_mid,Senior Backend Engineer,devops,0.3333,0.4,4,2,9,0.5966,0.805,0.7,1.0,0.75,3,4,3,3,0
r_devops_mid,Backend Developer,devops,0.125,0.125,1,0,7,0.5524,0.925,1.0,1.0,0.75,3,2,3,3,0
r_devops_mid,Junior Backend Developer,devops,0.0,0.0,0,0,4,0.4019,0.925,1.0,1.0,0.75,3,1,3,3,0
r_devops_mid,Senior Frontend Engineer,devops,0.0,0.0,0,0,10,0.4177,0.925,1.0,1.0,0.75,3,0,3,3,0
r_devops_mid,Frontend Developer,devops,0.0,0.0,0,0,5,0.425,0.925,1.0,1.0,0.75,3,0,3,3,0
r_devops_mid,Senior DevOps Engineer,devops,0.6692,0.7692,7,3,3,0.7327,0.925,1.0,1.0,0.75,3,0,3,3,1
r_devops_mid,DevOps Engineer,devops,1.0,1.0,5,0,0,0.7261,0.925,1.0,1.0,0.75,3,0,3,3,1
r_devops_mid,Senior ML Engineer,devops,0.0,0.0,0,0,11,0.3673,0.685,1.0,0.2,0.75,3,0,3,5,0
r_devops_mid,Data Scientist,devops,0.0,0.0,0,0,4,0.3443,0.925,1.0,1.0,0.75,3,0,3,3,0
r_devops_mid,Data Engineer,devops,0.0,0.0,0,0,8,0.4724,0.925,1.0,1.0,0.75,3,0,3,3,0
r_devops_mid,Senior Mobile Developer,devops,0.0,0.0,0,0,10,0.377,0.925,1.0,1.0,0.75,3,0,3,3,0
r_devops_mid,Full Stack Developer,devops,0.1111,0.1111,1,0,8,0.5293,0.925,1.0,1.0,0.75,3,0,3,3,0
r_ml_senior,Senior Backend Engineer,ml,0.2333,0.2667,3,1,11,0.3604,1.0,1.0,1.0,1.0,4,4,4,3,0
r_ml_senior,Backend Developer,ml,0.25,0.25,2,0,6,0.3037,1.0,1.0,1.0,1.0,4,2,4,3,0
r_ml_senior,Junior Backend Developer,ml,0.25,0.25,1,0,3,0.2323,1.0,1.0,1.0,1.0,4,1,4,3,0
r_ml_senior,Senior Frontend Engineer,ml,0.0,0.0,0,0,10,0.2295,1.0,1.0,1.0,1.0,4,0,4,3,0
r_ml_senior,Frontend Developer,ml,0.0,0.0,0,0,5,0.253,1.0,1.0,1.0,1.0,4,0,4,3,0
r_ml_senior,Senior DevOps Engineer,ml,0.1923,0.2308,2,1,10,0.2789,1.0,1.0,1.0,1.0,4,0,4,3,0
r_ml_senior,DevOps Engineer,ml,0.5,0.6,2,1,2,0.2612,1.0,1.0,1.0,1.0,4,0,4,3,0
r_ml_senior,Senior ML Engineer,ml,1.0,1.0,11,0,0,0.5633,0.88,1.0,0.6,1.0,4,0,4,5,1
r_ml_senior,Data Scientist,ml,0.75,0.75,3,0,1,0.3737,1.0,1.0,1.0,1.0,4,0,4,3,1
r_ml_senior,Data Engineer,ml,0.3375,0.375,2,1,5,0.4014,1.0,1.0,1.0,1.0,4,0,4,3,0
r_ml_senior,Senior Mobile Developer,ml,0.0,0.0,0,0,10,0.1564,1.0,1.0,1.0,1.0,4,0,4,3,0
r_ml_senior,Full Stack Developer,ml,0.2222,0.2222,2,0,7,0.2545,1.0,1.0,1.0,1.0,4,0,4,3,0
r_ml_mid,Senior Backend Engineer,ml,0.1,0.1333,1,1,13,0.2821,0.76,0.4,1.0,1.0,2,4,3,3,0
r_ml_mid,Backend Developer,ml,0.375,0.5,2,2,4,0.3217,1.0,1.0,1.0,1.0,2,2,3,3,0
r_ml_mid,Junior Backend Developer,ml,0.5,0.5,2,0,2,0.2937,1.0,1.0,1.0,1.0,2,1,3,3,0
r_ml_mid,Senior Frontend Engineer,ml,0.0,0.0,0,0,10,0.1623,1.0,1.0,1.0,1.0,2,0,3,3,0
r_ml_mid,Frontend Developer,ml,0.0,0.0,0,0,5,0.2558,1.0,1.0,1.0,1.0,2,0,3,3,0
r_ml_mid,Senior DevOps Engineer,ml,0.0,0.0,0,0,13,0.2058,1.0,1.0,1.0,1.0,2,0,3,3,0
r_ml_mid,DevOps Engineer,ml,0.0,0.0,0,0,5,0.1951,1.0,1.0,1.0,1.0,2,0,3,3,0
r_ml_mid,Senior ML Engineer,ml,0.4909,0.7273,4,1,3,0.4118,0.76,1.0,0.2,1.0,2,0,3,5,1
r_ml_mid,Data Scientist,ml,1.0,1.0,4,0,0,0.5454,1.0,1.0,1.0,1.0,2,0,3,3,1
r_ml_mid,Data Engineer,ml,0.25,0.25,2,0,6,0.4067,1.0,1.0,1.0,1.0,2,0,3,3,0
r_ml_mid,Senior Mobile Developer,ml,0.0,0.0,0,0,10,0.1802,1.0,1.0,1.0,1.0,2,0,3,3,0
r_ml_mid,Full Stack Developer,ml,0.1667,0.2222,1,1,7,0.3039,1.0,1.0,1.0,1.0,2,0,3,3,0
r_data_eng,Senior Backend Engineer,data_eng,0.2333,0.2667,3,1,11,0.408,1.0,1.0,1.0,1.0,4,4,3,3,0
r_data_eng,Backend Developer,data_eng,0.5625,0.625,4,1,3,0.342,1.0,1.0,1.0,1.0,4,2,3,3,0
r_data_eng,Junior Backend Developer,data_eng,0.5,0.5,2,0,2,0.2862,1.0,1.0,1.0,1.0,4,1,3,3,0
r_data_eng,Senior Frontend Engineer,data_eng,0.0,0.0,0,0,10,0.2228,1.0,1.0,1.0,1.0,4,0,3,3,0
r_data_eng,Frontend Developer,data_eng,0.0,0.0,0,0,5,0.25,1.0,1.0,1.0,1.0,4,0,3,3,0
r_data_eng,Senior DevOps Engineer,data_eng,0.1154,0.1538,1,1,11,0.2933,1.0,1.0,1.0,1.0,4,0,3,3,0
r_data_eng,DevOps Engineer,data_eng,0.3,0.4,1,1,3,0.2843,1.0,1.0,1.0,1.0,4,0,3,3,0
r_data_eng,Senior ML Engineer,data_eng,0.1818,0.1818,2,0,9,0.381,0.76,1.0,0.2,1.0,4,0,3,5,0
r_data_eng,Data Scientist,data_eng,0.5,0.5,2,0,2,0.3779,1.0,1.0,1.0,1.0,4,0,3,3,0
r_data_eng,Data Engineer,data_eng,1.0,1.0,8,0,0,0.6269,1.0,1.0,1.0,1.0,4,0,3,3,1
r_data_eng,Senior Mobile Developer,data_eng,0.0,0.0,0,0,10,0.1905,1.0,1.0,1.0,1.0,4,0,3,3,0
r_data_eng,Full Stack Developer,data_eng,0.3333,0.3333,3,0,6,0.3293,1.0,1.0,1.0,1.0,4,0,3,3,0
r_mobile_senior,Senior Backend Engineer,mobile,0.1133,0.1333,1,1,13,0.3,1.0,1.0,1.0,1.0,5,4,3,3,0
r_mobile_senior,Backend Developer,mobile,0.2125,0.25,1,1,6,0.3583,1.0,1.0,1.0,1.0,5,2,3,3,0
r_mobile_senior,Junior Backend Developer,mobile,0.425,0.5,1,1,2,0.3014,1.0,1.0,1.0,1.0,5,1,3,3,0
r_mobile_senior,Senior Frontend Engineer,mobile,0.32,0.4,2,2,6,0.3315,1.0,1.0,1.0,1.0,5,0,3,3,0
r_mobile_senior,Frontend Developer,mobile,0.54,0.6,2,1,2,0.4472,1.0,1.0,1.0,1.0,5,0,3,3,0
r_mobile_senior,Senior DevOps Engineer,mobile,0.0,0.0,0,0,13,0.2483,1.0,1.0,1.0,1.0,5,0,3,3,0
r_mobile_senior,DevOps Engineer,mobile,0.0,0.0,0,0,5,0.2049,1.0,1.0,1.0,1.0,5,0,3,3,0
r_mobile_senior,Senior ML Engineer,mobile,0.0,0.0,0,0,11,0.2435,0.76,1.0,0.2,1.0,5,0,3,5,0
r_mobile_senior,Data Scientist,mobile,0.0,0.0,0,0,4,0.1869,1.0,1.0,1.0,1.0,5,0,3,3,0
r_mobile_senior,Data Engineer,mobile,0.0,0.0,0,0,8,0.1742,1.0,1.0,1.0,1.0,5,0,3,3,0
r_mobile_senior,Senior Mobile Developer,mobile,1.0,1.0,10,0,0,0.7199,1.0,1.0,1.0,1.0,5,0,3,3,1
r_mobile_senior,Full Stack Developer,mobile,0.3,0.3333,2,1,6,0.3749,1.0,1.0,1.0,1.0,5,0,3,3,0
r_chef,Senior Backend Engineer,chef,0.0,0.0,0,0,15,0.2889,0.925,1.0,1.0,0.75,5,4,2,3,0
r_chef,Backend Developer,chef,0.0,0.0,0,0,8,0.2457,0.925,1.0,1.0,0.75,5,2,2,3,0
r_chef,Junior Backend Developer,chef,0.0,0.0,0,0,4,0.2887,0.925,1.0,1.0,0.75,5,1,2,3,0
r_chef,Senior Frontend Engineer,chef,0.0,0.0,0,0,10,0.2717,0.925,1.0,1.0,0.75,5,0,2,3,0
r_chef,Frontend Developer,chef,0.0,0.0,0,0,5,0.2443,0.925,1.0,1.0,0.75,5,0,2,3,0
r_chef,Senior DevOps Engineer,chef,0.0,0.0,0,0,13,0.229,0.925,1.0,1.0,0.75,5,0,2,3,0
r_chef,DevOps Engineer,chef,0.0,0.0,0,0,5,0.1692,0.925,1.0,1.0,0.75,5,0,2,3,0
r_chef,Senior ML Engineer,chef,0.0,0.0,0,0,11,0.2875,0.685,1.0,0.2,0.75,5,0,2,5,0
r_chef,Data Scientist,chef,0.0,0.0,0,0,4,0.1935,0.925,1.0,1.0,0.75,5,0,2,3,0
r_chef,Data Engineer,chef,0.0,0.0,0,0,8,0.1941,0.925,1.0,1.0,0.75,5,0,2,3,0
r_chef,Senior Mobile Developer,chef,0.0,0.0,0,0,10,0.2478,0.925,1.0,1.0,0.75,5,0,2,3,0
r_chef,Full Stack Developer,chef,0.0,0.0,0,0,9,0.1566,0.925,1.0,1.0,0.75,5,0,2,3,0
r_accountant,Senior Backend Engineer,finance,0.0,0.0,0,0,15,0.276,0.925,1.0,1.0,0.75,4,4,3,3,0
r_accountant,Backend Developer,finance,0.0,0.0,0,0,8,0.2575,0.925,1.0,1.0,0.75,4,2,3,3,0
r_accountant,Junior Backend Developer,finance,0.0,0.0,0,0,4,0.3386,0.925,1.0,1.0,0.75,4,1,3,3,0
r_accountant,Senior Frontend Engineer,finance,0.0,0.0,0,0,10,0.2336,0.925,1.0,1.0,0.75,4,0,3,3,0
r_accountant,Frontend Developer,finance,0.0,0.0,0,0,5,0.2717,0.925,1.0,1.0,0.75,4,0,3,3,0
r_accountant,Senior DevOps Engineer,finance,0.0,0.0,0,0,13,0.2151,0.925,1.0,1.0,0.75,4,0,3,3,0
r_accountant,DevOps Engineer,finance,0.0,0.0,0,0,5,0.1696,0.925,1.0,1.0,0.75,4,0,3,3,0
r_accountant,Senior ML Engineer,finance,0.0,0.0,0,0,11,0.2116,0.685,1.0,0.2,0.75,4,0,3,5,0
r_accountant,Data Scientist,finance,0.0,0.0,0,0,4,0.2544,0.925,1.0,1.0,0.75,4,0,3,3,0
r_accountant,Data Engineer,finance,0.0,0.0,0,0,8,0.245,0.925,1.0,1.0,0.75,4,0,3,3,0
r_accountant,Senior Mobile Developer,finance,0.0,0.0,0,0,10,0.239,0.925,1.0,1.0,0.75,4,0,3,3,0
r_accountant,Full Stack Developer,finance,0.0,0.0,0,0,9,0.2032,0.925,1.0,1.0,0.75,4,0,3,3,0
r_junior_backend_1,jd_senior_backend_5yr,backend,0.7667,0.8333,8,2,2,0.6864,0.88,1.0,0.6,1.0,1,0,3,4,0
r_junior_backend_1,jd_senior_backend_7yr,backend,0.6833,0.75,7,2,3,0.6085,0.88,1.0,0.6,1.0,1,0,3,4,0
r_junior_backend_1,jd_lead_backend_8yr,backend,0.6833,0.75,7,2,3,0.6014,1.0,1.0,1.0,1.0,1,0,3,3,0
r_junior_backend_2,jd_senior_backend_5yr,backend,0.625,0.6667,7,1,4,0.6474,0.88,1.0,0.6,1.0,1,0,3,4,0
r_junior_backend_2,jd_senior_backend_7yr,backend,0.5417,0.5833,6,1,5,0.5747,0.88,1.0,0.6,1.0,1,0,3,4,0
r_junior_backend_2,jd_lead_backend_8yr,backend,0.5417,0.5833,6,1,5,0.6195,1.0,1.0,1.0,1.0,1,0,3,3,0
r_junior_ml_1,jd_senior_ml_5yr,ml,0.6286,1.0,2,5,0,0.553,0.76,1.0,0.2,1.0,1,0,3,5,0
r_junior_ml_1,jd_staff_ml_7yr,ml,0.4571,0.7143,2,3,2,0.4786,0.76,1.0,0.2,1.0,1,0,3,5,0
r_junior_frontend_1,jd_senior_frontend_5yr,frontend,0.8333,0.8333,5,0,1,0.7355,1.0,1.0,1.0,1.0,1,0,3,3,0
r_junior_devops_1,jd_senior_devops_6yr,devops,0.7667,0.8333,8,2,2,0.6808,1.0,1.0,1.0,1.0,1,0,3,3,0
r_junior_devops_1,jd_senior_devops_5yr,devops,0.9625,1.0,7,1,0,0.7842,1.0,1.0,1.0,1.0,1,0,3,3,0
paired_0,jd_0_Senior_Software_Engi,real,1.0,1.0,2,0,0,0.3614,0.925,1.0,1.0,0.75,6.5,1,2,3,1
paired_1,jd_1_Machine_Learning_(ML,real,1.0,1.0,8,0,0,0.68,0.685,1.0,0.2,0.75,6.7,5,2,4,1
paired_3,jd_3_Business_Development,real,1.0,1.0,1,0,0,0.5135,0.925,1.0,1.0,0.75,13.8,0,2,3,1
paired_5,jd_5_AI_Engineer,real,0.7,0.8889,5,2,1,0.4731,0.685,1.0,0.2,0.75,19.3,0,2,4,1
paired_10,jd_10_Mechanical_Designer,real,0.0,0.0,0,0,0,0.3555,1.0,1.0,1.0,1.0,34.3,5,2,3,1
paired_15,jd_15_Database_Administrat,real,0.7727,0.9091,7,2,1,0.6404,0.925,1.0,1.0,0.75,5.9,1,2,3,1
paired_16,jd_16_System_Administrator,real,0.6667,0.6667,2,0,1,0.6806,0.925,1.0,1.0,0.75,12.9,0,2,3,1
paired_21,jd_21_Network_Support_Engi,real,1.0,1.0,1,0,0,0.6158,0.925,1.0,1.0,0.75,28.0,3,2,3,1
paired_23,jd_23_Intern_(Generative_A,real,1.0,1.0,3,0,0,0.5046,0.925,1.0,1.0,0.75,0.0,0,2,3,1
paired_26,jd_26_Sr.Officer_/_Executi,real,0.0,0.0,0,0,0,0.5074,0.925,1.0,1.0,0.75,6.5,0,4,4,1
paired_28,jd_28_Machine_Learning_(ML,real,1.0,1.0,8,0,0,0.6738,0.685,1.0,0.2,0.75,31.5,5,2,4,1
paired_29,jd_29_AI_Engineer,real,0.7778,0.8889,6,2,1,0.6872,0.685,1.0,0.2,0.75,5.9,0,2,4,1
paired_31,jd_31_DevOps_Engineer,real,0.42,0.5,3,2,5,0.5751,0.805,0.7,1.0,0.75,2.0,3,2,3,1
paired_32,jd_32_Executive/_Senior_Ex,real,0.0,0.0,0,0,0,0.3519,0.76,1.0,0.2,1.0,33.2,3,2,4,1
paired_34,jd_34_Executive/_Sr._Execu,real,1.0,1.0,1,0,0,0.5369,0.925,1.0,1.0,0.75,18.5,0,5,3,1
paired_35,jd_35_System_Administrator,real,0.6667,0.6667,2,0,1,0.613,0.925,1.0,1.0,0.75,7.4,0,2,3,1
paired_36,jd_36_AI_Engineer,real,0.6556,0.7778,5,2,2,0.3853,0.925,1.0,1.0,0.75,0.8,0,4,4,1
paired_38,jd_38_Data_Engineer,real,0.5714,0.5714,4,0,3,0.7438,0.925,1.0,1.0,0.75,1.4,0,2,3,1
paired_40,jd_40_Management_Trainee_-,real,0.0,0.0,0,0,1,0.6108,1.0,1.0,1.0,1.0,0.0,0,2,3,1
paired_41,jd_41_Executive/_Sr._Execu,real,1.0,1.0,1,0,0,0.4194,1.0,1.0,1.0,1.0,0.0,0,4,3,1
paired_43,jd_43_Full_Stack_Developer,real,0.9842,1.0,18,1,0,0.7106,1.0,1.0,1.0,1.0,16.3,0,2,3,1
paired_44,jd_44_Mechanical_Engineer,real,0.0,0.0,0,0,0,0.5675,1.0,1.0,1.0,1.0,3.0,0,2,3,1
paired_45,jd_45_Data_Engineer,real,0.5714,0.5714,4,0,3,0.755,1.0,1.0,1.0,1.0,2.3,0,2,3,1
paired_46,jd_46_Data_Engineer,real,0.5714,0.5714,4,0,3,0.6604,0.925,1.0,1.0,0.75,0.0,0,2,3,1
paired_51,jd_51_Asst._Manager/_Mange,real,1.0,1.0,1,0,0,0.4733,0.925,1.0,1.0,0.75,14.9,5,2,3,1
paired_53,jd_53_Senior_iOS_Engineer,real,0.75,1.0,2,2,0,0.7219,1.0,1.0,1.0,1.0,8.5,4,2,3,1
paired_54,jd_54_DevOps_Engineer,real,0.37,0.4,3,1,6,0.5855,0.925,1.0,1.0,0.75,4.5,3,2,3,1
paired_55,jd_55_Data_Science_Enginee,real,0.2857,0.2857,2,0,5,0.6553,0.925,1.0,1.0,0.75,7.9,2,2,3,1
paired_57,jd_57_Senior_iOS_Engineer,real,0.75,1.0,2,2,0,0.6543,0.725,0.5,1.0,0.75,0.0,4,2,3,1
paired_58,jd_58_Executive/_Senior_Ex,real,0.0,0.0,0,0,0,0.6766,0.685,1.0,0.2,0.75,13.7,3,2,4,1
paired_59,jd_59_Executive_-_VAT,real,0.0,0.0,0,0,0,0.6372,0.925,1.0,1.0,0.75,0.0,0,2,3,1
paired_63,jd_63_AI_Engineer,real,0.6444,0.7778,5,1,2,0.4937,0.685,1.0,0.2,0.75,25.5,0,2,4,1
paired_64,jd_64_Network_Support_Engi,real,1.0,1.0,1,0,0,0.5402,0.565,0.1,1.0,0.75,0.5,3,2,3,1
paired_65,jd_65_Senior_iOS_Engineer,real,0.75,1.0,2,2,0,0.7486,1.0,1.0,1.0,1.0,22.0,4,2,3,1
paired_69,jd_69_Intern_(Generative_A,real,1.0,1.0,3,0,0,0.5401,1.0,1.0,1.0,1.0,0.0,0,2,3,1
paired_72,jd_72_Full_Stack_Developer,real,0.9842,1.0,18,1,0,0.8101,0.925,1.0,1.0,0.75,7.1,0,3,3,1
paired_73,jd_73_Executive/_Sr._Execu,real,1.0,1.0,1,0,0,0.412,0.925,1.0,1.0,0.75,5.8,0,2,3,1
paired_75,jd_75_Machine_Learning_(ML,real,1.0,1.0,8,0,0,0.7348,0.685,1.0,0.2,0.75,19.2,5,2,4,1
paired_76,jd_76_Machine_Learning_(ML,real,1.0,1.0,8,0,0,0.7478,0.325,0.1,0.2,0.75,0.2,5,2,4,1
paired_77,jd_77_Data_Science_Enginee,real,0.2857,0.2857,2,0,5,0.4602,0.925,1.0,1.0,0.75,16.0,2,2,3,1
paired_79,jd_79_Asst._Manager/_Mange,real,1.0,1.0,1,0,0,0.4352,0.925,1.0,1.0,0.75,5.8,5,4,3,1
paired_80,jd_80_Asst._Manager/_Mange,real,1.0,1.0,1,0,0,0.4453,0.925,1.0,1.0,0.75,14.3,5,4,3,1
paired_81,jd_81_Data_Science_Enginee,real,0.4286,0.4286,3,0,4,0.6511,0.725,0.5,1.0,0.75,0.0,2,2,3,1
paired_82,jd_82_Executive/_Senior_Ex,real,0.0,0.0,0,0,0,0.375,0.685,1.0,0.2,0.75,3.7,3,2,4,1
paired_86,jd_86_Head_of_Internal_Con,real,0.0,0.0,0,0,0,0.6859,0.685,1.0,0.2,0.75,22.0,15,2,4,1
paired_89,jd_89_DevOps_Engineer,real,0.42,0.5,3,2,5,0.5944,0.925,1.0,1.0,0.75,14.3,3,2,3,1
paired_93,jd_93_Full_Stack_Developer,real,0.9842,1.0,18,1,0,0.8281,0.925,1.0,1.0,0.75,0.4,0,2,3,1
paired_94,jd_94_Full_Stack_Developer,real,0.9842,1.0,18,1,0,0.8417,0.925,1.0,1.0,0.75,6.7,0,2,3,1
paired_95,jd_95_Intern_(Generative_A,real,1.0,1.0,3,0,0,0.6094,1.0,1.0,1.0,1.0,42.3,0,2,3,1
paired_96,jd_96_Project_Coordinator_,real,1.0,1.0,2,0,0,0.5717,1.0,1.0,1.0,1.0,8.5,0,2,3,1
paired_97,jd_97_Network_Support_Engi,real,1.0,1.0,1,0,0,0.5128,1.0,1.0,1.0,1.0,7.0,3,2,3,1
paired_99,jd_99_Full_Stack_Developer,real,0.9842,1.0,18,1,0,0.7703,1.0,1.0,1.0,1.0,34.3,0,2,3,1
paired_104,jd_104_Executive/_Senior_Ex,real,0.0,0.0,0,0,0,0.4558,0.685,1.0,0.2,0.75,27.2,3,2,4,1
paired_105,jd_105_Sr.Officer_/_Executi,real,0.0,0.0,0,0,0,0.4894,0.76,1.0,0.2,1.0,34.3,0,2,4,1
paired_106,jd_106_Executive/_Senior_Ex,real,0.0,0.0,0,0,0,0.452,0.685,1.0,0.2,0.75,6.2,3,2,4,1
paired_112,jd_112_Senior_iOS_Engineer,real,0.75,1.0,2,2,0,0.631,0.76,0.4,1.0,1.0,2.0,4,2,3,1
paired_114,jd_114_AI_Engineer,real,0.6444,0.7778,5,1,2,0.4655,0.685,1.0,0.2,0.75,13.8,0,2,4,1
paired_115,jd_115_HR_Officer,real,1.0,1.0,1,0,0,0.4407,1.0,1.0,1.0,1.0,24.9,0,2,3,1
paired_117,jd_117_Machine_Learning_(ML,real,1.0,1.0,8,0,0,0.7342,0.725,0.5,1.0,0.75,0.0,5,5,4,1
paired_120,jd_120_Machine_Learning_(ML,real,1.0,1.0,8,0,0,0.7462,0.685,1.0,0.2,0.75,11.3,5,2,4,1
paired_121,jd_121_Database_Administrat,real,0.6455,0.9091,5,3,1,0.6975,0.925,1.0,1.0,0.75,13.9,1,2,3,1
paired_122,jd_122_Senior_iOS_Engineer,real,0.75,1.0,2,2,0,0.4905,1.0,1.0,1.0,1.0,34.3,4,2,3,1
paired_123,jd_123_System_Administrator,real,0.6667,0.6667,2,0,1,0.5919,0.925,1.0,1.0,0.75,1.2,0,2,3,1
paired_124,jd_124_Executive/_Senior_Ex,real,0.0,0.0,0,0,0,0.6955,0.685,1.0,0.2,0.75,32.9,3,2,4,1
paired_125,jd_125_Senior_iOS_Engineer,real,0.75,1.0,2,2,0,0.5792,0.925,1.0,1.0,0.75,6.4,4,2,3,1
paired_126,jd_126_Intern_(Generative_A,real,1.0,1.0,3,0,0,0.5952,0.925,1.0,1.0,0.75,6.5,0,4,3,1
paired_130,jd_130_Marketing_Officer,real,1.0,1.0,2,0,0,0.6359,0.925,1.0,1.0,0.75,14.9,1,2,3,1
paired_132,jd_132_Executive/_Sr._Execu,real,1.0,1.0,1,0,0,0.6063,0.925,1.0,1.0,0.75,16.2,0,2,3,1
paired_133,jd_133_Executive_-_VAT,real,0.0,0.0,0,0,0,0.7676,0.925,1.0,1.0,0.75,27.0,0,2,3,1
paired_134,jd_134_Head_of_Internal_Con,real,0.0,0.0,0,0,0,0.56,0.685,1.0,0.2,0.75,20.8,15,2,4,1
paired_136,jd_136_Sr.Officer_/_Executi,real,0.0,0.0,0,0,0,0.4343,0.685,1.0,0.2,0.75,13.7,0,2,4,1
paired_138,jd_138_Senior_Software_Engi,real,1.0,1.0,2,0,0,0.6126,0.925,1.0,1.0,0.75,5.9,1,2,3,1
paired_141,jd_141_Senior_iOS_Engineer,real,0.75,1.0,2,2,0,0.579,0.565,0.1,1.0,0.75,0.6,4,2,3,1
paired_143,jd_143_Network_Support_Engi,real,1.0,1.0,1,0,0,0.6846,0.925,1.0,1.0,0.75,19.0,3,2,3,1
paired_144,jd_144_Machine_Learning_(ML,real,1.0,1.0,8,0,0,0.6727,0.685,1.0,0.2,0.75,6.2,5,2,4,1
paired_145,jd_145_Data_Engineer,real,0.9571,1.0,6,1,0,0.7346,0.925,1.0,1.0,0.75,8.3,0,4,3,1
paired_148,jd_148_Executive/_Sr._Execu,real,1.0,1.0,1,0,0,0.6532,1.0,1.0,1.0,1.0,34.9,0,4,3,1
paired_150,jd_150_Site_Engineer,real,0.6667,0.6667,2,0,1,0.5022,1.0,1.0,1.0,1.0,12.9,0,2,3,1
paired_158,jd_158_Executive/_Sr._Execu,real,1.0,1.0,1,0,0,0.6345,1.0,1.0,1.0,1.0,2.3,0,2,3,1
paired_159,jd_159_Head_of_Internal_Con,real,0.0,0.0,0,0,0,0.746,0.325,0.1,0.2,0.75,5.9,15,2,4,1
paired_160,jd_160_Civil_Engineer,real,0.0,0.0,0,0,0,0.5317,0.565,0.1,1.0,0.75,1.5,5,2,3,1
paired_161,jd_161_System_Administrator,real,0.6667,0.6667,2,0,1,0.6548,0.925,1.0,1.0,0.75,13.8,0,2,3,1
paired_162,jd_162_Machine_Learning_(ML,real,1.0,1.0,8,0,0,0.677,0.685,1.0,0.2,0.75,19.9,5,2,4,1
paired_163,jd_163_Senior_iOS_Engineer,real,0.75,1.0,2,2,0,0.6643,0.725,0.5,1.0,0.75,0.0,4,4,3,1
paired_164,jd_164_Senior_Software_Engi,real,1.0,1.0,2,0,0,0.5967,0.925,1.0,1.0,0.75,11.3,1,2,3,1
paired_167,jd_167_Site_Engineer,real,0.6667,0.6667,2,0,1,0.6623,1.0,1.0,1.0,1.0,2.3,0,2,3,1
paired_168,jd_168_Data_Science_Enginee,real,0.2857,0.2857,2,0,5,0.6503,0.925,1.0,1.0,0.75,7.3,2,2,3,1
paired_171,jd_171_Senior_Software_Engi,real,1.0,1.0,2,0,0,0.4664,0.925,1.0,1.0,0.75,6.1,1,2,3,1
paired_172,jd_172_Executive/_Sr._Execu,real,1.0,1.0,1,0,0,0.6475,0.925,1.0,1.0,0.75,5.0,0,2,3,1
paired_176,jd_176_Network_Support_Engi,real,1.0,1.0,1,0,0,0.6322,0.925,1.0,1.0,0.75,10.9,3,2,3,1
paired_179,jd_179_Intern_(Generative_A,real,1.0,1.0,3,0,0,0.4791,1.0,1.0,1.0,1.0,7.2,0,2,3,1
paired_180,jd_180_Network_Support_Engi,real,1.0,1.0,1,0,0,0.5185,0.725,0.5,1.0,0.75,0.0,3,2,3,1
paired_182,jd_182_Asst._Manager/_Mange,real,1.0,1.0,1,0,0,0.2396,1.0,1.0,1.0,1.0,20.9,5,2,3,1
paired_186,jd_186_Asst._Manager/_Mange,real,1.0,1.0,1,0,0,0.6107,0.925,1.0,1.0,0.75,52.1,5,2,3,1
paired_192,jd_192_Machine_Learning_(ML,real,1.0,1.0,8,0,0,0.2446,0.685,1.0,0.2,0.75,12.9,5,2,4,1
paired_195,jd_195_Intern_(Generative_A,real,1.0,1.0,3,0,0,0.6107,0.925,1.0,1.0,0.75,16.2,0,2,3,1
paired_196,jd_196_AI_Engineer,real,0.6667,0.7778,5,2,2,0.6525,0.685,1.0,0.2,0.75,2.4,0,2,4,1
paired_200,jd_200_Network_Support_Engi,real,1.0,1.0,1,0,0,0.7033,0.925,1.0,1.0,0.75,19.7,3,2,3,1
paired_201,jd_201_Database_Administrat,real,0.6455,0.9091,5,3,1,0.5952,0.925,1.0,1.0,0.75,41.0,1,2,3,1
paired_205,jd_205_Senior_iOS_Engineer,real,0.75,1.0,2,2,0,0.6471,0.925,1.0,1.0,0.75,4.9,4,2,3,1
paired_206,jd_206_Senior_Software_Engi,real,1.0,1.0,2,0,0,0.5256,0.565,0.1,1.0,0.75,0.4,1,2,3,1
paired_207,jd_207_Management_Trainee_-,real,0.0,0.0,0,0,1,0.4556,1.0,1.0,1.0,1.0,3.7,0,2,3,1
paired_212,jd_212_AI_Engineer,real,0.7667,0.8889,6,2,1,0.6495,0.685,1.0,0.2,0.75,6.8,0,2,4,1
paired_213,jd_213_Network_Support_Engi,real,1.0,1.0,1,0,0,0.7837,0.925,1.0,1.0,0.75,7.2,3,2,3,1
paired_215,jd_215_Database_Administrat,real,0.6455,0.9091,5,3,1,0.516,0.925,1.0,1.0,0.75,15.0,1,2,3,1
paired_217,jd_217_Senior_iOS_Engineer,real,0.75,1.0,2,2,0,0.592,0.925,1.0,1.0,0.75,35.9,4,2,3,1
paired_218,jd_218_Database_Administrat,real,0.6455,0.9091,5,3,1,0.6889,0.925,1.0,1.0,0.75,19.7,1,2,3,1
paired_219,jd_219_Manager-_Human_Resou,real,1.0,1.0,1,0,0,0.523,0.685,1.0,0.2,0.75,6.0,0,2,4,1
paired_220,jd_220_Senior_iOS_Engineer,real,0.75,1.0,2,2,0,0.548,0.925,1.0,1.0,0.75,20.5,4,2,3,1
paired_222,jd_222_Network_Support_Engi,real,1.0,1.0,1,0,0,0.5873,0.725,0.5,1.0,0.75,0.0,3,2,3,1
paired_223,jd_223_Network_Support_Engi,real,1.0,1.0,1,0,0,0.6358,1.0,1.0,1.0,1.0,7.1,3,2,3,1
paired_234,jd_234_Network_Support_Engi,real,1.0,1.0,1,0,0,0.6319,0.725,0.5,1.0,0.75,0.0,3,2,3,1
paired_237,jd_237_Executive/_Senior_Ex,real,0.0,0.0,0,0,0,0.4159,0.685,1.0,0.2,0.75,6.9,3,2,4,1
paired_238,jd_238_Head_of_Internal_Con,real,0.0,0.0,0,0,0,0.5726,0.685,1.0,0.2,0.75,18.0,15,2,4,1
paired_244,jd_244_Full_Stack_Developer,real,0.9842,1.0,18,1,0,0.823,0.925,1.0,1.0,0.75,0.2,0,2,3,1
paired_246,jd_246_Head_of_Internal_Con,real,0.0,0.0,0,0,0,0.3538,0.325,0.1,0.2,0.75,10.0,15,2,4,1
paired_250,jd_250_Manager-_Human_Resou,real,1.0,1.0,1,0,0,0.4712,0.76,1.0,0.2,1.0,3.0,0,2,4,1
paired_251,jd_251_Senior_Software_Engi,real,1.0,1.0,2,0,0,0.45,0.925,1.0,1.0,0.75,7.8,1,2,3,1
paired_252,jd_252_Executive/_Senior_Ex,real,0.0,0.0,0,0,0,0.5855,0.325,0.1,0.2,0.75,1.5,3,2,4,1
paired_254,jd_254_Executive/_Sr._Execu,real,1.0,1.0,1,0,0,0.3633,0.925,1.0,1.0,0.75,3.7,0,2,3,1
paired_256,jd_256_Data_Science_Enginee,real,0.4286,0.4286,3,0,4,0.6457,0.925,1.0,1.0,0.75,6.8,2,2,3,1
paired_258,jd_258_Machine_Learning_(ML,real,1.0,1.0,8,0,0,0.7348,0.88,1.0,0.6,1.0,5.9,5,3,4,1
paired_262,jd_262_Manager-_Human_Resou,real,1.0,1.0,1,0,0,0.4536,0.685,1.0,0.2,0.75,0.0,0,2,4,1
paired_264,jd_264_Executive_-_VAT,real,0.0,0.0,0,0,0,0.5749,0.925,1.0,1.0,0.75,19.0,0,2,3,1
paired_268,jd_268_Executive/_Senior_Ex,real,0.0,0.0,0,0,0,0.511,0.685,1.0,0.2,0.75,8.0,3,2,4,1
paired_271,jd_271_Asst._Manager/_Mange,real,1.0,1.0,1,0,0,0.4908,0.925,1.0,1.0,0.75,20.5,5,2,3,1
paired_274,jd_274_Database_Administrat,real,0.6455,0.9091,5,3,1,0.4906,0.925,1.0,1.0,0.75,7.3,1,2,3,1
paired_277,jd_277_Network_Support_Engi,real,1.0,1.0,1,0,0,0.4727,0.925,1.0,1.0,0.75,7.2,3,2,3,1
paired_279,jd_279_Machine_Learning_(ML,real,1.0,1.0,8,0,0,0.7945,0.325,0.1,0.2,0.75,0.4,5,2,4,1
paired_280,jd_280_Executive/_Senior_Ex,real,0.0,0.0,0,0,0,0.3137,0.685,1.0,0.2,0.75,6.5,3,2,4,1
paired_281,jd_281_Data_Science_Enginee,real,0.4286,0.4286,3,0,4,0.6428,1.0,1.0,1.0,1.0,2.6,2,2,3,1
paired_282,jd_282_System_Administrator,real,0.6667,0.6667,2,0,1,0.648,0.925,1.0,1.0,0.75,3.2,0,2,3,1
paired_284,jd_284_Data_Science_Enginee,real,0.4286,0.4286,3,0,4,0.4284,1.0,1.0,1.0,1.0,27.9,2,2,3,1
paired_288,jd_288_Sr.Officer_/_Executi,real,0.0,0.0,0,0,0,0.4657,0.685,1.0,0.2,0.75,6.6,0,2,4,1
paired_290,jd_290_Data_Science_Enginee,real,0.4286,0.4286,3,0,4,0.59,0.925,1.0,1.0,0.75,14.3,2,2,3,1
paired_292,jd_292_Full_Stack_Developer,real,0.9842,1.0,18,1,0,0.7298,0.925,1.0,1.0,0.75,0.8,0,4,3,1
paired_295,jd_295_Full_Stack_Developer,real,0.9842,1.0,18,1,0,0.8427,0.925,1.0,1.0,0.75,32.9,0,2,3,1
paired_296,jd_296_Business_Development,real,1.0,1.0,1,0,0,0.4851,0.925,1.0,1.0,0.75,0.0,0,2,3,1
paired_298,jd_298_System_Administrator,real,1.0,1.0,3,0,0,0.6064,0.925,1.0,1.0,0.75,40.0,0,2,3,1
paired_299,jd_299_AI_Engineer,real,0.6444,0.7778,5,1,2,0.5535,0.685,1.0,0.2,0.75,4.0,0,2,4,1
paired_302,jd_302_Database_Administrat,real,0.7727,0.9091,7,2,1,0.6978,0.925,1.0,1.0,0.75,6.9,1,2,3,1
paired_303,jd_303_Project_Coordinator_,real,1.0,1.0,2,0,0,0.6068,1.0,1.0,1.0,1.0,3.2,0,2,3,1
paired_305,jd_305_Executive_-_VAT,real,0.0,0.0,0,0,0,0.6532,0.925,1.0,1.0,0.75,13.8,0,2,3,1
paired_309,jd_309_Data_Engineer,real,0.5714,0.5714,4,0,3,0.62,1.0,1.0,1.0,1.0,0.4,0,2,3,1
paired_311,jd_311_Database_Administrat,real,0.7364,1.0,6,3,0,0.3593,1.0,1.0,1.0,1.0,33.2,1,2,3,1
paired_312,jd_312_Senior_Software_Engi,real,1.0,1.0,2,0,0,0.562,1.0,1.0,1.0,1.0,25.7,1,2,3,1
paired_314,jd_314_Network_Support_Engi,real,1.0,1.0,1,0,0,0.6804,0.925,1.0,1.0,0.75,8.3,3,2,3,1
paired_315,jd_315_Business_Development,real,1.0,1.0,1,0,0,0.5564,0.925,1.0,1.0,0.75,21.9,0,4,3,1
paired_318,jd_318_Database_Administrat,real,0.6455,0.9091,5,3,1,0.6936,0.925,1.0,1.0,0.75,14.9,1,2,3,1
paired_321,jd_321_Executive/_Sr._Execu,real,1.0,1.0,1,0,0,0.546,0.925,1.0,1.0,0.75,13.8,0,2,3,1
paired_324,jd_324_System_Administrator,real,0.6667,0.6667,2,0,1,0.5576,1.0,1.0,1.0,1.0,16.2,0,2,3,1
paired_325,jd_325_Executive/_Sr._Execu,real,1.0,1.0,1,0,0,0.3158,1.0,1.0,1.0,1.0,33.2,0,2,3,1
paired_326,jd_326_Asst._Manager/_Mange,real,1.0,1.0,1,0,0,0.5277,0.925,1.0,1.0,0.75,6.1,5,2,3,1
paired_330,jd_330_Mechanical_Engineer,real,0.0,0.0,0,0,0,0.5313,0.925,1.0,1.0,0.75,19.2,0,2,3,1
paired_334,jd_334_Asst._Manager/_Mange,real,1.0,1.0,1,0,0,0.5363,0.925,1.0,1.0,0.75,18.3,5,2,3,1
paired_336,jd_336_Database_Administrat,real,0.6455,0.9091,5,3,1,0.645,0.925,1.0,1.0,0.75,6.5,1,2,3,1
paired_337,jd_337_AI_Engineer,real,0.6444,0.7778,5,1,2,0.4031,0.685,1.0,0.2,0.75,31.9,0,2,4,1
paired_339,jd_339_Business_Development,real,1.0,1.0,1,0,0,0.6174,0.925,1.0,1.0,0.75,18.0,0,2,3,1
paired_341,jd_341_Asst._Manager/_Mange,real,1.0,1.0,1,0,0,0.3511,0.925,1.0,1.0,0.75,10.0,5,2,3,1
paired_342,jd_342_Manager-_Human_Resou,real,1.0,1.0,1,0,0,0.4964,0.685,1.0,0.2,0.75,11.3,0,2,4,1
paired_343,jd_343_AI_Engineer,real,0.7556,0.8889,6,1,1,0.6274,0.685,1.0,0.2,0.75,4.5,0,2,4,1
paired_344,jd_344_AI_Engineer,real,0.9444,1.0,8,1,0,0.6872,0.685,1.0,0.2,0.75,0.2,0,2,4,1
paired_345,jd_345_Network_Support_Engi,real,1.0,1.0,1,0,0,0.6792,0.925,1.0,1.0,0.75,35.9,3,2,3,1
paired_346,jd_346_Manager-_Human_Resou,real,1.0,1.0,1,0,0,0.478,0.685,1.0,0.2,0.75,13.8,0,2,4,1
paired_350,jd_350_Machine_Learning_(ML,real,1.0,1.0,8,0,0,0.75,0.685,1.0,0.2,0.75,18.0,5,2,4,1
paired_351,jd_351_Head_of_Internal_Con,real,0.0,0.0,0,0,0,0.3561,0.685,1.0,0.2,0.75,35.8,15,2,4,1
paired_352,jd_352_Full_Stack_Developer,real,0.9842,1.0,18,1,0,0.78,0.925,1.0,1.0,0.75,6.8,0,2,3,1
paired_354,jd_354_Head_of_Internal_Con,real,0.0,0.0,0,0,0,0.5562,0.325,0.1,0.2,0.75,8.0,15,2,4,1
paired_355,jd_355_Machine_Learning_(ML,real,1.0,1.0,8,0,0,0.7714,0.76,1.0,0.2,1.0,31.5,5,2,4,1
paired_356,jd_356_Senior_Software_Engi,real,1.0,1.0,2,0,0,0.3968,1.0,1.0,1.0,1.0,5.9,1,3,3,1
paired_358,jd_358_Data_Engineer,real,0.5714,0.5714,4,0,3,0.7231,0.925,1.0,1.0,0.75,0.5,0,2,3,1
paired_359,jd_359_Database_Administrat,real,0.6455,0.9091,5,3,1,0.6135,0.925,1.0,1.0,0.75,18.3,1,2,3,1
paired_366,jd_366_Executive_-_VAT,real,0.0,0.0,0,0,0,0.3187,1.0,1.0,1.0,1.0,33.2,0,2,3,1
paired_368,jd_368_Intern_(Generative_A,real,1.0,1.0,3,0,0,0.3629,1.0,1.0,1.0,1.0,34.3,0,2,3,1
paired_370,jd_370_AI_Engineer,real,0.7778,0.8889,6,2,1,0.5969,0.76,1.0,0.2,1.0,6.3,0,2,4,1
paired_371,jd_371_Manager-_Human_Resou,real,1.0,1.0,1,0,0,0.6212,0.685,1.0,0.2,0.75,22.8,0,2,4,1
paired_374,jd_374_Mechanical_Engineer,real,0.0,0.0,0,0,0,0.627,0.925,1.0,1.0,0.75,5.2,0,2,3,1
paired_377,jd_377_Senior_iOS_Engineer,real,0.75,1.0,2,2,0,0.7226,0.565,0.1,1.0,0.75,0.4,4,2,3,1
paired_378,jd_378_Senior_Software_Engi,real,1.0,1.0,2,0,0,0.4207,0.565,0.1,1.0,0.75,0.8,1,4,3,1
paired_379,jd_379_Executive_-_VAT,real,0.0,0.0,0,0,0,0.6668,1.0,1.0,1.0,1.0,34.3,0,2,3,1
paired_380,jd_380_Intern_(Generative_A,real,1.0,1.0,3,0,0,0.4931,1.0,1.0,1.0,1.0,8.5,0,2,3,1
paired_382,jd_382_AI_Engineer,real,0.6444,0.7778,5,1,2,0.426,0.685,1.0,0.2,0.75,14.1,0,2,4,1
paired_385,jd_385_Senior_iOS_Engineer,real,0.75,1.0,2,2,0,0.7225,0.925,1.0,1.0,0.75,19.9,4,2,3,1
paired_386,jd_386_Site_Engineer,real,1.0,1.0,3,0,0,0.6359,1.0,1.0,1.0,1.0,15.3,0,2,3,1
paired_387,jd_387_System_Administrator,real,0.6667,0.6667,2,0,1,0.5981,1.0,1.0,1.0,1.0,3.8,0,4,3,1
paired_389,jd_389_Machine_Learning_(ML,real,1.0,1.0,8,0,0,0.6843,0.76,1.0,0.2,1.0,7.3,5,2,4,1
paired_390,jd_390_Intern_(Generative_A,real,1.0,1.0,3,0,0,0.4897,0.925,1.0,1.0,0.75,7.3,0,2,3,1
paired_397,jd_397_Civil_Engineer,real,0.0,0.0,0,0,0,0.4425,0.565,0.1,1.0,0.75,3.7,5,2,3,1
paired_398,jd_398_Data_Science_Enginee,real,0.2857,0.2857,2,0,5,0.654,1.0,1.0,1.0,1.0,6.3,2,2,3,1
paired_399,jd_399_Executive_-_VAT,real,0.0,0.0,0,0,0,0.7397,0.925,1.0,1.0,0.75,0.0,0,2,3,1
paired_400,jd_400_HR_Officer,real,1.0,1.0,1,0,0,0.4484,0.925,1.0,1.0,0.75,2.1,0,4,3,1
paired_401,jd_401_Data_Engineer,real,0.5714,0.5714,4,0,3,0.5305,0.925,1.0,1.0,0.75,5.0,0,2,3,1
paired_404,jd_404_Management_Trainee_-,real,0.0,0.0,0,0,1,0.5072,1.0,1.0,1.0,1.0,35.5,0,2,3,1
paired_405,jd_405_Database_Administrat,real,0.6455,0.9091,5,3,1,0.6527,0.925,1.0,1.0,0.75,34.0,1,2,3,1
paired_408,jd_408_DevOps_Engineer,real,0.37,0.4,3,1,6,0.4423,1.0,1.0,1.0,1.0,25.4,3,2,3,1
paired_413,jd_413_Full_Stack_Developer,real,0.9842,1.0,18,1,0,0.7626,1.0,1.0,1.0,1.0,0.0,0,4,3,1
paired_414,jd_414_Executive_-_VAT,real,0.0,0.0,0,0,0,0.2166,0.925,1.0,1.0,0.75,12.9,0,2,3,1
paired_415,jd_415_Intern_(Generative_A,real,1.0,1.0,3,0,0,0.5953,0.925,1.0,1.0,0.75,7.2,0,2,3,1
paired_418,jd_418_Asst._Manager/_Mange,real,1.0,1.0,1,0,0,0.3327,0.925,1.0,1.0,0.75,7.2,5,2,3,1
paired_421,jd_421_Senior_Software_Engi,real,1.0,1.0,2,0,0,0.4427,0.565,0.1,1.0,0.75,0.2,1,2,3,1
paired_423,jd_423_Asst._Manager/_Mange,real,1.0,1.0,1,0,0,0.5726,0.925,1.0,1.0,0.75,18.0,5,2,3,1
paired_424,jd_424_Data_Engineer,real,0.6714,0.7143,4,1,2,0.6694,1.0,1.0,1.0,1.0,2.0,0,2,3,1
paired_425,jd_425_Manager-_Human_Resou,real,1.0,1.0,1,0,0,0.5713,0.685,1.0,0.2,0.75,13.7,0,2,4,1
paired_426,jd_426_Network_Support_Engi,real,1.0,1.0,1,0,0,0.7359,0.64,0.1,1.0,1.0,2.6,3,2,3,1
paired_427,jd_427_AI_Engineer,real,0.6444,0.7778,5,1,2,0.5094,0.685,1.0,0.2,0.75,25.8,0,2,4,1
paired_429,jd_429_Mechanical_Designer,real,0.0,0.0,0,0,0,0.4752,0.925,1.0,1.0,0.75,20.5,5,2,3,1
paired_431,jd_431_Database_Administrat,real,0.6455,0.9091,5,3,1,0.6644,0.725,0.5,1.0,0.75,0.0,1,4,3,1
paired_432,jd_432_Senior_iOS_Engineer,real,0.75,1.0,2,2,0,0.5643,1.0,1.0,1.0,1.0,23.9,4,2,3,1
paired_433,jd_433_Management_Trainee_-,real,0.0,0.0,0,0,1,0.5351,1.0,1.0,1.0,1.0,34.5,0,2,3,1
paired_443,jd_443_Executive/_Sr._Execu,real,1.0,1.0,1,0,0,0.5509,0.925,1.0,1.0,0.75,0.4,0,2,3,1
paired_445,jd_445_Sr.Officer_/_Executi,real,0.0,0.0,0,0,0,0.5276,0.685,1.0,0.2,0.75,34.0,0,2,4,1
paired_447,jd_447_Executive/_Senior_Ex,real,0.0,0.0,0,0,0,0.4423,0.325,0.1,0.2,0.75,0.8,3,2,4,1
paired_448,jd_448_Senior_iOS_Engineer,real,0.75,1.0,2,2,0,0.6446,0.925,1.0,1.0,0.75,8.2,4,2,3,1
paired_449,jd_449_DevOps_Engineer,real,0.37,0.4,3,1,6,0.539,1.0,1.0,1.0,1.0,3.0,3,2,3,1
paired_453,jd_453_Network_Support_Engi,real,1.0,1.0,1,0,0,0.5068,0.565,0.1,1.0,0.75,0.3,3,2,3,1
paired_456,jd_456_Database_Administrat,real,0.6455,0.9091,5,3,1,0.6836,0.925,1.0,1.0,0.75,20.0,1,2,3,1
paired_459,jd_459_Executive/_Senior_Ex,real,0.0,0.0,0,0,0,0.4306,0.685,1.0,0.2,0.75,28.0,3,2,4,1
paired_460,jd_460_Database_Administrat,real,0.6455,0.9091,5,3,1,0.5227,0.565,0.1,1.0,0.75,0.8,1,4,3,1
paired_461,jd_461_HR_Officer,real,1.0,1.0,1,0,0,0.6653,0.925,1.0,1.0,0.75,3.2,0,2,3,1
paired_462,jd_462_DevOps_Engineer,real,0.37,0.4,3,1,6,0.6261,0.925,1.0,1.0,0.75,52.1,3,2,3,1
paired_463,jd_463_Machine_Learning_(ML,real,1.0,1.0,8,0,0,0.7006,0.925,1.0,1.0,0.75,26.3,5,4,4,1
paired_465,jd_465_Asst._Manager/_Mange,real,1.0,1.0,1,0,0,0.4769,0.565,0.1,1.0,0.75,2.1,5,4,3,1
paired_468,jd_468_Network_Support_Engi,real,1.0,1.0,1,0,0,0.6179,0.925,1.0,1.0,0.75,16.0,3,2,3,1
paired_469,jd_469_Mechanical_Engineer,real,0.0,0.0,0,0,0,0.2033,0.925,1.0,1.0,0.75,35.8,0,2,3,1
paired_470,jd_470_Network_Support_Engi,real,1.0,1.0,1,0,0,0.7928,0.725,0.5,1.0,0.75,0.0,3,2,3,1
paired_472,jd_472_Senior_iOS_Engineer,real,0.75,1.0,2,2,0,0.6368,0.565,0.1,1.0,0.75,1.0,4,2,3,1
paired_473,jd_473_Management_Trainee_-,real,0.0,0.0,0,0,1,0.4609,1.0,1.0,1.0,1.0,0.3,0,2,3,1
paired_476,jd_476_Machine_Learning_(ML,real,1.0,1.0,8,0,0,0.6735,0.685,1.0,0.2,0.75,6.5,5,2,4,1
paired_477,jd_477_System_Administrator,real,1.0,1.0,3,0,0,0.4681,0.925,1.0,1.0,0.75,8.2,0,2,3,1
paired_478,jd_478_Management_Trainee_-,real,0.0,0.0,0,0,1,0.5984,1.0,1.0,1.0,1.0,41.0,0,2,3,1
paired_483,jd_483_Sr.Officer_/_Executi,real,0.0,0.0,0,0,0,0.5858,0.685,1.0,0.2,0.75,41.0,0,2,4,1
paired_485,jd_485_Manager-_Human_Resou,real,1.0,1.0,1,0,0,0.6182,0.76,1.0,0.2,1.0,24.9,0,2,4,1
paired_487,jd_487_Database_Administrat,real,0.6455,0.9091,5,3,1,0.6128,0.8,0.5,1.0,1.0,0.0,1,4,3,1
paired_495,jd_495_Senior_iOS_Engineer,real,0.75,1.0,2,2,0,0.5418,0.925,1.0,1.0,0.75,5.0,4,2,3,1
paired_496,jd_496_AI_Engineer,real,0.6444,0.7778,5,1,2,0.3916,0.685,1.0,0.2,0.75,23.1,0,2,4,1
paired_497,jd_497_AI_Engineer,real,0.6444,0.7778,5,1,2,0.6364,0.925,1.0,1.0,0.75,0.7,0,4,4,1
paired_498,jd_498_Asst._Manager/_Mange,real,1.0,1.0,1,0,0,0.4955,0.64,0.1,1.0,1.0,2.0,5,2,3,1
paired_499,jd_499_HR_Officer,real,1.0,1.0,1,0,0,0.655,0.925,1.0,1.0,0.75,12.8,0,2,3,1
paired_502,jd_502_Executive/_Sr._Execu,real,1.0,1.0,1,0,0,0.5286,0.925,1.0,1.0,0.75,20.1,0,2,3,1
paired_504,jd_504_Executive/_Senior_Ex,real,0.0,0.0,0,0,0,0.6564,0.685,1.0,0.2,0.75,14.9,3,2,4,1
paired_505,jd_505_Mechanical_Engineer,real,0.0,0.0,0,0,0,0.3147,0.925,1.0,1.0,0.75,18.0,0,2,3,1
paired_506,jd_506_Manager-_Human_Resou,real,1.0,1.0,1,0,0,0.3838,0.685,1.0,0.2,0.75,31.9,0,2,4,1
paired_508,jd_508_System_Administrator,real,0.6667,0.6667,2,0,1,0.6567,1.0,1.0,1.0,1.0,10.0,0,2,3,1
paired_509,jd_509_Project_Coordinator_,real,1.0,1.0,2,0,0,0.652,1.0,1.0,1.0,1.0,33.9,0,2,3,1
paired_511,jd_511_DevOps_Engineer,real,0.37,0.4,3,1,6,0.5425,0.925,1.0,1.0,0.75,21.9,3,4,3,1
paired_512,jd_512_Manager-_Human_Resou,real,1.0,1.0,1,0,0,0.5642,0.685,1.0,0.2,0.75,3.0,0,2,4,1
paired_516,jd_516_AI_Engineer,real,0.6444,0.7778,5,1,2,0.5634,0.685,1.0,0.2,0.75,18.0,0,2,4,1
paired_519,jd_519_Database_Administrat,real,0.6455,0.9091,5,3,1,0.6837,1.0,1.0,1.0,1.0,8.5,1,2,3,1
paired_520,jd_520_Executive/_Sr._Execu,real,1.0,1.0,1,0,0,0.5508,0.925,1.0,1.0,0.75,18.0,0,2,3,1
paired_524,jd_524_Senior_Software_Engi,real,1.0,1.0,2,0,0,0.5165,0.925,1.0,1.0,0.75,6.6,1,2,3,1
paired_525,jd_525_Senior_Software_Engi,real,1.0,1.0,2,0,0,0.5248,0.925,1.0,1.0,0.75,38.8,1,2,3,1
paired_533,jd_533_Full_Stack_Developer,real,0.9842,1.0,18,1,0,0.7654,0.925,1.0,1.0,0.75,7.3,0,2,3,1
paired_536,jd_536_System_Administrator,real,0.6667,0.6667,2,0,1,0.5667,0.925,1.0,1.0,0.75,0.8,0,2,3,1
paired_539,jd_539_Data_Engineer,real,0.7143,0.7143,5,0,2,0.6343,0.925,1.0,1.0,0.75,7.0,0,2,3,1
paired_541,jd_541_Executive_-_VAT,real,0.0,0.0,0,0,0,0.4566,1.0,1.0,1.0,1.0,7.0,0,2,3,1
paired_542,jd_542_Asst._Manager/_Mange,real,1.0,1.0,1,0,0,0.3936,1.0,1.0,1.0,1.0,27.9,5,2,3,1
paired_544,jd_544_Network_Support_Engi,real,1.0,1.0,1,0,0,0.6089,0.925,1.0,1.0,0.75,6.3,3,2,3,1
paired_545,jd_545_Management_Trainee_-,real,0.0,0.0,0,0,1,0.6372,1.0,1.0,1.0,1.0,6.7,0,2,3,1
paired_548,jd_548_HR_Officer,real,1.0,1.0,1,0,0,0.4055,0.925,1.0,1.0,0.75,0.0,0,2,3,1
paired_549,jd_549_Asst._Manager/_Mange,real,1.0,1.0,1,0,0,0.4604,0.925,1.0,1.0,0.75,23.1,5,2,3,1
paired_550,jd_550_Intern_(Generative_A,real,1.0,1.0,3,0,0,0.3992,0.925,1.0,1.0,0.75,19.3,0,2,3,1
paired_552,jd_552_Executive/_Senior_Ex,real,0.0,0.0,0,0,0,0.7504,0.685,1.0,0.2,0.75,27.0,3,2,4,1
paired_553,jd_553_Data_Engineer,real,0.5714,0.5714,4,0,3,0.6968,0.85,1.0,1.0,0.5,1.6,0,5,3,1
paired_558,jd_558_Manager-_Human_Resou,real,1.0,1.0,1,0,0,0.5017,0.685,1.0,0.2,0.75,1.5,0,2,4,1
paired_561,jd_561_AI_Engineer,real,0.8667,1.0,7,1,0,0.5201,0.925,1.0,1.0,0.75,2.1,0,4,4,1
paired_565,jd_565_Machine_Learning_(ML,real,1.0,1.0,8,0,0,0.5594,0.685,1.0,0.2,0.75,6.3,5,2,4,1
paired_570,jd_570_Sr.Officer_/_Executi,real,0.0,0.0,0,0,0,0.3822,0.685,1.0,0.2,0.75,20.7,0,2,4,1
paired_572,jd_572_Mechanical_Engineer,real,0.0,0.0,0,0,0,0.2674,1.0,1.0,1.0,1.0,27.9,0,2,3,1
paired_573,jd_573_Executive/_Sr._Execu,real,1.0,1.0,1,0,0,0.4939,0.925,1.0,1.0,0.75,0.8,0,4,3,1
paired_576,jd_576_Civil_Engineer,real,0.0,0.0,0,0,0,0.3894,0.925,1.0,1.0,0.75,8.0,5,2,3,1
paired_579,jd_579_Asst._Manager/_Mange,real,1.0,1.0,1,0,0,0.5116,0.805,0.7,1.0,0.75,4.0,5,2,3,1
paired_580,jd_580_DevOps_Engineer,real,0.37,0.4,3,1,6,0.518,0.925,1.0,1.0,0.75,5.9,3,2,3,1
paired_582,jd_582_Executive_-_VAT,real,0.0,0.0,0,0,0,0.7457,0.925,1.0,1.0,0.75,20.1,0,2,3,1
paired_584,jd_584_Database_Administrat,real,0.6455,0.9091,5,3,1,0.6101,0.925,1.0,1.0,0.75,6.2,1,2,3,1
paired_586,jd_586_Head_of_Internal_Con,real,0.0,0.0,0,0,0,0.7023,0.685,1.0,0.2,0.75,36.9,15,2,4,1
paired_588,jd_588_Manager-_Human_Resou,real,1.0,1.0,1,0,0,0.5909,0.76,1.0,0.2,1.0,42.3,0,2,4,1
paired_591,jd_591_Senior_iOS_Engineer,real,0.75,1.0,2,2,0,0.4296,0.725,0.5,1.0,0.75,0.0,4,2,3,1
paired_592,jd_592_Executive/_Senior_Ex,real,0.0,0.0,0,0,0,0.7493,1.0,1.0,1.0,1.0,39.8,3,4,4,1
paired_593,jd_593_Civil_Engineer,real,0.0,0.0,0,0,0,0.4382,0.925,1.0,1.0,0.75,23.1,5,2,3,1
paired_594,jd_594_System_Administrator,real,0.6667,0.6667,2,0,1,0.6572,0.925,1.0,1.0,0.75,14.9,0,2,3,1
paired_598,jd_598_System_Administrator,real,0.6667,0.6667,2,0,1,0.7479,0.925,1.0,1.0,0.75,3.2,0,2,3,1
paired_599,jd_599_Executive/_Senior_Ex,real,0.0,0.0,0,0,0,0.4801,0.325,0.1,0.2,0.75,0.6,3,2,4,1
paired_601,jd_601_Executive/_Senior_Ex,real,0.0,0.0,0,0,0,0.2821,0.685,1.0,0.2,0.75,7.3,3,2,4,1
paired_606,jd_606_Network_Support_Engi,real,1.0,1.0,1,0,0,0.7806,0.725,0.5,1.0,0.75,0.0,3,2,3,1
paired_612,jd_612_Senior_iOS_Engineer,real,0.75,1.0,2,2,0,0.5194,0.925,1.0,1.0,0.75,6.9,4,2,3,1
paired_613,jd_613_Network_Support_Engi,real,1.0,1.0,1,0,0,0.2705,1.0,1.0,1.0,1.0,33.2,3,2,3,1
paired_615,jd_615_Head_of_Internal_Con,real,0.0,0.0,0,0,0,0.6683,0.725,0.5,1.0,0.75,0.0,15,4,4,1
paired_616,jd_616_System_Administrator,real,0.6667,0.6667,2,0,1,0.5305,0.925,1.0,1.0,0.75,9.2,0,4,3,1
paired_618,jd_618_Executive/_Sr._Execu,real,1.0,1.0,1,0,0,0.3392,0.925,1.0,1.0,0.75,7.0,0,2,3,1
paired_619,jd_619_DevOps_Engineer,real,0.37,0.4,3,1,6,0.6655,0.925,1.0,1.0,0.75,19.9,3,2,3,1
paired_620,jd_620_AI_Engineer,real,0.6444,0.7778,5,1,2,0.5801,0.685,1.0,0.2,0.75,0.8,0,2,4,1
paired_622,jd_622_Executive/_Sr._Execu,real,1.0,1.0,1,0,0,0.5485,0.925,1.0,1.0,0.75,14.3,0,2,3,1
paired_623,jd_623_DevOps_Engineer,real,0.37,0.4,3,1,6,0.543,1.0,1.0,1.0,1.0,12.9,3,2,3,1
paired_625,jd_625_Intern_(Generative_A,real,1.0,1.0,3,0,0,0.5559,0.925,1.0,1.0,0.75,22.6,0,2,3,1
paired_626,jd_626_Network_Support_Engi,real,1.0,1.0,1,0,0,0.6147,0.925,1.0,1.0,0.75,16.7,3,2,3,1
paired_627,jd_627_Manager-_Human_Resou,real,1.0,1.0,1,0,0,0.5091,0.685,1.0,0.2,0.75,8.1,0,2,4,1
paired_628,jd_628_Head_of_Internal_Con,real,0.0,0.0,0,0,0,0.7381,0.685,1.0,0.2,0.75,20.0,15,2,4,1
paired_632,jd_632_HR_Officer,real,1.0,1.0,1,0,0,0.5213,0.925,1.0,1.0,0.75,0.0,0,2,3,1
paired_636,jd_636_Network_Support_Engi,real,1.0,1.0,1,0,0,0.8492,0.925,1.0,1.0,0.75,19.9,3,2,3,1
paired_642,jd_642_HR_Officer,real,1.0,1.0,1,0,0,0.5233,1.0,1.0,1.0,1.0,34.3,0,2,3,1
paired_644,jd_644_Manager-_Human_Resou,real,1.0,1.0,1,0,0,0.4171,0.685,1.0,0.2,0.75,6.3,0,2,4,1
paired_645,jd_645_Database_Administrat,real,0.6455,0.9091,5,3,1,0.6675,0.925,1.0,1.0,0.75,12.8,1,2,3,1
paired_652,jd_652_System_Administrator,real,1.0,1.0,3,0,0,0.5931,1.0,1.0,1.0,1.0,16.1,0,2,3,1
paired_654,jd_654_Project_Coordinator_,real,1.0,1.0,2,0,0,0.6225,1.0,1.0,1.0,1.0,9.0,0,2,3,1
paired_657,jd_657_Executive/_Senior_Ex,real,0.0,0.0,0,0,0,0.3763,0.685,1.0,0.2,0.75,10.9,3,2,4,1
paired_658,jd_658_Sr.Officer_/_Executi,real,0.0,0.0,0,0,0,0.5569,0.685,1.0,0.2,0.75,0.0,0,2,4,1
paired_660,jd_660_Business_Development,real,1.0,1.0,1,0,0,0.6296,0.925,1.0,1.0,0.75,0.0,0,2,3,1
paired_661,jd_661_AI_Engineer,real,0.6444,0.7778,5,1,2,0.5585,0.685,1.0,0.2,0.75,35.9,0,2,4,1
paired_664,jd_664_AI_Engineer,real,0.7556,0.8889,6,1,1,0.6074,0.685,1.0,0.2,0.75,2.0,0,2,4,1
paired_665,jd_665_Executive_-_VAT,real,0.0,0.0,0,0,0,0.3699,0.925,1.0,1.0,0.75,7.0,0,2,3,1
paired_668,jd_668_Full_Stack_Developer,real,0.9842,1.0,18,1,0,0.7273,0.925,1.0,1.0,0.75,20.5,0,2,3,1
paired_672,jd_672_Head_of_Internal_Con,real,0.0,0.0,0,0,0,0.5378,0.685,1.0,0.2,0.75,19.3,15,2,4,1
paired_673,jd_673_HR_Officer,real,1.0,1.0,1,0,0,0.5899,1.0,1.0,1.0,1.0,22.0,0,2,3,1
paired_675,jd_675_Senior_Software_Engi,real,1.0,1.0,2,0,0,0.5245,0.925,1.0,1.0,0.75,20.7,1,2,3,1
paired_680,jd_680_Marketing_Officer,real,1.0,1.0,2,0,0,0.6533,1.0,1.0,1.0,1.0,8.5,1,2,3,1
paired_682,jd_682_Machine_Learning_(ML,real,1.0,1.0,8,0,0,0.5953,0.685,1.0,0.2,0.75,16.0,5,2,4,1
paired_683,jd_683_Senior_iOS_Engineer,real,0.75,1.0,2,2,0,0.5255,0.925,1.0,1.0,0.75,7.3,4,2,3,1
paired_687,jd_687_Asst._Manager/_Mange,real,1.0,1.0,1,0,0,0.4467,0.925,1.0,1.0,0.75,6.9,5,2,3,1
paired_693,jd_693_Site_Engineer,real,0.6667,0.6667,2,0,1,0.5601,1.0,1.0,1.0,1.0,0.0,0,2,3,1
paired_695,jd_695_System_Administrator,real,0.6667,0.6667,2,0,1,0.6523,0.925,1.0,1.0,0.75,26.0,0,2,3,1
paired_696,jd_696_Marketing_Officer,real,1.0,1.0,2,0,0,0.7684,1.0,1.0,1.0,1.0,34.9,1,4,3,1
paired_697,jd_697_Network_Support_Engi,real,1.0,1.0,1,0,0,0.5381,0.8,0.5,1.0,1.0,0.0,3,4,3,1
paired_698,jd_698_Data_Engineer,real,0.5714,0.5714,4,0,3,0.6048,0.925,1.0,1.0,0.75,1.0,0,2,3,1
paired_701,jd_701_Civil_Engineer,real,0.0,0.0,0,0,0,0.6384,0.925,1.0,1.0,0.75,15.3,5,2,3,1
paired_703,jd_703_Manager-_Human_Resou,real,1.0,1.0,1,0,0,0.5322,0.685,1.0,0.2,0.75,4.0,0,2,4,1
paired_704,jd_704_DevOps_Engineer,real,0.42,0.5,3,2,5,0.5158,0.925,1.0,1.0,0.75,31.9,3,2,3,1
paired_705,jd_705_Asst._Manager/_Mange,real,1.0,1.0,1,0,0,0.5684,0.925,1.0,1.0,0.75,20.0,5,2,3,1
paired_715,jd_715_Asst._Manager/_Mange,real,1.0,1.0,1,0,0,0.4955,0.725,0.5,1.0,0.75,0.0,5,2,3,1
paired_718,jd_718_Senior_iOS_Engineer,real,0.75,1.0,2,2,0,0.5149,1.0,1.0,1.0,1.0,27.9,4,2,3,1
paired_719,jd_719_Mechanical_Designer,real,0.0,0.0,0,0,0,0.5133,0.725,0.5,1.0,0.75,0.0,5,4,3,1
paired_720,jd_720_Project_Coordinator_,real,1.0,1.0,2,0,0,0.3849,1.0,1.0,1.0,1.0,23.9,0,2,3,1
paired_721,jd_721_Senior_Software_Engi,real,1.0,1.0,2,0,0,0.5524,0.925,1.0,1.0,0.75,6.1,1,2,3,1
paired_722,jd_722_DevOps_Engineer,real,0.37,0.4,3,1,6,0.6055,0.925,1.0,1.0,0.75,4.9,3,2,3,1
paired_725,jd_725_Executive/_Sr._Execu,real,1.0,1.0,1,0,0,0.4834,1.0,1.0,1.0,1.0,24.9,0,2,3,1
paired_728,jd_728_Database_Administrat,real,0.6455,0.9091,5,3,1,0.5548,0.925,1.0,1.0,0.75,15.3,1,2,3,1
paired_729,jd_729_HR_Officer,real,1.0,1.0,1,0,0,0.5207,1.0,1.0,1.0,1.0,3.0,0,2,3,1
paired_730,jd_730_Executive/_Senior_Ex,real,0.0,0.0,0,0,0,0.6285,0.685,1.0,0.2,0.75,7.0,3,2,4,1
paired_733,jd_733_Sr.Officer_/_Executi,real,0.0,0.0,0,0,0,0.4331,0.76,1.0,0.2,1.0,2.0,0,2,4,1
paired_734,jd_734_Network_Support_Engi,real,1.0,1.0,1,0,0,0.7476,0.925,1.0,1.0,0.75,3.2,3,2,3,1
paired_735,jd_735_Senior_iOS_Engineer,real,0.75,1.0,2,2,0,0.6849,0.925,1.0,1.0,0.75,7.8,4,2,3,1
paired_736,jd_736_Database_Administrat,real,0.6455,0.9091,5,3,1,0.535,0.925,1.0,1.0,0.75,7.8,1,2,3,1
paired_740,jd_740_Executive/_Senior_Ex,real,0.0,0.0,0,0,0,0.431,0.4,0.1,0.2,1.0,0.4,3,2,4,1
paired_743,jd_743_Machine_Learning_(ML,real,1.0,1.0,8,0,0,0.7625,0.325,0.1,0.2,0.75,0.4,5,2,4,1
paired_747,jd_747_AI_Engineer,real,0.6444,0.7778,5,1,2,0.307,0.76,1.0,0.2,1.0,34.3,0,2,4,1
paired_749,jd_749_Management_Trainee_-,real,1.0,1.0,1,0,0,0.5558,1.0,1.0,1.0,1.0,0.1,0,2,3,1
paired_752,jd_752_Asst._Manager/_Mange,real,1.0,1.0,1,0,0,0.6157,0.925,1.0,1.0,0.75,22.8,5,2,3,1
paired_755,jd_755_Sr.Officer_/_Executi,real,0.0,0.0,0,0,0,0.5699,0.685,1.0,0.2,0.75,8.0,0,2,4,1
paired_757,jd_757_Asst._Manager/_Mange,real,1.0,1.0,1,0,0,0.5951,0.565,0.1,1.0,0.75,0.7,5,4,3,1
paired_758,jd_758_Executive/_Senior_Ex,real,0.0,0.0,0,0,0,0.447,0.685,1.0,0.2,0.75,8.0,3,2,4,1
paired_763,jd_763_Machine_Learning_(ML,real,1.0,1.0,8,0,0,0.7562,0.325,0.1,0.2,0.75,0.1,5,2,4,1
paired_766,jd_766_AI_Engineer,real,0.8889,0.8889,8,0,1,0.6988,0.685,1.0,0.2,0.75,7.2,0,2,4,1
paired_768,jd_768_Machine_Learning_(ML,real,1.0,1.0,8,0,0,0.741,0.325,0.1,0.2,0.75,2.4,5,2,4,1
paired_769,jd_769_Marketing_Officer,real,1.0,1.0,2,0,0,0.4368,1.0,1.0,1.0,1.0,16.3,1,2,3,1
paired_770,jd_770_Asst._Manager/_Mange,real,1.0,1.0,1,0,0,0.6548,1.0,1.0,1.0,1.0,35.7,5,2,3,1
paired_771,jd_771_Network_Support_Engi,real,1.0,1.0,1,0,0,0.7376,0.925,1.0,1.0,0.75,22.8,3,2,3,1
paired_782,jd_782_HR_Officer,real,1.0,1.0,1,0,0,0.6382,0.925,1.0,1.0,0.75,22.8,0,2,3,1
paired_789,jd_789_Data_Science_Enginee,real,0.5714,0.5714,4,0,3,0.7197,0.925,1.0,1.0,0.75,5.5,2,2,3,1
paired_790,jd_790_Head_of_Internal_Con,real,0.0,0.0,0,0,0,0.7511,0.565,0.1,1.0,0.75,6.5,15,4,4,1
paired_791,jd_791_Machine_Learning_(ML,real,1.0,1.0,8,0,0,0.795,0.565,0.1,1.0,0.75,0.7,5,4,4,1
paired_795,jd_795_DevOps_Engineer,real,0.37,0.4,3,1,6,0.5935,0.925,1.0,1.0,0.75,14.9,3,2,3,1
paired_799,jd_799_Senior_Software_Engi,real,1.0,1.0,2,0,0,0.4633,0.925,1.0,1.0,0.75,7.3,1,2,3,1
paired_800,jd_800_Full_Stack_Developer,real,0.9842,1.0,18,1,0,0.8376,0.925,1.0,1.0,0.75,4.9,0,2,3,1
paired_801,jd_801_Database_Administrat,real,0.6455,0.9091,5,3,1,0.6472,0.565,0.1,1.0,0.75,0.2,1,2,3,1
paired_802,jd_802_Database_Administrat,real,0.6455,0.9091,5,3,1,0.59,0.925,1.0,1.0,0.75,14.9,1,2,3,1
paired_806,jd_806_Manager-_Human_Resou,real,1.0,1.0,1,0,0,0.3574,0.76,1.0,0.2,1.0,33.2,0,2,4,1
paired_811,jd_811_Mechanical_Designer,real,0.0,0.0,0,0,0,0.4236,0.8,0.5,1.0,1.0,0.0,5,2,3,1
paired_812,jd_812_Executive/_Senior_Ex,real,0.0,0.0,0,0,0,0.5784,1.0,1.0,1.0,1.0,3.8,3,4,4,1
paired_816,jd_816_Intern_(Generative_A,real,1.0,1.0,3,0,0,0.5937,1.0,1.0,1.0,1.0,5.4,0,2,3,1
paired_818,jd_818_Data_Engineer,real,0.5714,0.5714,4,0,3,0.5816,0.925,1.0,1.0,0.75,31.9,0,2,3,1
paired_821,jd_821_Full_Stack_Developer,real,0.9842,1.0,18,1,0,0.7466,0.925,1.0,1.0,0.75,6.5,0,2,3,1
paired_822,jd_822_Executive/_Senior_Ex,real,0.0,0.0,0,0,0,0.6758,0.685,1.0,0.2,0.75,19.2,3,2,4,1
paired_824,jd_824_Asst._Manager/_Mange,real,1.0,1.0,1,0,0,0.3542,0.925,1.0,1.0,0.75,7.0,5,2,3,1
paired_827,jd_827_Head_of_Internal_Con,real,0.0,0.0,0,0,0,0.5633,0.565,0.1,1.0,0.75,0.8,15,4,4,1
paired_830,jd_830_Management_Trainee_-,real,0.0,0.0,0,0,1,0.3196,1.0,1.0,1.0,1.0,23.9,0,2,3,1
paired_833,jd_833_Data_Engineer,real,0.5714,0.5714,4,0,3,0.6071,0.925,1.0,1.0,0.75,14.9,0,2,3,1
paired_834,jd_834_Management_Trainee_-,real,0.0,0.0,0,0,1,0.6037,1.0,1.0,1.0,1.0,27.2,0,2,3,1
paired_835,jd_835_Business_Development,real,1.0,1.0,1,0,0,0.5359,0.925,1.0,1.0,0.75,1.5,0,2,3,1
paired_836,jd_836_Machine_Learning_(ML,real,1.0,1.0,8,0,0,0.6271,0.685,1.0,0.2,0.75,29.0,5,2,4,1
paired_837,jd_837_Manager-_Human_Resou,real,1.0,1.0,1,0,0,0.4269,0.685,1.0,0.2,0.75,1.0,0,2,4,1
paired_838,jd_838_Network_Support_Engi,real,1.0,1.0,1,0,0,0.7463,0.925,1.0,1.0,0.75,6.6,3,2,3,1
paired_839,jd_839_Senior_Software_Engi,real,1.0,1.0,2,0,0,0.5224,1.0,1.0,1.0,1.0,6.3,1,2,3,1
paired_843,jd_843_Intern_(Generative_A,real,1.0,1.0,3,0,0,0.4377,0.925,1.0,1.0,0.75,1.7,0,2,3,1
paired_844,jd_844_Database_Administrat,real,0.6455,0.9091,5,3,1,0.672,0.565,0.1,1.0,0.75,0.6,1,2,3,1
paired_845,jd_845_Database_Administrat,real,0.6455,0.9091,5,3,1,0.5058,0.925,1.0,1.0,0.75,6.0,1,2,3,1
paired_847,jd_847_Full_Stack_Developer,real,0.9842,1.0,18,1,0,0.7333,0.925,1.0,1.0,0.75,53.4,0,4,3,1
paired_853,jd_853_Sr.Officer_/_Executi,real,0.0,0.0,0,0,0,0.5273,0.685,1.0,0.2,0.75,20.1,0,2,4,1
paired_854,jd_854_System_Administrator,real,0.6667,0.6667,2,0,1,0.5945,0.925,1.0,1.0,0.75,21.9,0,4,3,1
paired_855,jd_855_Executive/_Sr._Execu,real,1.0,1.0,1,0,0,0.4659,1.0,1.0,1.0,1.0,7.1,0,2,3,1
paired_856,jd_856_System_Administrator,real,0.6667,0.6667,2,0,1,0.6939,1.0,1.0,1.0,1.0,0.6,0,2,3,1
paired_857,jd_857_Sr.Officer_/_Executi,real,0.0,0.0,0,0,0,0.5725,0.685,1.0,0.2,0.75,19.9,0,2,4,1
paired_858,jd_858_Data_Engineer,real,0.5714,0.5714,4,0,3,0.59,0.925,1.0,1.0,0.75,0.0,0,2,3,1
paired_861,jd_861_Data_Science_Enginee,real,0.2857,0.2857,2,0,5,0.67,0.925,1.0,1.0,0.75,6.7,2,2,3,1
paired_863,jd_863_Database_Administrat,real,0.6455,0.9091,5,3,1,0.5184,0.925,1.0,1.0,0.75,7.0,1,2,3,1
paired_866,jd_866_Database_Administrat,real,0.6455,0.9091,5,3,1,0.6351,0.925,1.0,1.0,0.75,1.5,1,2,3,1
paired_867,jd_867_Database_Administrat,real,0.6455,0.9091,5,3,1,0.2287,0.925,1.0,1.0,0.75,35.8,1,2,3,1
paired_868,jd_868_HR_Officer,real,1.0,1.0,1,0,0,0.512,1.0,1.0,1.0,1.0,16.2,0,2,3,1
paired_869,jd_869_Machine_Learning_(ML,real,1.0,1.0,8,0,0,0.7118,0.76,1.0,0.2,1.0,8.5,5,2,4,1
paired_871,jd_871_AI_Engineer,real,0.8222,0.8889,7,1,1,0.7332,0.685,1.0,0.2,0.75,0.6,0,2,4,1
paired_872,jd_872_Marketing_Officer,real,1.0,1.0,2,0,0,0.7477,1.0,1.0,1.0,1.0,33.9,1,2,3,1
paired_875,jd_875_Marketing_Officer,real,1.0,1.0,2,0,0,0.6689,0.925,1.0,1.0,0.75,22.8,1,2,3,1
paired_2,jd_2_Executive/_Senior_Ex,real,0.0,0.0,0,0,0,0.6094,0.685,1.0,0.2,0.75,7.9,3,2,4,0
paired_9,jd_9_Business_Development,real,1.0,1.0,1,0,0,0.4307,1.0,1.0,1.0,1.0,7.3,0,2,3,0
paired_13,jd_13_Mechanical_Designer,real,0.0,0.0,0,0,0,0.4827,0.565,0.1,1.0,0.75,0.2,5,2,3,0
paired_18,jd_18_Project_Coordinator_,real,1.0,1.0,2,0,0,0.3912,1.0,1.0,1.0,1.0,5.3,0,2,3,0
paired_20,jd_20_Mechanical_Engineer,real,0.0,0.0,0,0,0,0.4172,0.925,1.0,1.0,0.75,23.8,0,2,3,0
paired_30,jd_30_HR_Officer,real,1.0,1.0,1,0,0,0.3883,0.925,1.0,1.0,0.75,1.0,0,2,3,0
paired_52,jd_52_Senior_Software_Engi,real,1.0,1.0,2,0,0,0.4709,0.925,1.0,1.0,0.75,40.0,1,2,3,0
paired_56,jd_56_Business_Development,real,1.0,1.0,1,0,0,0.363,0.925,1.0,1.0,0.75,5.3,0,2,3,0
paired_67,jd_67_Mechanical_Designer,real,0.0,0.0,0,0,0,0.4709,0.925,1.0,1.0,0.75,25.9,5,2,3,0
paired_84,jd_84_Intern_(Generative_A,real,1.0,1.0,3,0,0,0.4068,1.0,1.0,1.0,1.0,3.6,0,2,3,0
paired_101,jd_101_Data_Science_Enginee,real,0.2857,0.2857,2,0,5,0.618,0.925,1.0,1.0,0.75,35.3,2,2,3,0
paired_102,jd_102_Mechanical_Engineer,real,0.0,0.0,0,0,0,0.4273,0.925,1.0,1.0,0.75,7.2,0,2,3,0
paired_109,jd_109_Civil_Engineer,real,0.0,0.0,0,0,0,0.3803,0.725,0.5,1.0,0.75,0.0,5,2,3,0
paired_116,jd_116_Manager-_Human_Resou,real,1.0,1.0,1,0,0,0.351,0.76,1.0,0.2,1.0,6.3,0,2,4,0
paired_127,jd_127_Executive_-_VAT,real,0.0,0.0,0,0,0,0.5443,0.925,1.0,1.0,0.75,4.9,0,2,3,0
paired_135,jd_135_Site_Engineer,real,0.6667,0.6667,2,0,1,0.4414,1.0,1.0,1.0,1.0,31.5,0,2,3,0
paired_139,jd_139_Civil_Engineer,real,0.0,0.0,0,0,0,0.4831,0.925,1.0,1.0,0.75,7.3,5,2,3,0
paired_140,jd_140_Business_Development,real,1.0,1.0,1,0,0,0.366,0.925,1.0,1.0,0.75,0.3,0,2,3,0
paired_142,jd_142_Site_Engineer,real,0.6667,0.6667,2,0,1,0.5038,1.0,1.0,1.0,1.0,25.8,0,2,3,0
paired_146,jd_146_Civil_Engineer,real,0.0,0.0,0,0,0,0.4284,0.925,1.0,1.0,0.75,14.9,5,2,3,0
paired_149,jd_149_Data_Science_Enginee,real,0.2857,0.2857,2,0,5,0.4453,1.0,1.0,1.0,1.0,31.8,2,4,3,0
paired_151,jd_151_Site_Engineer,real,0.6667,0.6667,2,0,1,0.6212,1.0,1.0,1.0,1.0,0.0,0,2,3,0
paired_154,jd_154_Head_of_Internal_Con,real,0.0,0.0,0,0,0,0.4044,0.325,0.1,0.2,0.75,5.3,15,2,4,0
paired_165,jd_165_Site_Engineer,real,0.6667,0.6667,2,0,1,0.6025,1.0,1.0,1.0,1.0,5.8,0,2,3,0
paired_169,jd_169_Manager-_Human_Resou,real,1.0,1.0,1,0,0,0.3981,0.685,1.0,0.2,0.75,6.8,0,2,4,0
paired_170,jd_170_Data_Science_Enginee,real,0.2857,0.2857,2,0,5,0.6503,0.925,1.0,1.0,0.75,23.8,2,2,3,0
paired_174,jd_174_Mechanical_Engineer,real,0.0,0.0,0,0,0,0.2833,0.925,1.0,1.0,0.75,6.1,0,2,3,0
paired_181,jd_181_Head_of_Internal_Con,real,0.0,0.0,0,0,0,0.5873,0.325,0.1,0.2,0.75,8.3,15,2,4,0
paired_183,jd_183_Civil_Engineer,real,0.0,0.0,0,0,0,0.3769,0.565,0.1,1.0,0.75,0.8,5,4,3,0
paired_188,jd_188_HR_Officer,real,1.0,1.0,1,0,0,0.4967,0.925,1.0,1.0,0.75,0.4,0,2,3,0
paired_191,jd_191_Marketing_Officer,real,1.0,1.0,2,0,0,0.287,1.0,1.0,1.0,1.0,20.9,1,2,3,0
paired_197,jd_197_Mechanical_Designer,real,0.0,0.0,0,0,0,0.4649,0.925,1.0,1.0,0.75,14.9,5,2,3,0
paired_203,jd_203_Mechanical_Engineer,real,0.0,0.0,0,0,0,0.3841,1.0,1.0,1.0,1.0,6.2,0,4,3,0
paired_210,jd_210_Intern_(Generative_A,real,1.0,1.0,3,0,0,0.694,1.0,1.0,1.0,1.0,0.0,0,2,3,0
paired_214,jd_214_Data_Science_Enginee,real,0.4286,0.4286,3,0,4,0.6624,0.925,1.0,1.0,0.75,8.0,2,2,3,0
paired_228,jd_228_Mechanical_Designer,real,0.0,0.0,0,0,0,0.6092,0.85,1.0,1.0,0.5,63.3,5,2,3,0
paired_229,jd_229_Marketing_Officer,real,1.0,1.0,2,0,0,0.4183,1.0,1.0,1.0,1.0,6.5,1,2,3,0
paired_232,jd_232_Executive_-_VAT,real,0.0,0.0,0,0,0,0.6055,0.925,1.0,1.0,0.75,6.9,0,2,3,0
paired_235,jd_235_Mechanical_Designer,real,0.0,0.0,0,0,0,0.5847,0.925,1.0,1.0,0.75,53.8,5,4,3,0
paired_242,jd_242_Civil_Engineer,real,0.0,0.0,0,0,0,0.2843,1.0,1.0,1.0,1.0,6.0,5,4,3,0
paired_259,jd_259_Data_Science_Enginee,real,0.2857,0.2857,2,0,5,0.4622,1.0,1.0,1.0,1.0,16.2,2,2,3,0
paired_263,jd_263_Data_Science_Enginee,real,0.2857,0.2857,2,0,5,0.5611,0.725,0.5,1.0,0.75,0.0,2,2,3,0
paired_265,jd_265_Head_of_Internal_Con,real,0.0,0.0,0,0,0,0.5234,0.445,0.1,0.6,0.75,2.8,15,3,4,0
paired_266,jd_266_Mechanical_Designer,real,0.0,0.0,0,0,0,0.476,0.925,1.0,1.0,0.75,6.8,5,2,3,0
paired_275,jd_275_Mechanical_Engineer,real,0.0,0.0,0,0,0,0.3382,0.925,1.0,1.0,0.75,0.0,0,4,3,0
paired_276,jd_276_Business_Development,real,1.0,1.0,1,0,0,0.398,0.925,1.0,1.0,0.75,16.2,0,2,3,0
paired_286,jd_286_Mechanical_Designer,real,0.0,0.0,0,0,0,0.3538,0.725,0.5,1.0,0.75,0.0,5,2,3,0
paired_287,jd_287_Network_Support_Engi,real,1.0,1.0,1,0,0,0.7184,0.925,1.0,1.0,0.75,20.1,3,2,3,0
paired_293,jd_293_Marketing_Officer,real,1.0,1.0,2,0,0,0.5021,0.925,1.0,1.0,0.75,15.3,1,2,3,0
paired_294,jd_294_Business_Development,real,1.0,1.0,1,0,0,0.4351,0.925,1.0,1.0,0.75,16.0,0,2,3,0
paired_306,jd_306_Senior_iOS_Engineer,real,0.75,1.0,2,2,0,0.6061,0.925,1.0,1.0,0.75,9.8,4,2,3,0
paired_310,jd_310_Site_Engineer,real,0.6667,0.6667,2,0,1,0.396,1.0,1.0,1.0,1.0,0.4,0,2,3,0
paired_317,jd_317_Mechanical_Engineer,real,0.0,0.0,0,0,0,0.3341,0.925,1.0,1.0,0.75,7.0,0,2,3,0
paired_322,jd_322_Mechanical_Engineer,real,0.0,0.0,0,0,0,0.3939,0.925,1.0,1.0,0.75,20.0,0,2,3,0
paired_323,jd_323_Mechanical_Engineer,real,0.0,0.0,0,0,0,0.285,1.0,1.0,1.0,1.0,3.6,0,2,3,0
paired_327,jd_327_Mechanical_Engineer,real,0.0,0.0,0,0,0,0.2717,0.925,1.0,1.0,0.75,6.7,0,2,3,0
paired_328,jd_328_Data_Science_Enginee,real,0.4286,0.4286,3,0,4,0.5821,0.925,1.0,1.0,0.75,30.9,2,2,3,0
paired_333,jd_333_Data_Science_Enginee,real,0.4286,0.4286,3,0,4,0.3933,0.925,1.0,1.0,0.75,12.9,2,2,3,0
paired_357,jd_357_Civil_Engineer,real,0.0,0.0,0,0,0,0.3855,0.49,0.1,1.0,0.5,0.8,5,2,3,0
paired_362,jd_362_Business_Development,real,1.0,1.0,1,0,0,0.5625,0.925,1.0,1.0,0.75,20.1,0,2,3,0
paired_364,jd_364_Data_Science_Enginee,real,0.2857,0.2857,2,0,5,0.5481,0.925,1.0,1.0,0.75,13.0,2,2,3,0
paired_365,jd_365_Executive_-_VAT,real,0.0,0.0,0,0,0,0.453,1.0,1.0,1.0,1.0,6.3,0,2,3,0
paired_369,jd_369_Mechanical_Designer,real,0.0,0.0,0,0,0,0.4073,0.925,1.0,1.0,0.75,6.9,5,2,3,0
paired_372,jd_372_Site_Engineer,real,0.6667,0.6667,2,0,1,0.4197,1.0,1.0,1.0,1.0,1.7,0,2,3,0
paired_388,jd_388_Head_of_Internal_Con,real,0.0,0.0,0,0,0,0.6714,0.725,0.5,1.0,0.75,0.0,15,5,4,0
paired_393,jd_393_Head_of_Internal_Con,real,0.0,0.0,0,0,0,0.5405,0.4,0.1,0.2,1.0,0.5,15,2,4,0
paired_396,jd_396_Mechanical_Engineer,real,0.0,0.0,0,0,0,0.4735,0.925,1.0,1.0,0.75,19.7,0,2,3,0
paired_403,jd_403_Data_Science_Enginee,real,0.2857,0.2857,2,0,5,0.4993,1.0,1.0,1.0,1.0,20.3,2,2,3,0
paired_407,jd_407_Marketing_Officer,real,1.0,1.0,2,0,0,0.6162,0.565,0.1,1.0,0.75,0.9,1,2,3,0
paired_416,jd_416_Project_Coordinator_,real,1.0,1.0,2,0,0,0.4315,1.0,1.0,1.0,1.0,0.6,0,2,3,0
paired_420,jd_420_Executive/_Sr._Execu,real,1.0,1.0,1,0,0,0.4716,0.925,1.0,1.0,0.75,0.0,0,2,3,0
paired_422,jd_422_Mechanical_Engineer,real,0.0,0.0,0,0,0,0.3822,0.925,1.0,1.0,0.75,0.2,0,2,3,0
paired_436,jd_436_Mechanical_Engineer,real,0.0,0.0,0,0,0,0.338,0.925,1.0,1.0,0.75,0.6,0,2,3,0
paired_440,jd_440_Head_of_Internal_Con,real,0.0,0.0,0,0,0,0.5496,0.325,0.1,0.2,0.75,0.6,15,2,4,0
paired_441,jd_441_Head_of_Internal_Con,real,0.0,0.0,0,0,0,0.5972,0.325,0.1,0.2,0.75,4.9,15,2,4,0
paired_442,jd_442_Mechanical_Engineer,real,0.0,0.0,0,0,0,0.4563,0.925,1.0,1.0,0.75,0.2,0,2,3,0
paired_446,jd_446_Site_Engineer,real,0.6667,0.6667,2,0,1,0.417,1.0,1.0,1.0,1.0,1.0,0,3,3,0
paired_455,jd_455_Mechanical_Designer,real,0.0,0.0,0,0,0,0.3383,0.925,1.0,1.0,0.75,6.7,5,2,3,0
paired_464,jd_464_Business_Development,real,1.0,1.0,1,0,0,0.4424,1.0,1.0,1.0,1.0,3.8,0,4,3,0
paired_466,jd_466_DevOps_Engineer,real,0.37,0.4,3,1,6,0.4563,0.565,0.1,1.0,0.75,1.7,3,2,3,0
paired_467,jd_467_Civil_Engineer,real,0.0,0.0,0,0,0,0.472,0.925,1.0,1.0,0.75,20.7,5,2,3,0
paired_471,jd_471_Marketing_Officer,real,1.0,1.0,2,0,0,0.4618,0.64,0.1,1.0,1.0,0.1,1,2,3,0
paired_480,jd_480_Civil_Engineer,real,0.0,0.0,0,0,0,0.394,0.565,0.1,1.0,0.75,0.2,5,2,3,0
paired_481,jd_481_Marketing_Officer,real,1.0,1.0,2,0,0,0.4901,0.565,0.1,1.0,0.75,0.6,1,2,3,0
paired_482,jd_482_Intern_(Generative_A,real,1.0,1.0,3,0,0,0.4434,0.925,1.0,1.0,0.75,14.1,0,2,3,0
paired_488,jd_488_Mechanical_Engineer,real,0.0,0.0,0,0,0,0.4369,0.925,1.0,1.0,0.75,0.6,0,2,3,0
paired_489,jd_489_Site_Engineer,real,0.6667,0.6667,2,0,1,0.4581,1.0,1.0,1.0,1.0,13.8,0,2,3,0
paired_492,jd_492_Executive_-_VAT,real,0.0,0.0,0,0,0,0.7678,0.925,1.0,1.0,0.75,35.3,0,2,3,0
paired_493,jd_493_Marketing_Officer,real,1.0,1.0,2,0,0,0.668,0.925,1.0,1.0,0.75,6.7,1,2,3,0
paired_507,jd_507_Full_Stack_Developer,real,0.9842,1.0,18,1,0,0.809,0.925,1.0,1.0,0.75,30.9,0,2,3,0
paired_510,jd_510_Mechanical_Designer,real,0.0,0.0,0,0,0,0.0436,0.925,1.0,1.0,0.75,12.9,5,2,3,0
paired_522,jd_522_Intern_(Generative_A,real,1.0,1.0,3,0,0,0.5206,0.925,1.0,1.0,0.75,25.0,0,2,3,0
paired_531,jd_531_Data_Science_Enginee,real,0.2857,0.2857,2,0,5,0.5623,0.925,1.0,1.0,0.75,28.0,2,2,3,0
paired_532,jd_532_Mechanical_Engineer,real,0.0,0.0,0,0,0,0.5101,0.925,1.0,1.0,0.75,0.4,0,2,3,0
paired_540,jd_540_Business_Development,real,1.0,1.0,1,0,0,0.4968,0.925,1.0,1.0,0.75,0.0,0,4,3,0
paired_543,jd_543_Head_of_Internal_Con,real,0.0,0.0,0,0,0,0.5301,0.325,0.1,0.2,0.75,0.8,15,2,4,0
paired_556,jd_556_Data_Engineer,real,0.5714,0.5714,4,0,3,0.653,0.925,1.0,1.0,0.75,13.8,0,2,3,0
paired_557,jd_557_Mechanical_Engineer,real,0.0,0.0,0,0,0,0.4889,0.925,1.0,1.0,0.75,1.4,0,2,3,0
paired_562,jd_562_Machine_Learning_(ML,real,1.0,1.0,8,0,0,0.7009,0.685,1.0,0.2,0.75,39.8,5,2,4,0
paired_564,jd_564_Business_Development,real,1.0,1.0,1,0,0,0.362,0.925,1.0,1.0,0.75,0.4,0,2,3,0
paired_567,jd_567_Mechanical_Designer,real,0.0,0.0,0,0,0,0.3555,0.725,0.5,1.0,0.75,0.0,5,2,3,0
paired_575,jd_575_Senior_Software_Engi,real,1.0,1.0,2,0,0,0.4395,0.925,1.0,1.0,0.75,5.0,1,2,3,0
paired_577,jd_577_Data_Engineer,real,0.5714,0.5714,4,0,3,0.555,0.925,1.0,1.0,0.75,18.3,0,2,3,0
paired_578,jd_578_Head_of_Internal_Con,real,0.0,0.0,0,0,0,0.5891,0.325,0.1,0.2,0.75,7.2,15,2,4,0
paired_581,jd_581_Data_Engineer,real,0.5714,0.5714,4,0,3,0.5748,0.925,1.0,1.0,0.75,0.0,0,2,3,0
paired_590,jd_590_Mechanical_Engineer,real,0.0,0.0,0,0,0,0.2647,0.925,1.0,1.0,0.75,20.8,0,2,3,0
paired_604,jd_604_Marketing_Officer,real,1.0,1.0,2,0,0,0.4019,0.925,1.0,1.0,0.75,35.5,1,2,3,0
paired_607,jd_607_Senior_iOS_Engineer,real,0.75,1.0,2,2,0,0.6282,0.565,0.1,1.0,0.75,0.6,4,2,3,0
paired_617,jd_617_Mechanical_Designer,real,0.0,0.0,0,0,0,0.4633,0.8,0.5,1.0,1.0,0.0,5,4,3,0
paired_621,jd_621_HR_Officer,real,1.0,1.0,1,0,0,0.4323,0.925,1.0,1.0,0.75,7.3,0,2,3,0
paired_629,jd_629_HR_Officer,real,1.0,1.0,1,0,0,0.4885,0.925,1.0,1.0,0.75,7.8,0,2,3,0
paired_630,jd_630_Senior_Software_Engi,real,1.0,1.0,2,0,0,0.4699,0.925,1.0,1.0,0.75,6.2,1,2,3,0
paired_631,jd_631_Marketing_Officer,real,1.0,1.0,2,0,0,0.6179,0.925,1.0,1.0,0.75,30.9,1,2,3,0
paired_641,jd_641_Sr.Officer_/_Executi,real,0.0,0.0,0,0,0,0.2567,0.685,1.0,0.2,0.75,5.3,0,2,4,0
paired_643,jd_643_Marketing_Officer,real,1.0,1.0,2,0,0,0.4257,1.0,1.0,1.0,1.0,7.2,1,2,3,0
paired_647,jd_647_Manager-_Human_Resou,real,1.0,1.0,1,0,0,0.417,0.685,1.0,0.2,0.75,5.9,0,2,4,0
paired_662,jd_662_Business_Development,real,1.0,1.0,1,0,0,0.2167,0.925,1.0,1.0,0.75,7.2,0,2,3,0
paired_666,jd_666_Business_Development,real,1.0,1.0,1,0,0,0.4457,1.0,1.0,1.0,1.0,11.9,0,2,3,0
paired_671,jd_671_Project_Coordinator_,real,1.0,1.0,2,0,0,0.406,1.0,1.0,1.0,1.0,0.6,0,2,3,0
paired_679,jd_679_DevOps_Engineer,real,0.37,0.4,3,1,6,0.5416,0.925,1.0,1.0,0.75,20.0,3,2,3,0
paired_684,jd_684_Mechanical_Designer,real,0.0,0.0,0,0,0,0.3362,1.0,1.0,1.0,1.0,7.9,5,4,3,0
paired_691,jd_691_Mechanical_Engineer,real,0.0,0.0,0,0,0,0.3187,1.0,1.0,1.0,1.0,7.0,0,2,3,0
paired_692,jd_692_Civil_Engineer,real,0.0,0.0,0,0,0,0.4124,0.565,0.1,1.0,0.75,0.8,5,4,3,0
paired_694,jd_694_Mechanical_Designer,real,0.0,0.0,0,0,0,0.5308,0.565,0.1,1.0,0.75,0.2,5,2,3,0
paired_699,jd_699_Machine_Learning_(ML,real,1.0,1.0,8,0,0,0.5587,0.685,1.0,0.2,0.75,8.0,5,2,4,0
paired_700,jd_700_Site_Engineer,real,1.0,1.0,3,0,0,0.4075,1.0,1.0,1.0,1.0,1.0,0,2,3,0
paired_702,jd_702_DevOps_Engineer,real,0.37,0.4,3,1,6,0.5139,0.565,0.1,1.0,0.75,0.6,3,2,3,0
paired_706,jd_706_Mechanical_Engineer,real,0.0,0.0,0,0,0,0.4405,0.925,1.0,1.0,0.75,1.2,0,2,3,0
paired_709,jd_709_Mechanical_Designer,real,0.0,0.0,0,0,0,0.4665,0.925,1.0,1.0,0.75,6.4,5,2,3,0
paired_710,jd_710_Data_Science_Enginee,real,0.2857,0.2857,2,0,5,0.6063,1.0,1.0,1.0,1.0,25.7,2,2,3,0
paired_712,jd_712_Manager-_Human_Resou,real,1.0,1.0,1,0,0,0.3365,0.685,1.0,0.2,0.75,0.4,0,2,4,0
paired_714,jd_714_Business_Development,real,1.0,1.0,1,0,0,0.6067,0.925,1.0,1.0,0.75,22.4,0,2,3,0
paired_724,jd_724_Mechanical_Designer,real,0.0,0.0,0,0,0,0.4595,0.565,0.1,1.0,0.75,1.4,5,2,3,0
paired_727,jd_727_Business_Development,real,1.0,1.0,1,0,0,0.396,0.925,1.0,1.0,0.75,0.1,0,2,3,0
paired_738,jd_738_Head_of_Internal_Con,real,0.0,0.0,0,0,0,0.4715,0.485,0.5,0.2,0.75,0.0,15,2,4,0
paired_739,jd_739_Civil_Engineer,real,0.0,0.0,0,0,0,0.5768,1.0,1.0,1.0,1.0,26.9,5,4,3,0
paired_742,jd_742_Head_of_Internal_Con,real,0.0,0.0,0,0,0,0.6877,0.325,0.1,0.2,0.75,0.7,15,2,4,0
paired_744,jd_744_Mechanical_Designer,real,0.0,0.0,0,0,0,0.4045,0.725,0.5,1.0,0.75,0.0,5,2,3,0
paired_748,jd_748_Mechanical_Designer,real,0.0,0.0,0,0,0,0.3301,0.925,1.0,1.0,0.75,8.0,5,2,3,0
paired_751,jd_751_Business_Development,real,1.0,1.0,1,0,0,0.4144,0.925,1.0,1.0,0.75,6.7,0,2,3,0
paired_760,jd_760_Site_Engineer,real,0.6667,0.6667,2,0,1,0.4069,1.0,1.0,1.0,1.0,6.7,0,2,3,0
paired_761,jd_761_Head_of_Internal_Con,real,0.0,0.0,0,0,0,0.7026,0.4,0.1,0.2,1.0,3.0,15,2,4,0
paired_774,jd_774_Manager-_Human_Resou,real,1.0,1.0,1,0,0,0.4536,0.685,1.0,0.2,0.75,16.2,0,2,4,0
paired_780,jd_780_Marketing_Officer,real,1.0,1.0,2,0,0,0.5466,0.925,1.0,1.0,0.75,7.3,1,2,3,0
paired_796,jd_796_Mechanical_Engineer,real,0.0,0.0,0,0,0,0.5084,0.925,1.0,1.0,0.75,0.0,0,2,3,0
paired_803,jd_803_Executive_-_VAT,real,0.0,0.0,0,0,0,0.6021,0.925,1.0,1.0,0.75,6.2,0,2,3,0
paired_807,jd_807_Data_Science_Enginee,real,0.2857,0.2857,2,0,5,0.4258,0.925,1.0,1.0,0.75,27.0,2,2,3,0
paired_815,jd_815_Head_of_Internal_Con,real,0.0,0.0,0,0,0,0.4475,0.325,0.1,0.2,0.75,1.1,15,2,4,0
paired_820,jd_820_Management_Trainee_-,real,0.0,0.0,0,0,1,0.5496,1.0,1.0,1.0,1.0,16.0,0,2,3,0
paired_829,jd_829_Mechanical_Designer,real,0.0,0.0,0,0,0,0.3106,1.0,1.0,1.0,1.0,6.6,5,2,3,0
paired_840,jd_840_DevOps_Engineer,real,0.37,0.4,3,1,6,0.4079,0.725,0.5,1.0,0.75,0.0,3,2,3,0
paired_841,jd_841_Marketing_Officer,real,1.0,1.0,2,0,0,0.5838,0.925,1.0,1.0,0.75,20.3,1,2,3,0
paired_842,jd_842_Mechanical_Designer,real,0.0,0.0,0,0,0,0.3535,0.565,0.1,1.0,0.75,1.2,5,2,3,0
paired_848,jd_848_Executive/_Senior_Ex,real,0.0,0.0,0,0,0,0.4225,0.685,1.0,0.2,0.75,40.0,3,2,4,0
paired_849,jd_849_Head_of_Internal_Con,real,0.0,0.0,0,0,0,0.3566,0.325,0.1,0.2,0.75,6.3,15,2,4,0
paired_862,jd_862_Mechanical_Designer,real,0.0,0.0,0,0,0,0.4829,1.0,1.0,1.0,1.0,6.3,5,2,3,0
paired_864,jd_864_Mechanical_Engineer,real,0.0,0.0,0,0,0,0.26,0.925,1.0,1.0,0.75,15.0,0,2,3,0
paired_865,jd_865_Mechanical_Engineer,real,0.0,0.0,0,0,0,0.35,1.0,1.0,1.0,1.0,1.7,0,2,3,0
paired_873,jd_873_Head_of_Internal_Con,real,0.0,0.0,0,0,0,0.6482,0.325,0.1,0.2,0.75,0.2,15,2,4,0
paired_877,jd_877_Mechanical_Designer,real,0.0,0.0,0,0,0,0.3306,1.0,1.0,1.0,1.0,6.5,5,2,3,0
paired_882,jd_882_Business_Development,real,1.0,1.0,1,0,0,0.5116,0.925,1.0,1.0,0.75,5.9,0,2,3,0
paired_883,jd_883_Site_Engineer,real,0.6667,0.6667,2,0,1,0.5263,1.0,1.0,1.0,1.0,1.4,0,2,3,0
paired_891,jd_891_Senior_Software_Engi,real,1.0,1.0,2,0,0,0.5857,0.925,1.0,1.0,0.75,33.0,1,2,3,0
paired_894,jd_894_Manager-_Human_Resou,real,1.0,1.0,1,0,0,0.3792,0.685,1.0,0.2,0.75,1.7,0,2,4,0
paired_903,jd_903_Site_Engineer,real,0.6667,0.6667,2,0,1,0.5053,1.0,1.0,1.0,1.0,0.7,0,2,3,0
paired_905,jd_905_Civil_Engineer,real,0.0,0.0,0,0,0,0.4392,0.925,1.0,1.0,0.75,18.3,5,2,3,0
paired_907,jd_907_AI_Engineer,real,0.6444,0.7778,5,1,2,0.5512,0.685,1.0,0.2,0.75,23.8,0,2,4,0
paired_909,jd_909_Civil_Engineer,real,0.0,0.0,0,0,0,0.3841,0.925,1.0,1.0,0.75,7.2,5,2,3,0
paired_910,jd_910_Site_Engineer,real,0.6667,0.6667,2,0,1,0.4094,1.0,1.0,1.0,1.0,5.8,0,4,3,0
paired_913,jd_913_Intern_(Generative_A,real,1.0,1.0,3,0,0,0.5192,0.925,1.0,1.0,0.75,40.0,0,2,3,0
paired_914,jd_914_Marketing_Officer,real,1.0,1.0,2,0,0,0.5473,0.565,0.1,1.0,0.75,0.4,1,2,3,0
paired_916,jd_916_Mechanical_Designer,real,0.0,0.0,0,0,0,0.279,0.925,1.0,1.0,0.75,7.0,5,2,3,0
paired_921,jd_921_Civil_Engineer,real,0.0,0.0,0,0,0,0.4129,0.925,1.0,1.0,0.75,9.8,5,2,3,0
paired_928,jd_928_Site_Engineer,real,0.6667,0.6667,2,0,1,0.5468,1.0,1.0,1.0,1.0,2.0,0,2,3,0
paired_929,jd_929_Senior_Software_Engi,real,1.0,1.0,2,0,0,0.6531,1.0,1.0,1.0,1.0,26.9,1,4,3,0
paired_934,jd_934_Site_Engineer,real,0.6667,0.6667,2,0,1,0.6299,1.0,1.0,1.0,1.0,35.9,0,2,3,0
paired_943,jd_943_Executive/_Sr._Execu,real,1.0,1.0,1,0,0,0.3687,0.925,1.0,1.0,0.75,5.2,0,2,3,0
paired_958,jd_958_Head_of_Internal_Con,real,0.0,0.0,0,0,0,0.6452,0.325,0.1,0.2,0.75,1.4,15,2,4,0
paired_974,jd_974_HR_Officer,real,1.0,1.0,1,0,0,0.3149,0.925,1.0,1.0,0.75,1.1,0,2,3,0
paired_977,jd_977_Manager-_Human_Resou,real,1.0,1.0,1,0,0,0.4014,0.685,1.0,0.2,0.75,0.2,0,2,4,0
paired_980,jd_980_Senior_Software_Engi,real,1.0,1.0,2,0,0,0.5314,0.925,1.0,1.0,0.75,25.9,1,2,3,0
paired_987,jd_987_Head_of_Internal_Con,real,0.0,0.0,0,0,0,0.4834,0.325,0.1,0.2,0.75,0.6,15,2,4,0
paired_988,jd_988_Business_Development,real,1.0,1.0,1,0,0,0.4663,0.925,1.0,1.0,0.75,0.0,0,2,3,0
paired_995,jd_995_Management_Trainee_-,real,0.0,0.0,0,0,1,0.4691,1.0,1.0,1.0,1.0,0.0,0,2,3,0
paired_998,jd_998_HR_Officer,real,1.0,1.0,1,0,0,0.5342,0.925,1.0,1.0,0.75,0.4,0,2,3,0
paired_1006,jd_1006_Head_of_Internal_Con,real,0.0,0.0,0,0,0,0.4378,0.325,0.1,0.2,0.75,1.8,15,2,4,0
paired_1009,jd_1009_Marketing_Officer,real,1.0,1.0,2,0,0,0.4848,0.925,1.0,1.0,0.75,28.0,1,2,3,0
paired_1021,jd_1021_Head_of_Internal_Con,real,0.0,0.0,0,0,0,0.4473,0.445,0.1,0.6,0.75,1.0,15,3,4,0
paired_1028,jd_1028_Marketing_Officer,real,1.0,1.0,2,0,0,0.6371,1.0,1.0,1.0,1.0,25.7,1,2,3,0
paired_1031,jd_1031_HR_Officer,real,1.0,1.0,1,0,0,0.4957,0.925,1.0,1.0,0.75,6.5,0,2,3,0
paired_1037,jd_1037_Mechanical_Designer,real,0.0,0.0,0,0,0,0.3744,0.565,0.1,1.0,0.75,0.3,5,2,3,0
paired_1046,jd_1046_Mechanical_Designer,real,0.0,0.0,0,0,0,0.4435,0.925,1.0,1.0,0.75,7.1,5,3,3,0
paired_1052,jd_1052_Project_Coordinator_,real,1.0,1.0,2,0,0,0.6108,1.0,1.0,1.0,1.0,5.5,0,2,3,0
paired_1054,jd_1054_Site_Engineer,real,0.6667,0.6667,2,0,1,0.3701,1.0,1.0,1.0,1.0,7.9,0,4,3,0
paired_1055,jd_1055_Civil_Engineer,real,0.0,0.0,0,0,0,0.449,0.565,0.1,1.0,0.75,0.6,5,2,3,0
paired_1058,jd_1058_DevOps_Engineer,real,0.37,0.4,3,1,6,0.5913,0.925,1.0,1.0,0.75,13.9,3,2,3,0
paired_1066,jd_1066_Mechanical_Designer,real,0.0,0.0,0,0,0,0.4815,0.565,0.1,1.0,0.75,1.7,5,2,3,0
paired_1069,jd_1069_Head_of_Internal_Con,real,0.0,0.0,0,0,0,0.5317,0.325,0.1,0.2,0.75,7.8,15,2,4,0
paired_1071,jd_1071_Marketing_Officer,real,1.0,1.0,2,0,0,0.5646,0.565,0.1,1.0,0.75,0.3,1,2,3,0
paired_1073,jd_1073_Head_of_Internal_Con,real,0.0,0.0,0,0,0,0.5681,0.25,0.1,0.2,0.5,0.8,15,2,4,0
paired_1076,jd_1076_Intern_(Generative_A,real,1.0,1.0,3,0,0,0.4422,1.0,1.0,1.0,1.0,16.2,0,2,3,0
paired_1077,jd_1077_Civil_Engineer,real,0.0,0.0,0,0,0,0.5183,1.0,1.0,1.0,1.0,7.1,5,2,3,0
paired_1082,jd_1082_Head_of_Internal_Con,real,0.0,0.0,0,0,0,0.6509,0.685,1.0,0.2,0.75,18.0,15,2,4,0
paired_1086,jd_1086_Asst._Manager/_Mange,real,1.0,1.0,1,0,0,0.4433,0.725,0.5,1.0,0.75,0.0,5,2,3,0
paired_1088,jd_1088_Business_Development,real,1.0,1.0,1,0,0,0.3197,0.925,1.0,1.0,0.75,21.3,0,2,3,0
paired_1093,jd_1093_Business_Development,real,1.0,1.0,1,0,0,0.4407,0.925,1.0,1.0,0.75,0.0,0,2,3,0
paired_1103,jd_1103_Marketing_Officer,real,1.0,1.0,2,0,0,0.6229,0.925,1.0,1.0,0.75,25.9,1,2,3,0
paired_1107,jd_1107_Mechanical_Engineer,real,0.0,0.0,0,0,0,0.4973,0.925,1.0,1.0,0.75,0.7,0,4,3,0
paired_1108,jd_1108_Project_Coordinator_,real,1.0,1.0,2,0,0,0.6671,1.0,1.0,1.0,1.0,35.3,0,2,3,0
paired_1112,jd_1112_Site_Engineer,real,0.6667,0.6667,2,0,1,0.4002,1.0,1.0,1.0,1.0,0.6,0,2,3,0
paired_1113,jd_1113_Marketing_Officer,real,1.0,1.0,2,0,0,0.4194,0.925,1.0,1.0,0.75,8.3,1,2,3,0
paired_1116,jd_1116_Mechanical_Designer,real,0.0,0.0,0,0,0,0.3934,0.925,1.0,1.0,0.75,18.3,5,2,3,0
paired_1117,jd_1117_Mechanical_Designer,real,0.0,0.0,0,0,0,0.4466,0.925,1.0,1.0,0.75,15.9,5,4,3,0
paired_1123,jd_1123_Business_Development,real,1.0,1.0,1,0,0,0.387,1.0,1.0,1.0,1.0,16.1,0,2,3,0
paired_1128,jd_1128_Mechanical_Engineer,real,0.0,0.0,0,0,0,0.2393,0.925,1.0,1.0,0.75,5.8,0,2,3,0
paired_1130,jd_1130_Business_Development,real,1.0,1.0,1,0,0,0.4038,1.0,1.0,1.0,1.0,7.1,0,2,3,0
paired_1135,jd_1135_Mechanical_Engineer,real,0.0,0.0,0,0,0,0.3497,0.925,1.0,1.0,0.75,1.7,0,2,3,0
paired_1137,jd_1137_Data_Science_Enginee,real,0.2857,0.2857,2,0,5,0.4446,0.925,1.0,1.0,0.75,5.0,2,2,3,0
paired_1139,jd_1139_Mechanical_Designer,real,0.0,0.0,0,0,0,0.4919,0.565,0.1,1.0,0.75,0.7,5,2,3,0
paired_1140,jd_1140_Business_Development,real,1.0,1.0,1,0,0,0.2571,0.925,1.0,1.0,0.75,6.3,0,2,3,0
paired_1147,jd_1147_Mechanical_Engineer,real,0.0,0.0,0,0,0,0.3796,1.0,1.0,1.0,1.0,5.8,0,2,3,0
paired_1148,jd_1148_Head_of_Internal_Con,real,0.0,0.0,0,0,0,0.505,0.565,0.1,1.0,0.75,0.8,15,4,4,0
paired_1149,jd_1149_Mechanical_Designer,real,0.0,0.0,0,0,0,0.4545,0.49,0.1,1.0,0.5,0.8,5,2,3,0
paired_1158,jd_1158_Site_Engineer,real,0.6667,0.6667,2,0,1,0.4894,1.0,1.0,1.0,1.0,0.0,0,4,3,0
paired_1166,jd_1166_Head_of_Internal_Con,real,0.0,0.0,0,0,0,0.5555,0.325,0.1,0.2,0.75,0.6,15,2,4,0
paired_1178,jd_1178_Head_of_Internal_Con,real,0.0,0.0,0,0,0,0.4993,0.325,0.1,0.2,0.75,1.7,15,2,4,0
paired_1181,jd_1181_Business_Development,real,1.0,1.0,1,0,0,0.5326,0.925,1.0,1.0,0.75,25.8,0,2,3,0
paired_1190,jd_1190_Executive_-_VAT,real,0.0,0.0,0,0,0,0.5439,0.925,1.0,1.0,0.75,7.2,0,2,3,0
paired_1194,jd_1194_AI_Engineer,real,0.6444,0.7778,5,1,2,0.55,0.685,1.0,0.2,0.75,25.9,0,2,4,0
paired_1200,jd_1200_Mechanical_Engineer,real,0.0,0.0,0,0,0,0.4665,0.925,1.0,1.0,0.75,7.2,0,2,3,0
paired_1202,jd_1202_Business_Development,real,1.0,1.0,1,0,0,0.4535,0.925,1.0,1.0,0.75,2.8,0,2,3,0
paired_1206,jd_1206_Data_Science_Enginee,real,0.2857,0.2857,2,0,5,0.5683,0.925,1.0,1.0,0.75,20.1,2,2,3,0
paired_1209,jd_1209_Marketing_Officer,real,1.0,1.0,2,0,0,0.6268,0.925,1.0,1.0,0.75,20.0,1,2,3,0
paired_1210,jd_1210_Mechanical_Engineer,real,0.0,0.0,0,0,0,0.5016,0.925,1.0,1.0,0.75,6.1,0,2,3,0
paired_1221,jd_1221_Network_Support_Engi,real,1.0,1.0,1,0,0,0.5833,0.725,0.5,1.0,0.75,0.0,3,2,3,0
paired_1224,jd_1224_Head_of_Internal_Con,real,0.0,0.0,0,0,0,0.5976,0.325,0.1,0.2,0.75,0.4,15,2,4,0
paired_1225,jd_1225_AI_Engineer,real,0.6444,0.7778,5,1,2,0.4193,1.0,1.0,1.0,1.0,31.8,0,4,4,0
paired_1228,jd_1228_Data_Science_Enginee,real,0.2857,0.2857,2,0,5,0.4784,0.925,1.0,1.0,0.75,20.5,2,2,3,0
paired_1230,jd_1230_Mechanical_Designer,real,0.0,0.0,0,0,0,0.414,1.0,1.0,1.0,1.0,7.2,5,2,3,0
paired_1231,jd_1231_Project_Coordinator_,real,1.0,1.0,2,0,0,0.3846,1.0,1.0,1.0,1.0,0.2,0,2,3,0
paired_1232,jd_1232_Mechanical_Engineer,real,0.0,0.0,0,0,0,0.4489,0.925,1.0,1.0,0.75,6.6,0,2,3,0
paired_1234,jd_1234_Executive/_Senior_Ex,real,0.0,0.0,0,0,0,0.5401,0.445,0.4,0.2,0.75,1.0,3,2,4,0
paired_1236,jd_1236_Marketing_Officer,real,1.0,1.0,2,0,0,0.7617,0.725,0.5,1.0,0.75,0.0,1,2,3,0
paired_1240,jd_1240_Data_Science_Enginee,real,0.2857,0.2857,2,0,5,0.4583,0.925,1.0,1.0,0.75,9.2,2,4,3,0
paired_1244,jd_1244_Civil_Engineer,real,0.0,0.0,0,0,0,0.4842,0.565,0.1,1.0,0.75,0.9,5,2,3,0
paired_1245,jd_1245_Site_Engineer,real,0.6667,0.6667,2,0,1,0.5668,1.0,1.0,1.0,1.0,0.0,0,2,3,0
paired_1250,jd_1250_Mechanical_Designer,real,0.0,0.0,0,0,0,0.4628,0.725,0.5,1.0,0.75,0.0,5,2,3,0
paired_1264,jd_1264_HR_Officer,real,1.0,1.0,1,0,0,0.4055,0.925,1.0,1.0,0.75,4.5,0,2,3,0
paired_1270,jd_1270_Head_of_Internal_Con,real,0.0,0.0,0,0,0,0.6891,0.325,0.1,0.2,0.75,0.7,15,2,4,0
paired_1276,jd_1276_Head_of_Internal_Con,real,0.0,0.0,0,0,0,0.4955,0.325,0.1,0.2,0.75,7.4,15,2,4,0
paired_1281,jd_1281_Executive_-_VAT,real,0.0,0.0,0,0,0,0.5131,0.925,1.0,1.0,0.75,7.2,0,2,3,0
paired_1283,jd_1283_Business_Development,real,1.0,1.0,1,0,0,0.4493,0.925,1.0,1.0,0.75,0.2,0,2,3,0
paired_1298,jd_1298_Senior_Software_Engi,real,1.0,1.0,2,0,0,0.5218,0.925,1.0,1.0,0.75,13.9,1,2,3,0
paired_1301,jd_1301_Site_Engineer,real,0.6667,0.6667,2,0,1,0.4512,1.0,1.0,1.0,1.0,0.7,0,2,3,0
paired_1302,jd_1302_Head_of_Internal_Con,real,0.0,0.0,0,0,0,0.4824,0.485,0.5,0.2,0.75,0.0,15,2,4,0
paired_1305,jd_1305_Executive_-_VAT,real,0.0,0.0,0,0,0,0.7629,0.85,1.0,1.0,0.5,63.3,0,2,3,0
paired_1307,jd_1307_Civil_Engineer,real,0.0,0.0,0,0,0,0.5936,0.565,0.1,1.0,0.75,0.5,5,2,3,0
paired_1311,jd_1311_Marketing_Officer,real,1.0,1.0,2,0,0,0.5723,1.0,1.0,1.0,1.0,6.4,1,2,3,0
paired_1323,jd_1323_Mechanical_Engineer,real,0.0,0.0,0,0,0,0.4147,0.925,1.0,1.0,0.75,1.4,0,2,3,0
paired_1332,jd_1332_Civil_Engineer,real,0.0,0.0,0,0,0,0.4644,0.925,1.0,1.0,0.75,13.8,5,2,3,0
paired_1341,jd_1341_Project_Coordinator_,real,1.0,1.0,2,0,0,0.459,1.0,1.0,1.0,1.0,6.3,0,2,3,0
paired_1345,jd_1345_Site_Engineer,real,0.6667,0.6667,2,0,1,0.5113,1.0,1.0,1.0,1.0,0.0,0,2,3,0
paired_1348,jd_1348_Civil_Engineer,real,0.0,0.0,0,0,0,0.4535,0.565,0.1,1.0,0.75,1.7,5,2,3,0
paired_1350,jd_1350_Site_Engineer,real,1.0,1.0,3,0,0,0.5629,1.0,1.0,1.0,1.0,52.1,0,2,3,0
paired_1359,jd_1359_Civil_Engineer,real,0.0,0.0,0,0,0,0.5135,0.565,0.1,1.0,0.75,0.6,5,2,3,0
paired_1365,jd_1365_Senior_Software_Engi,real,1.0,1.0,2,0,0,0.4049,0.925,1.0,1.0,0.75,5.8,1,2,3,0
paired_1367,jd_1367_HR_Officer,real,1.0,1.0,1,0,0,0.3827,0.925,1.0,1.0,0.75,1.2,0,2,3,0
paired_1370,jd_1370_Manager-_Human_Resou,real,1.0,1.0,1,0,0,0.4273,0.685,1.0,0.2,0.75,0.4,0,2,4,0
paired_1379,jd_1379_Mechanical_Designer,real,0.0,0.0,0,0,0,0.4554,0.925,1.0,1.0,0.75,6.2,5,2,3,0
paired_1384,jd_1384_Executive_-_VAT,real,0.0,0.0,0,0,0,0.5205,1.0,1.0,1.0,1.0,0.1,0,2,3,0
paired_1386,jd_1386_Site_Engineer,real,0.6667,0.6667,2,0,1,0.5378,1.0,1.0,1.0,1.0,19.7,0,2,3,0
paired_1390,jd_1390_Manager-_Human_Resou,real,1.0,1.0,1,0,0,0.4648,0.685,1.0,0.2,0.75,0.7,0,2,4,0
paired_1395,jd_1395_Sr.Officer_/_Executi,real,0.0,0.0,0,0,0,0.0854,0.685,1.0,0.2,0.75,12.9,0,2,4,0
paired_1396,jd_1396_Executive_-_VAT,real,0.0,0.0,0,0,0,0.4943,1.0,1.0,1.0,1.0,1.7,0,2,3,0
paired_1403,jd_1403_Head_of_Internal_Con,real,0.0,0.0,0,0,0,0.5379,0.325,0.1,0.2,0.75,0.2,15,2,4,0
paired_1404,jd_1404_Senior_iOS_Engineer,real,0.75,1.0,2,2,0,0.6454,0.925,1.0,1.0,0.75,28.9,4,2,3,0
paired_1411,jd_1411_Civil_Engineer,real,0.0,0.0,0,0,0,0.4858,0.725,0.5,1.0,0.75,0.0,5,2,3,0
paired_1414,jd_1414_Business_Development,real,1.0,1.0,1,0,0,0.3899,0.925,1.0,1.0,0.75,0.0,0,2,3,0
paired_1422,jd_1422_Mechanical_Engineer,real,0.0,0.0,0,0,0,0.4167,0.925,1.0,1.0,0.75,6.9,0,2,3,0
paired_1425,jd_1425_Mechanical_Engineer,real,0.0,0.0,0,0,0,0.3599,0.925,1.0,1.0,0.75,5.3,0,2,3,0
paired_1426,jd_1426_Project_Coordinator_,real,1.0,1.0,2,0,0,0.4055,1.0,1.0,1.0,1.0,1.0,0,2,3,0
paired_1431,jd_1431_Mechanical_Engineer,real,0.0,0.0,0,0,0,0.3484,0.925,1.0,1.0,0.75,0.6,0,2,3,0
paired_1439,jd_1439_Site_Engineer,real,0.6667,0.6667,2,0,1,0.496,1.0,1.0,1.0,1.0,6.9,0,2,3,0
paired_1445,jd_1445_Marketing_Officer,real,1.0,1.0,2,0,0,0.5325,0.565,0.1,1.0,0.75,0.4,1,2,3,0
paired_1476,jd_1476_Marketing_Officer,real,1.0,1.0,2,0,0,0.7324,0.925,1.0,1.0,0.75,19.7,1,2,3,0
paired_1479,jd_1479_DevOps_Engineer,real,0.37,0.4,3,1,6,0.5007,0.925,1.0,1.0,0.75,39.8,3,2,3,0
paired_1485,jd_1485_Mechanical_Designer,real,0.0,0.0,0,0,0,0.3879,0.64,0.1,1.0,1.0,1.7,5,2,3,0
paired_1487,jd_1487_Sr.Officer_/_Executi,real,0.0,0.0,0,0,0,0.3369,0.685,1.0,0.2,0.75,1.0,0,2,4,0
paired_1497,jd_1497_Civil_Engineer,real,0.0,0.0,0,0,0,0.3418,0.725,0.5,1.0,0.75,0.0,5,2,3,0
paired_1502,jd_1502_Senior_Software_Engi,real,1.0,1.0,2,0,0,0.5386,0.925,1.0,1.0,0.75,30.9,1,2,3,0
paired_1503,jd_1503_Executive/_Sr._Execu,real,1.0,1.0,1,0,0,0.4932,0.925,1.0,1.0,0.75,9.8,0,2,3,0
paired_1516,jd_1516_Mechanical_Designer,real,0.0,0.0,0,0,0,0.5118,0.565,0.1,1.0,0.75,1.4,5,2,3,0
paired_1521,jd_1521_Head_of_Internal_Con,real,0.0,0.0,0,0,0,0.4797,0.325,0.1,0.2,0.75,0.4,15,2,4,0
paired_1526,jd_1526_Management_Trainee_-,real,0.0,0.0,0,0,1,0.3842,1.0,1.0,1.0,1.0,6.8,0,2,3,0
paired_1543,jd_1543_Site_Engineer,real,0.6667,0.6667,2,0,1,0.4869,1.0,1.0,1.0,1.0,17.9,0,2,3,0
paired_1547,jd_1547_Data_Science_Enginee,real,0.2857,0.2857,2,0,5,0.493,1.0,1.0,1.0,1.0,3.6,2,2,3,0
paired_1556,jd_1556_Management_Trainee_-,real,0.0,0.0,0,0,1,0.499,0.925,1.0,1.0,0.75,0.8,0,2,3,0
paired_1558,jd_1558_Mechanical_Engineer,real,0.0,0.0,0,0,0,0.2767,0.925,1.0,1.0,0.75,6.2,0,2,3,0
paired_1564,jd_1564_Site_Engineer,real,0.6667,0.6667,2,0,1,0.5428,1.0,1.0,1.0,1.0,1.2,0,2,3,0
paired_1565,jd_1565_Head_of_Internal_Con,real,0.0,0.0,0,0,0,0.5263,0.325,0.1,0.2,0.75,6.7,15,2,4,0
paired_1572,jd_1572_Mechanical_Designer,real,0.0,0.0,0,0,0,0.4352,1.0,1.0,1.0,1.0,21.9,5,2,3,0
paired_1577,jd_1577_Manager-_Human_Resou,real,1.0,1.0,1,0,0,0.4085,0.685,1.0,0.2,0.75,1.7,0,2,4,0
paired_1578,jd_1578_Head_of_Internal_Con,real,0.0,0.0,0,0,0,0.5217,0.325,0.1,0.2,0.75,5.9,15,2,4,0
paired_1586,jd_1586_Business_Development,real,1.0,1.0,1,0,0,0.4199,0.925,1.0,1.0,0.75,18.5,0,5,3,0
paired_1604,jd_1604_Site_Engineer,real,0.6667,0.6667,2,0,1,0.4836,1.0,1.0,1.0,1.0,0.0,0,2,3,0
paired_1616,jd_1616_Marketing_Officer,real,1.0,1.0,2,0,0,0.607,1.0,1.0,1.0,1.0,3.0,1,2,3,0
paired_1622,jd_1622_Senior_Software_Engi,real,1.0,1.0,2,0,0,0.5053,0.925,1.0,1.0,0.75,20.9,1,2,3,0
paired_1627,jd_1627_Senior_Software_Engi,real,1.0,1.0,2,0,0,0.4314,0.925,1.0,1.0,0.75,33.0,1,2,3,0
paired_1634,jd_1634_Mechanical_Engineer,real,0.0,0.0,0,0,0,0.5848,0.925,1.0,1.0,0.75,19.9,0,2,3,0
paired_1643,jd_1643_Data_Engineer,real,0.5714,0.5714,4,0,3,0.6117,0.925,1.0,1.0,0.75,28.0,0,2,3,0
paired_1651,jd_1651_Manager-_Human_Resou,real,1.0,1.0,1,0,0,0.2667,0.76,1.0,0.2,1.0,6.6,0,2,4,0
paired_1657,jd_1657_Site_Engineer,real,0.6667,0.6667,2,0,1,0.4844,1.0,1.0,1.0,1.0,7.2,0,2,3,0
paired_1661,jd_1661_Business_Development,real,1.0,1.0,1,0,0,0.3206,1.0,1.0,1.0,1.0,0.1,0,2,3,0
paired_1667,jd_1667_Head_of_Internal_Con,real,0.0,0.0,0,0,0,0.4805,0.325,0.1,0.2,0.75,0.2,15,2,4,0
paired_1689,jd_1689_Business_Development,real,1.0,1.0,1,0,0,0.483,0.925,1.0,1.0,0.75,1.2,0,2,3,0
paired_1690,jd_1690_Marketing_Officer,real,1.0,1.0,2,0,0,0.5383,0.925,1.0,1.0,0.75,1.7,1,2,3,0
paired_1691,jd_1691_Mechanical_Engineer,real,0.0,0.0,0,0,0,0.4524,0.925,1.0,1.0,0.75,6.2,0,2,3,0
paired_1699,jd_1699_Civil_Engineer,real,0.0,0.0,0,0,0,0.3645,0.725,0.5,1.0,0.75,0.0,5,2,3,0
paired_1701,jd_1701_Senior_iOS_Engineer,real,0.75,1.0,2,2,0,0.6268,0.925,1.0,1.0,0.75,15.9,4,4,3,0
paired_1704,jd_1704_Data_Science_Enginee,real,0.2857,0.2857,2,0,5,0.471,1.0,1.0,1.0,1.0,34.3,2,2,3,0
paired_1705,jd_1705_Site_Engineer,real,1.0,1.0,3,0,0,0.5576,1.0,1.0,1.0,1.0,8.0,0,2,3,0
paired_1709,jd_1709_Mechanical_Designer,real,0.0,0.0,0,0,0,0.5075,0.925,1.0,1.0,0.75,6.5,5,2,3,0
paired_1711,jd_1711_Site_Engineer,real,0.6667,0.6667,2,0,1,0.4834,1.0,1.0,1.0,1.0,4.5,0,2,3,0
paired_1714,jd_1714_Civil_Engineer,real,0.0,0.0,0,0,0,0.369,0.925,1.0,1.0,0.75,6.9,5,2,3,0
paired_1720,jd_1720_Senior_Software_Engi,real,1.0,1.0,2,0,0,0.4269,0.565,0.1,1.0,0.75,0.7,1,2,3,0
paired_1725,jd_1725_Civil_Engineer,real,0.0,0.0,0,0,0,0.4632,0.925,1.0,1.0,0.75,21.9,5,4,3,0
paired_1739,jd_1739_Site_Engineer,real,0.6667,0.6667,2,0,1,0.4958,1.0,1.0,1.0,1.0,6.3,0,2,3,0
paired_1748,jd_1748_Intern_(Generative_A,real,1.0,1.0,3,0,0,0.4634,0.925,1.0,1.0,0.75,13.9,0,2,3,0
paired_1752,jd_1752_HR_Officer,real,1.0,1.0,1,0,0,0.4071,0.925,1.0,1.0,0.75,7.0,0,2,3,0
paired_1756,jd_1756_Executive_-_VAT,real,0.0,0.0,0,0,0,0.5811,0.925,1.0,1.0,0.75,27.9,0,2,3,0
paired_1765,jd_1765_Data_Science_Enginee,real,0.2857,0.2857,2,0,5,0.3569,0.925,1.0,1.0,0.75,23.9,2,2,3,0
paired_1771,jd_1771_Head_of_Internal_Con,real,0.0,0.0,0,0,0,0.5074,0.445,0.1,0.6,0.75,7.0,15,3,4,0
paired_1772,jd_1772_Mechanical_Designer,real,0.0,0.0,0,0,0,0.3599,0.925,1.0,1.0,0.75,7.4,5,2,3,0
paired_1778,jd_1778_Senior_iOS_Engineer,real,0.75,1.0,2,2,0,0.4891,0.725,0.5,1.0,0.75,0.0,4,2,3,0
paired_1794,jd_1794_Mechanical_Designer,real,0.0,0.0,0,0,0,0.2972,0.925,1.0,1.0,0.75,5.8,5,2,3,0
paired_1805,jd_1805_Head_of_Internal_Con,real,0.0,0.0,0,0,0,0.7189,0.325,0.1,0.2,0.75,5.5,15,2,4,0
paired_1810,jd_1810_Business_Development,real,1.0,1.0,1,0,0,0.3972,0.925,1.0,1.0,0.75,16.7,0,2,3,0
paired_1816,jd_1816_Data_Science_Enginee,real,0.4286,0.4286,3,0,4,0.5279,0.925,1.0,1.0,0.75,21.9,2,4,3,0
paired_1821,jd_1821_Mechanical_Designer,real,0.0,0.0,0,0,0,0.2809,1.0,1.0,1.0,1.0,20.9,5,2,3,0
paired_1824,jd_1824_Head_of_Internal_Con,real,0.0,0.0,0,0,0,0.4625,0.4,0.1,0.2,1.0,6.3,15,2,4,0
paired_1831,jd_1831_Business_Development,real,1.0,1.0,1,0,0,0.3593,1.0,1.0,1.0,1.0,6.3,0,2,3,0
paired_1832,jd_1832_Business_Development,real,1.0,1.0,1,0,0,0.5191,0.925,1.0,1.0,0.75,28.9,0,2,3,0
paired_1837,jd_1837_Data_Engineer,real,0.5714,0.5714,4,0,3,0.5663,1.0,1.0,1.0,1.0,16.2,0,2,3,0
paired_1838,jd_1838_Marketing_Officer,real,1.0,1.0,2,0,0,0.5869,0.925,1.0,1.0,0.75,28.9,1,2,3,0
paired_1840,jd_1840_Business_Development,real,1.0,1.0,1,0,0,0.4026,0.925,1.0,1.0,0.75,1.0,0,2,3,0
paired_1842,jd_1842_Mechanical_Designer,real,0.0,0.0,0,0,0,0.4326,0.565,0.1,1.0,0.75,1.8,5,2,3,0
paired_1846,jd_1846_Civil_Engineer,real,0.0,0.0,0,0,0,0.5108,0.925,1.0,1.0,0.75,6.7,5,2,3,0
paired_1847,jd_1847_Civil_Engineer,real,0.0,0.0,0,0,0,0.5124,0.925,1.0,1.0,0.75,6.2,5,2,3,0
paired_1860,jd_1860_Head_of_Internal_Con,real,0.0,0.0,0,0,0,0.6795,0.325,0.1,0.2,0.75,5.9,15,2,4,0
paired_1869,jd_1869_Site_Engineer,real,0.6667,0.6667,2,0,1,0.3423,1.0,1.0,1.0,1.0,22.0,0,2,3,0
paired_1870,jd_1870_Manager-_Human_Resou,real,1.0,1.0,1,0,0,0.2717,0.685,1.0,0.2,0.75,6.3,0,2,4,0
paired_1873,jd_1873_Executive_-_VAT,real,0.0,0.0,0,0,0,0.4803,0.925,1.0,1.0,0.75,0.4,0,2,3,0
paired_1880,jd_1880_Marketing_Officer,real,1.0,1.0,2,0,0,0.705,0.565,0.1,1.0,0.75,0.2,1,2,3,0
paired_1881,jd_1881_Manager-_Human_Resou,real,1.0,1.0,1,0,0,0.3362,0.685,1.0,0.2,0.75,0.6,0,2,4,0
paired_1882,jd_1882_Mechanical_Engineer,real,0.0,0.0,0,0,0,0.4771,0.925,1.0,1.0,0.75,6.1,0,3,3,0
paired_1886,jd_1886_HR_Officer,real,1.0,1.0,1,0,0,0.4306,0.925,1.0,1.0,0.75,1.0,0,3,3,0
paired_1896,jd_1896_Executive_-_VAT,real,0.0,0.0,0,0,0,0.5654,0.925,1.0,1.0,0.75,6.7,0,2,3,0
paired_1900,jd_1900_Mechanical_Engineer,real,0.0,0.0,0,0,0,0.3449,0.925,1.0,1.0,0.75,0.0,0,2,3,0
paired_1902,jd_1902_Machine_Learning_(ML,real,1.0,1.0,8,0,0,0.6692,0.685,1.0,0.2,0.75,41.0,5,2,4,0
paired_1914,jd_1914_Marketing_Officer,real,1.0,1.0,2,0,0,0.425,1.0,1.0,1.0,1.0,6.3,1,2,3,0
paired_1919,jd_1919_Civil_Engineer,real,0.0,0.0,0,0,0,0.4415,0.925,1.0,1.0,0.75,18.5,5,5,3,0
paired_1920,jd_1920_DevOps_Engineer,real,0.37,0.4,3,1,6,0.2623,0.925,1.0,1.0,0.75,23.9,3,2,3,0
paired_1923,jd_1923_Head_of_Internal_Con,real,0.0,0.0,0,0,0,0.4826,0.485,0.5,0.2,0.75,0.0,15,2,4,0
paired_1925,jd_1925_Civil_Engineer,real,0.0,0.0,0,0,0,0.5298,0.64,0.1,1.0,1.0,2.0,5,2,3,0
paired_1932,jd_1932_Asst._Manager/_Mange,real,1.0,1.0,1,0,0,0.4276,0.565,0.1,1.0,0.75,0.6,5,2,3,0
paired_1935,jd_1935_Mechanical_Engineer,real,0.0,0.0,0,0,0,0.2172,1.0,1.0,1.0,1.0,5.9,0,3,3,0
paired_1942,jd_1942_Head_of_Internal_Con,real,0.0,0.0,0,0,0,0.5974,0.325,0.1,0.2,0.75,0.7,15,2,4,0
paired_1943,jd_1943_Sr.Officer_/_Executi,real,0.0,0.0,0,0,0,0.4123,0.76,1.0,0.2,1.0,0.1,0,2,4,0
paired_1944,jd_1944_Senior_Software_Engi,real,1.0,1.0,2,0,0,0.6257,0.925,1.0,1.0,0.75,19.9,1,2,3,0
paired_1947,jd_1947_Business_Development,real,1.0,1.0,1,0,0,0.5564,1.0,1.0,1.0,1.0,0.0,0,2,3,0
paired_1958,jd_1958_Mechanical_Designer,real,0.0,0.0,0,0,0,0.4483,0.925,1.0,1.0,0.75,7.3,5,2,3,0
paired_1965,jd_1965_Head_of_Internal_Con,real,0.0,0.0,0,0,0,0.7222,0.325,0.1,0.2,0.75,0.5,15,2,4,0
paired_1975,jd_1975_Mechanical_Designer,real,0.0,0.0,0,0,0,0.4579,0.565,0.1,1.0,0.75,0.7,5,2,3,0
paired_1979,jd_1979_HR_Officer,real,1.0,1.0,1,0,0,0.4126,0.925,1.0,1.0,0.75,6.8,0,2,3,0
paired_1981,jd_1981_Mechanical_Designer,real,0.0,0.0,0,0,0,0.4341,0.925,1.0,1.0,0.75,21.9,5,4,3,0
paired_1988,jd_1988_Business_Development,real,1.0,1.0,1,0,0,0.3216,0.925,1.0,1.0,0.75,27.0,0,2,3,0
paired_1991,jd_1991_Business_Development,real,1.0,1.0,1,0,0,0.302,0.925,1.0,1.0,0.75,6.1,0,2,3,0
paired_1993,jd_1993_Business_Development,real,1.0,1.0,1,0,0,0.3201,0.925,1.0,1.0,0.75,4.9,0,2,3,0
paired_2006,jd_2006_Business_Development,real,1.0,1.0,1,0,0,0.3388,1.0,1.0,1.0,1.0,6.5,0,2,3,0
paired_2008,jd_2008_Project_Coordinator_,real,1.0,1.0,2,0,0,0.4178,1.0,1.0,1.0,1.0,0.0,0,2,3,0
paired_2012,jd_2012_Mechanical_Designer,real,0.0,0.0,0,0,0,0.401,1.0,1.0,1.0,1.0,6.3,5,2,3,0
paired_2016,jd_2016_Manager-_Human_Resou,real,1.0,1.0,1,0,0,0.3124,0.685,1.0,0.2,0.75,0.2,0,2,4,0
paired_2034,jd_2034_Intern_(Generative_A,real,1.0,1.0,3,0,0,0.7294,0.85,1.0,1.0,0.5,63.3,0,2,3,0
paired_2035,jd_2035_Marketing_Officer,real,1.0,1.0,2,0,0,0.3583,0.925,1.0,1.0,0.75,23.1,1,2,3,0
paired_2038,jd_2038_Business_Development,real,1.0,1.0,1,0,0,0.2838,1.0,1.0,1.0,1.0,27.9,0,2,3,0
paired_2041,jd_2041_Manager-_Human_Resou,real,1.0,1.0,1,0,0,0.3946,0.76,1.0,0.2,1.0,7.2,0,2,4,0
paired_2042,jd_2042_Data_Engineer,real,0.7143,0.7143,5,0,2,0.6784,1.0,1.0,1.0,1.0,5.8,0,2,3,0
paired_2049,jd_2049_Mechanical_Designer,real,0.0,0.0,0,0,0,0.2847,0.925,1.0,1.0,0.75,20.8,5,2,3,0
paired_2051,jd_2051_Executive_-_VAT,real,0.0,0.0,0,0,0,0.5606,0.925,1.0,1.0,0.75,0.7,0,2,3,0
paired_2052,jd_2052_Full_Stack_Developer,real,0.9842,1.0,18,1,0,0.7638,1.0,1.0,1.0,1.0,0.0,0,2,3,0
paired_2061,jd_2061_Business_Development,real,1.0,1.0,1,0,0,0.5536,1.0,1.0,1.0,1.0,39.8,0,4,3,0
paired_2063,jd_2063_Mechanical_Designer,real,0.0,0.0,0,0,0,0.3596,0.565,0.1,1.0,0.75,0.6,5,2,3,0
paired_2075,jd_2075_Civil_Engineer,real,0.0,0.0,0,0,0,0.3542,1.0,1.0,1.0,1.0,6.5,5,2,3,0
paired_2076,jd_2076_Mechanical_Designer,real,0.0,0.0,0,0,0,0.3464,0.565,0.1,1.0,0.75,1.1,5,2,3,0
paired_2078,jd_2078_Civil_Engineer,real,0.0,0.0,0,0,0,0.3827,0.925,1.0,1.0,0.75,16.0,5,2,3,0
paired_2080,jd_2080_Mechanical_Designer,real,0.0,0.0,0,0,0,0.4902,0.925,1.0,1.0,0.75,6.5,5,4,3,0
paired_2094,jd_2094_Intern_(Generative_A,real,1.0,1.0,3,0,0,0.5658,0.925,1.0,1.0,0.75,25.9,0,2,3,0
paired_2102,jd_2102_Marketing_Officer,real,1.0,1.0,2,0,0,0.5613,0.725,0.5,1.0,0.75,0.0,1,2,3,0
paired_2108,jd_2108_Head_of_Internal_Con,real,0.0,0.0,0,0,0,0.6935,0.325,0.1,0.2,0.75,0.8,15,2,4,0
paired_2109,jd_2109_Intern_(Generative_A,real,1.0,1.0,3,0,0,0.5919,0.925,1.0,1.0,0.75,20.9,0,2,3,0
friend_abdul_ahad,backend_swe_fullstack,general,0.5077,0.5769,11,4,11,0.4097,0.8,0.5,1.0,1.0,0,1,3,3,1
friend_abdul_ahad,frontend_developer_fresher,general,0.6545,0.8182,5,4,2,0.54,1.0,1.0,1.0,1.0,0,0,3,3,1
friend_abdul_ahad,fullstack_developer_fresher,general,0.4458,0.5417,8,5,11,0.5104,1.0,1.0,1.0,1.0,0,0,3,3,1
friend_abhinandan_,backend_swe_fullstack,general,0.5923,0.7308,11,7,7,0.4145,0.8,0.5,1.0,1.0,0,1,3,3,1
friend_abhinandan_,data_scientist,general,0.2286,0.2857,2,2,10,0.072,0.88,1.0,0.6,1.0,0,0,3,4,0
friend_abhinandan_,flutter_developer_fresher,general,0.2833,0.3333,2,2,8,0.165,0.88,1.0,0.6,1.0,0,0,3,4,0
friend_abhinandan_,junior_ml_engineer,general,0.19,0.3,2,2,14,0.063,0.68,0.5,0.6,1.0,0,3,3,4,0
friend_abhishek_,data_scientist,general,0.2143,0.3571,1,3,9,0.2193,0.88,1.0,0.6,1.0,0,0,3,4,0
friend_abhishek_,frontend_developer_fresher,general,0.6818,0.8182,6,3,2,0.4239,1.0,1.0,1.0,1.0,0,0,3,3,1
friend_abhishek_,fullstack_developer_fresher,general,0.4625,0.5417,8,5,11,0.4812,1.0,1.0,1.0,1.0,0,0,3,3,1
friend_abhishek_,mern_stack_developer,general,0.4455,0.5,7,4,11,0.418,0.88,1.0,0.6,1.0,0,0,3,4,1
friend_abhishek_,php_fullstack_developer,general,0.4286,0.5714,6,4,9,0.4808,0.88,1.0,0.6,1.0,0,0,3,4,1
friend_abhit_kumar,backend_swe_fullstack,general,0.5577,0.7308,10,8,7,0.5697,1.0,1.0,1.0,1.0,1,1,3,3,1
friend_abhit_kumar,frontend_developer_fresher,general,0.6818,0.8182,6,3,2,0.506,1.0,1.0,1.0,1.0,1,0,3,3,1
friend_abhit_kumar,fullstack_developer_fresher,general,0.625,0.75,12,6,6,0.6634,1.0,1.0,1.0,1.0,1,0,3,3,1
friend_abhit_kumar,fullstack_developer_general,general,0.5094,0.6562,12,8,11,0.4632,0.88,1.0,0.6,1.0,1,0,3,4,1
friend_abhit_kumar,golang_backend_developer,general,0.75,0.9286,8,4,1,0.4505,1.0,1.0,1.0,1.0,1,0,3,3,1
friend_abhit_kumar,google_swe_early_career,general,0.58,0.8,4,3,2,0.4703,1.0,1.0,1.0,1.0,1,1,3,3,1
friend_abhit_kumar,google_swe_generalist,general,0.6867,0.8667,8,4,2,0.452,1.0,1.0,1.0,1.0,1,1,3,3,1
friend_abhit_kumar,java_backend_developer,general,0.495,0.75,6,6,5,0.488,1.0,1.0,1.0,1.0,1,0,3,3,1
friend_abhit_kumar,laravel_developer,general,0.5556,0.7222,7,6,5,0.4409,0.88,1.0,0.6,1.0,1,0,3,4,1
friend_abhit_kumar,mern_stack_developer,general,0.5909,0.6364,12,2,8,0.6028,0.88,1.0,0.6,1.0,1,0,3,4,1
friend_abhit_kumar,php_fullstack_developer,general,0.5619,0.8095,7,9,4,0.623,0.88,1.0,0.6,1.0,1,0,3,4,1
friend_abhit_kumar,software_engineer_general,general,0.4818,0.6818,7,6,7,0.5275,1.0,1.0,1.0,1.0,1,0,3,3,1
friend_adarsh_kumar,backend_swe_fullstack,general,0.5154,0.6923,8,9,8,0.4262,0.725,0.5,1.0,0.75,0,1,3,3,1
friend_adarsh_kumar,flutter_developer_fresher,general,0.1667,0.1667,2,0,10,0.2773,0.805,1.0,0.6,0.75,0,0,3,4,0
friend_adarsh_kumar,frontend_developer_fresher,general,0.6818,0.8182,6,3,2,0.475,0.925,1.0,1.0,0.75,0,0,3,3,1
friend_adarsh_kumar,fullstack_developer_fresher,general,0.5583,0.6667,10,6,8,0.5411,0.925,1.0,1.0,0.75,0,0,3,3,1
friend_adarsh_kumar,mern_stack_developer,general,0.5045,0.5909,8,5,9,0.5195,0.805,1.0,0.6,0.75,0,0,3,4,1
friend_aditya_gupta,backend_swe_fullstack,general,0.5462,0.6923,10,7,8,0.45,0.725,0.5,1.0,0.75,0,1,3,3,1
friend_aditya_gupta,frontend_developer_fresher,general,0.7273,0.9091,6,4,1,0.47,0.925,1.0,1.0,0.75,0,0,3,3,1
friend_aditya_gupta,fullstack_developer_fresher,general,0.6333,0.75,12,6,6,0.5751,0.925,1.0,1.0,0.75,0,0,3,3,1
friend_aditya_gupta,mern_stack_developer,general,0.5636,0.6364,10,4,8,0.5425,0.805,1.0,0.6,0.75,0,0,3,4,1
friend_aditya_gupta,php_fullstack_developer,general,0.5524,0.8095,7,7,4,0.5094,0.805,1.0,0.6,0.75,0,0,3,4,1
friend_aditya_sharma,backend_swe_fullstack,general,0.6077,0.7308,11,8,7,0.5077,0.725,0.5,1.0,0.75,0,1,3,3,1
friend_aditya_sharma,frontend_developer_fresher,general,0.8636,1.0,8,3,0,0.4866,0.925,1.0,1.0,0.75,0,0,3,3,1
friend_aditya_sharma,fullstack_developer_fresher,general,0.6208,0.7083,12,5,7,0.5652,0.925,1.0,1.0,0.75,0,0,3,3,1
friend_aditya_sharma,fullstack_developer_general,general,0.6,0.7188,15,7,9,0.466,0.805,1.0,0.6,0.75,0,0,3,4,1
friend_aditya_sharma,google_ml_engineer,general,0.57,0.7,9,4,6,0.4174,0.725,0.5,1.0,0.75,0,1,3,3,1
friend_aditya_sharma,google_swe_early_career,general,0.62,0.7,5,2,3,0.4335,0.725,0.5,1.0,0.75,0,1,3,3,1
friend_aditya_sharma,google_swe_generalist,general,0.84,0.9333,10,4,1,0.4182,0.725,0.5,1.0,0.75,0,1,3,3,1
friend_aditya_sharma,mern_stack_developer,general,0.6409,0.7273,11,5,6,0.5596,0.805,1.0,0.6,0.75,0,0,3,4,1
friend_aditya_sharma,php_fullstack_developer,general,0.5952,0.7619,9,5,5,0.4582,0.805,1.0,0.6,0.75,0,0,3,4,1
friend_aditya_sharma,software_engineer_general,general,0.4955,0.6364,7,6,8,0.5125,0.925,1.0,1.0,0.75,0,0,3,3,1
friend_ajay_kumar_maurya,frontend_developer_fresher,general,0.5455,0.7273,4,4,3,0.5261,0.925,1.0,1.0,0.75,0,0,3,3,1
friend_ajay_kumar_maurya,fullstack_developer_fresher,general,0.4375,0.5417,8,5,11,0.549,0.925,1.0,1.0,0.75,0,0,3,3,1
friend_ajay_kumar_maurya,google_swe_generalist,general,0.4667,0.4667,7,0,8,0.4296,0.725,0.5,1.0,0.75,0,1,3,3,1
friend_ajay_kumar_maurya,junior_ml_engineer,general,0.0,0.0,0,0,20,0.2026,0.605,0.5,0.6,0.75,0,3,3,4,0
friend_ajay_kumar_maurya,mern_stack_developer,general,0.4318,0.4545,9,1,12,0.483,0.805,1.0,0.6,0.75,0,0,3,4,1
friend_akshay_tiwari,frontend_developer_fresher,general,0.6818,0.8182,6,3,2,0.5135,0.925,1.0,1.0,0.75,0,0,3,3,1
friend_akshay_tiwari,fullstack_developer_fresher,general,0.6417,0.75,12,6,6,0.5125,0.925,1.0,1.0,0.75,0,0,3,3,1
friend_akshay_tiwari,mern_stack_developer,general,0.5955,0.6818,10,5,7,0.4151,0.805,1.0,0.6,0.75,0,0,3,4,1
friend_akshay_tiwari,php_fullstack_developer,general,0.4524,0.5714,7,4,9,0.4008,0.805,1.0,0.6,0.75,0,0,3,4,1
friend_akshit_dimri,frontend_developer_fresher,general,0.5,0.7273,3,5,3,0.5004,1.0,1.0,1.0,1.0,0,0,3,3,1
friend_akshit_dimri,fullstack_developer_fresher,general,0.4083,0.5833,6,7,10,0.5215,1.0,1.0,1.0,1.0,0,0,3,3,1
friend_akshit_dimri,google_swe_early_career,general,0.43,0.5,4,0,5,0.4216,0.8,0.5,1.0,1.0,0,1,3,3,1
friend_akshit_dimri,google_swe_generalist,general,0.62,0.6667,9,0,5,0.459,0.8,0.5,1.0,1.0,0,1,3,3,1
friend_akshit_dimri,junior_ml_engineer,general,0.15,0.2,2,2,16,0.2469,0.68,0.5,0.6,1.0,0,3,3,4,0
friend_aman_kumar,android_developer,general,0.24,0.3,1,2,7,0.2574,0.605,0.5,0.6,0.75,0,1,3,4,0
friend_aman_kumar,backend_swe_fullstack,general,0.5231,0.6538,9,8,9,0.4515,0.725,0.5,1.0,0.75,0,1,3,3,1
friend_aman_kumar,data_scientist,general,0.25,0.3571,2,2,9,0.2575,0.805,1.0,0.6,0.75,0,0,3,4,0
friend_aman_kumar,frontend_developer_fresher,general,0.6818,0.8182,6,3,2,0.5355,0.925,1.0,1.0,0.75,0,0,3,3,1
friend_aman_kumar,fullstack_developer_fresher,general,0.6708,0.7917,12,7,5,0.5045,0.925,1.0,1.0,0.75,0,0,3,3,1
friend_aman_kumar,fullstack_developer_general,general,0.5031,0.625,11,8,12,0.5011,0.805,1.0,0.6,0.75,0,0,3,4,1
friend_aman_kumar,golang_backend_developer,general,0.6214,0.7143,7,2,4,0.4765,0.925,1.0,1.0,0.75,0,0,3,3,1
friend_aman_kumar,google_swe_early_career,general,0.47,0.6,3,3,4,0.4129,0.725,0.5,1.0,0.75,0,1,3,3,1
friend_aman_kumar,google_swe_generalist,general,0.68,0.8,8,4,3,0.4053,0.725,0.5,1.0,0.75,0,1,3,3,1
friend_aman_kumar,mern_stack_developer,general,0.6318,0.6818,12,3,7,0.4208,0.805,1.0,0.6,0.75,0,0,3,4,1
friend_aman_kumar,php_fullstack_developer,general,0.4952,0.619,7,5,8,0.4563,0.805,1.0,0.6,0.75,0,0,3,4,1
friend_aman_kumar,software_engineer_general,general,0.4773,0.5455,9,2,10,0.4589,0.925,1.0,1.0,0.75,0,0,3,3,1
friend_amit_kumar_sah,flutter_developer_fresher,general,0.2667,0.3333,2,2,8,0.103,0.805,1.0,0.6,0.75,0,0,3,4,0
friend_amit_kumar_sah,fullstack_developer_fresher,general,0.2875,0.4167,3,7,14,0.1402,0.925,1.0,1.0,0.75,0,0,3,3,0
friend_amit_kumar_sah,google_ml_engineer,general,0.26,0.35,3,4,13,0.2175,0.725,0.5,1.0,0.75,0,1,3,3,0
friend_amit_kumar_sah,java_backend_developer,general,0.185,0.25,2,3,15,0.1184,0.925,1.0,1.0,0.75,0,0,3,3,0
friend_amit_kumar_sah,laravel_developer,general,0.2833,0.3889,2,5,11,0.1021,0.805,1.0,0.6,0.75,0,0,3,4,0
friend_amit_kumar_sah,mern_stack_developer,general,0.2909,0.3636,4,4,14,0.0988,0.805,1.0,0.6,0.75,0,0,3,4,0
friend_amit_kumar_sah,php_fullstack_developer,general,0.2095,0.2857,2,4,15,0.1886,0.805,1.0,0.6,0.75,0,0,3,4,0
friend_amit_kumar_sah,software_engineer_general,general,0.2591,0.3182,4,3,15,0.1695,0.925,1.0,1.0,0.75,0,0,3,3,0
friend_amrit_singh_rawat,backend_swe_fullstack,general,0.5,0.6154,10,5,10,0.5092,0.8,0.5,1.0,1.0,0,1,3,3,1
friend_amrit_singh_rawat,frontend_developer_fresher,general,0.5455,0.7273,4,4,3,0.4905,1.0,1.0,1.0,1.0,0,0,3,3,1
friend_amrit_singh_rawat,fullstack_developer_fresher,general,0.5167,0.625,9,6,9,0.6171,1.0,1.0,1.0,1.0,0,0,3,3,1
friend_amrit_singh_rawat,fullstack_developer_general,general,0.5156,0.625,13,6,12,0.5683,0.88,1.0,0.6,1.0,0,0,3,4,1
friend_amrit_singh_rawat,golang_backend_developer,general,0.4857,0.6429,5,3,5,0.4108,1.0,1.0,1.0,1.0,0,0,3,3,1
friend_amrit_singh_rawat,junior_ml_engineer,general,0.155,0.25,2,1,15,0.2981,0.68,0.5,0.6,1.0,0,3,3,4,0
friend_amrit_singh_rawat,mern_stack_developer,general,0.4955,0.5455,9,3,10,0.5518,0.88,1.0,0.6,1.0,0,0,3,4,1
friend_amrit_singh_rawat,php_fullstack_developer,general,0.4571,0.6667,6,5,7,0.5385,0.88,1.0,0.6,1.0,0,0,3,4,1
friend_amrit_singh_rawat,software_engineer_general,general,0.4455,0.6364,6,6,8,0.4915,1.0,1.0,1.0,1.0,0,0,3,3,1
friend_aniket_pal,backend_swe_fullstack,general,0.7962,0.8462,19,3,4,0.4223,0.725,0.5,1.0,0.75,0,1,3,3,1
friend_aniket_pal,frontend_developer_fresher,general,0.8182,0.9091,8,2,1,0.4505,0.925,1.0,1.0,0.75,0,0,3,3,1
friend_aniket_pal,junior_ml_engineer,general,0.625,0.85,9,5,3,0.4195,0.605,0.5,0.6,0.75,0,3,3,4,1
friend_anirudha_chaudhary,android_developer,general,0.27,0.3,2,1,7,0.2636,0.68,0.5,0.6,1.0,0,1,3,4,0
friend_anirudha_chaudhary,backend_swe_fullstack,general,0.4077,0.5385,6,8,12,0.4258,0.8,0.5,1.0,1.0,0,1,3,3,1
friend_anirudha_chaudhary,frontend_developer_fresher,general,0.5636,0.7273,4,4,3,0.4459,1.0,1.0,1.0,1.0,0,0,3,3,1
friend_anirudha_chaudhary,fullstack_developer_fresher,general,0.5583,0.7083,9,8,7,0.4506,1.0,1.0,1.0,1.0,0,0,3,3,1
friend_anirudha_chaudhary,mern_stack_developer,general,0.5636,0.6364,10,4,8,0.4247,0.88,1.0,0.6,1.0,0,0,3,4,1
friend_anirudha_chaudhary,php_fullstack_developer,general,0.4571,0.7143,5,7,6,0.4731,0.88,1.0,0.6,1.0,0,0,3,4,1
friend_anup_singh,backend_swe_fullstack,general,0.4846,0.6154,8,8,10,0.4744,0.8,0.5,1.0,1.0,0,1,3,3,1
friend_anup_singh,frontend_developer_fresher,general,0.5909,0.7273,5,3,3,0.5262,1.0,1.0,1.0,1.0,0,0,3,3,1
friend_anup_singh,fullstack_developer_fresher,general,0.5167,0.625,9,6,9,0.5132,1.0,1.0,1.0,1.0,0,0,3,3,1
friend_anup_singh,mern_stack_developer,general,0.4591,0.5455,7,5,10,0.4651,0.88,1.0,0.6,1.0,0,0,3,4,1
friend_anup_singh,php_fullstack_developer,general,0.4571,0.6667,6,5,7,0.4842,0.88,1.0,0.6,1.0,0,0,3,4,1
friend_arshit_singla,java_backend_developer,general,0.27,0.35,3,3,13,0.1669,1.0,1.0,1.0,1.0,0,0,3,3,0
friend_aryaman_khokhar,flutter_developer_fresher,general,0.1,0.1667,0,2,10,0.0978,0.73,1.0,0.6,0.5,0,0,3,4,0
friend_aryaman_khokhar,frontend_developer_fresher,general,0.0909,0.0909,1,0,10,0.2901,0.85,1.0,1.0,0.5,0,0,3,3,0
friend_aryaman_khokhar,fullstack_developer_fresher,general,0.05,0.0833,0,2,22,0.1163,0.85,1.0,1.0,0.5,0,0,3,3,0
friend_aryaman_khokhar,fullstack_developer_general,general,0.1844,0.25,3,5,24,0.0963,0.73,1.0,0.6,0.5,0,0,3,4,0
friend_aryaman_khokhar,java_backend_developer,general,0.235,0.3,3,3,14,0.0903,0.85,1.0,1.0,0.5,0,0,3,3,0
friend_aryaman_khokhar,junior_ml_engineer,general,0.555,0.7,8,6,6,0.4087,0.53,0.5,0.6,0.5,0,3,3,4,1
friend_aryaman_khokhar,laravel_developer,general,0.1056,0.1667,0,3,15,0.0804,0.73,1.0,0.6,0.5,0,0,3,4,0
friend_aryaman_khokhar,mern_stack_developer,general,0.0773,0.0909,1,1,20,0.1226,0.73,1.0,0.6,0.5,0,0,3,4,0
friend_aryaman_khokhar,php_fullstack_developer,general,0.1143,0.1905,0,4,17,0.1699,0.73,1.0,0.6,0.5,0,0,3,4,0
friend_aryaman_khokhar,software_engineer_general,general,0.2136,0.2727,3,3,16,0.148,0.85,1.0,1.0,0.5,0,0,3,3,0
friend_aryan_gahlaut,frontend_developer_fresher,general,0.6364,0.8182,5,4,2,0.486,0.925,1.0,1.0,0.75,4,0,4,3,1
friend_aryan_gahlaut,google_ml_engineer,general,0.44,0.55,7,3,9,0.48,0.925,1.0,1.0,0.75,4,1,4,3,1
friend_aryan_kaushik,junior_ml_engineer,general,0.64,0.8,10,6,4,0.4054,0.68,0.5,0.6,1.0,0,3,3,4,1
friend_ashish_,backend_swe_fullstack,general,0.5231,0.6538,9,7,9,0.5012,0.8,0.5,1.0,1.0,0,1,3,3,1
friend_ashish_,frontend_developer_fresher,general,0.7273,0.9091,6,4,1,0.5791,1.0,1.0,1.0,1.0,0,0,3,3,1
friend_ashish_,fullstack_developer_fresher,general,0.5708,0.6667,11,5,8,0.5903,1.0,1.0,1.0,1.0,0,0,3,3,1
friend_ashish_,fullstack_developer_general,general,0.4813,0.5938,11,7,13,0.4544,0.88,1.0,0.6,1.0,0,0,3,4,1
friend_ashish_,golang_backend_developer,general,0.5857,0.6429,7,2,5,0.4729,1.0,1.0,1.0,1.0,0,0,3,3,1
friend_ashish_,google_ml_engineer,general,0.475,0.65,6,6,7,0.438,0.8,0.5,1.0,1.0,0,1,3,3,1
friend_ashish_,mern_stack_developer,general,0.5864,0.6364,11,3,8,0.5559,0.88,1.0,0.6,1.0,0,0,3,4,1
friend_ashish_,php_fullstack_developer,general,0.4905,0.6667,7,5,7,0.5345,0.88,1.0,0.6,1.0,0,0,3,4,1
friend_ashish_,software_engineer_general,general,0.4591,0.5455,7,5,10,0.4856,1.0,1.0,1.0,1.0,0,0,3,3,1
friend_ashish_raj_singh,backend_swe_fullstack,general,0.5115,0.6538,10,6,9,0.6304,0.725,0.5,1.0,0.75,0,1,3,3,1
friend_ashish_raj_singh,frontend_developer_fresher,general,0.6364,0.8182,5,4,2,0.5701,0.925,1.0,1.0,0.75,0,0,3,3,1
friend_ashish_raj_singh,fullstack_developer_fresher,general,0.5,0.625,9,5,9,0.5979,0.925,1.0,1.0,0.75,0,0,3,3,1
friend_ashish_raj_singh,fullstack_developer_general,general,0.5031,0.6562,12,7,11,0.5444,0.805,1.0,0.6,0.75,0,0,3,4,1
friend_ashish_raj_singh,golang_backend_developer,general,0.5214,0.6429,6,2,5,0.4631,0.925,1.0,1.0,0.75,0,0,3,3,1
friend_ashish_raj_singh,google_swe_early_career,general,0.53,0.7,4,2,3,0.4588,0.725,0.5,1.0,0.75,0,1,3,3,1
friend_ashish_raj_singh,google_swe_generalist,general,0.7667,0.9333,9,4,1,0.4543,0.725,0.5,1.0,0.75,0,1,3,3,1
friend_ashish_raj_singh,java_backend_developer,general,0.42,0.6,6,3,8,0.4398,0.925,1.0,1.0,0.75,0,0,3,3,1
friend_ashish_raj_singh,laravel_developer,general,0.4278,0.5,6,3,9,0.4516,0.805,1.0,0.6,0.75,0,0,3,4,1
friend_ashish_raj_singh,mern_stack_developer,general,0.4545,0.5455,8,3,10,0.6011,0.805,1.0,0.6,0.75,0,0,3,4,1
friend_ashish_raj_singh,php_fullstack_developer,general,0.4143,0.6667,5,5,7,0.5555,0.805,1.0,0.6,0.75,0,0,3,4,1
friend_ashish_raj_singh,software_engineer_general,general,0.4273,0.6364,6,5,8,0.6169,0.925,1.0,1.0,0.75,0,0,3,3,1
friend_ayaan_mozahir,backend_swe_fullstack,general,0.5,0.6154,10,5,10,0.4719,0.725,0.5,1.0,0.75,0,1,3,3,1
friend_ayaan_mozahir,frontend_developer_fresher,general,0.7273,0.8182,7,2,2,0.493,0.925,1.0,1.0,0.75,0,0,3,3,1
friend_ayaan_mozahir,fullstack_developer_fresher,general,0.55,0.6667,10,5,8,0.6193,0.925,1.0,1.0,0.75,0,0,3,3,1
friend_ayaan_mozahir,fullstack_developer_general,general,0.5188,0.6562,13,5,11,0.4537,0.805,1.0,0.6,0.75,0,0,3,4,1
friend_ayaan_mozahir,junior_ml_engineer,general,0.2,0.25,3,2,15,0.2364,0.605,0.5,0.6,0.75,0,3,3,4,0
friend_ayaan_mozahir,laravel_developer,general,0.4722,0.5556,7,2,8,0.4003,0.805,1.0,0.6,0.75,0,0,3,4,1
friend_ayaan_mozahir,mern_stack_developer,general,0.5636,0.6364,10,4,8,0.5327,0.805,1.0,0.6,0.75,0,0,3,4,1
friend_ayaan_mozahir,php_fullstack_developer,general,0.4714,0.7143,6,5,6,0.5184,0.805,1.0,0.6,0.75,0,0,3,4,1
friend_ayaan_mozahir,software_engineer_general,general,0.4136,0.6364,5,6,8,0.4324,0.925,1.0,1.0,0.75,0,0,3,3,1
friend_ayush_,android_developer,general,0.2,0.2,2,0,8,0.1374,0.605,0.5,0.6,0.75,0,1,3,4,0
friend_ayush_,fullstack_developer_general,general,0.2781,0.3125,7,3,22,0.2749,0.805,1.0,0.6,0.75,0,0,3,4,0
friend_ayush_,java_backend_developer,general,0.235,0.25,4,1,15,0.161,0.925,1.0,1.0,0.75,0,0,3,3,0
friend_ayush_,laravel_developer,general,0.2722,0.3333,3,3,12,0.102,0.805,1.0,0.6,0.75,0,0,3,4,0
friend_ayush_,mern_stack_developer,general,0.2318,0.2727,3,3,16,0.2589,0.805,1.0,0.6,0.75,0,0,3,4,0
friend_ayush_,php_fullstack_developer,general,0.1524,0.1905,2,2,17,0.2332,0.805,1.0,0.6,0.75,0,0,3,4,0
friend_ayush_garg,backend_swe_fullstack,general,0.5269,0.6154,11,5,10,0.5022,0.65,0.5,1.0,0.5,0,1,3,3,1
friend_ayush_garg,frontend_developer_fresher,general,0.6364,0.8182,5,4,2,0.4263,0.85,1.0,1.0,0.5,0,0,3,3,1
friend_ayush_garg,fullstack_developer_fresher,general,0.4708,0.625,8,5,9,0.4129,0.85,1.0,1.0,0.5,0,0,3,3,1
friend_ayush_garg,fullstack_developer_general,general,0.425,0.5938,9,7,13,0.4053,0.73,1.0,0.6,0.5,0,0,3,4,1
friend_ayush_garg,google_swe_early_career,general,0.45,0.5,4,1,5,0.4006,0.65,0.5,1.0,0.5,0,1,3,3,1
friend_ayush_garg,google_swe_generalist,general,0.5933,0.6667,7,3,5,0.4128,0.65,0.5,1.0,0.5,0,1,3,3,1
friend_ayush_kishor,android_developer,general,0.28,0.4,0,4,6,0.0226,0.88,1.0,0.6,1.0,2,1,3,4,0
friend_ayush_kishor,flutter_developer_fresher,general,0.1417,0.1667,1,1,10,0.0626,0.88,1.0,0.6,1.0,2,0,3,4,0
friend_ayush_kishor,frontend_developer_fresher,general,0.1273,0.1818,0,2,9,0.1562,1.0,1.0,1.0,1.0,2,0,3,3,0
friend_ayush_kishor,fullstack_developer_fresher,general,0.2417,0.2917,3,4,17,0.1287,1.0,1.0,1.0,1.0,2,0,3,3,0
friend_ayush_kishor,fullstack_developer_general,general,0.275,0.3125,6,4,22,0.126,0.88,1.0,0.6,1.0,2,0,3,4,0
friend_ayush_kishor,java_backend_developer,general,0.205,0.25,2,3,15,0.168,1.0,1.0,1.0,1.0,2,0,3,3,0
friend_ayush_kishor,laravel_developer,general,0.15,0.1667,2,1,15,0.1219,0.88,1.0,0.6,1.0,2,0,3,4,0
friend_ayush_kishor,mern_stack_developer,general,0.2318,0.2727,3,3,16,0.1813,0.88,1.0,0.6,1.0,2,0,3,4,0
friend_ayush_kishor,php_fullstack_developer,general,0.2571,0.2857,4,2,15,0.1836,0.88,1.0,0.6,1.0,2,0,3,4,0
friend_ayush_raghuvanshi,backend_swe_fullstack,general,0.4808,0.5769,10,4,11,0.5857,0.725,0.5,1.0,0.75,0,1,3,3,1
friend_ayush_raghuvanshi,frontend_developer_fresher,general,0.5909,0.7273,5,3,3,0.5117,0.925,1.0,1.0,0.75,0,0,3,3,1
friend_ayush_raghuvanshi,fullstack_developer_fresher,general,0.4875,0.625,8,6,9,0.6437,0.925,1.0,1.0,0.75,0,0,3,3,1
friend_ayush_raghuvanshi,fullstack_developer_general,general,0.5062,0.625,12,7,12,0.4883,0.805,1.0,0.6,0.75,0,0,3,4,1
friend_ayush_raghuvanshi,golang_backend_developer,general,0.4071,0.5,4,3,7,0.4402,0.925,1.0,1.0,0.75,0,0,3,3,1
friend_ayush_raghuvanshi,google_swe_generalist,general,0.5,0.6,6,2,6,0.4516,0.725,0.5,1.0,0.75,0,1,3,3,1
friend_ayush_raghuvanshi,java_backend_developer,general,0.41,0.45,7,2,11,0.6429,0.925,1.0,1.0,0.75,0,0,3,3,1
friend_ayush_raghuvanshi,junior_ml_engineer,general,0.205,0.3,3,1,14,0.2284,0.605,0.5,0.6,0.75,0,3,3,4,0
friend_ayush_raghuvanshi,mern_stack_developer,general,0.4773,0.5455,9,2,10,0.5458,0.805,1.0,0.6,0.75,0,0,3,4,1
friend_ayush_raghuvanshi,php_fullstack_developer,general,0.4476,0.619,7,3,8,0.643,0.805,1.0,0.6,0.75,0,0,3,4,1
friend_ayush_raghuvanshi,software_engineer_general,general,0.4091,0.5455,6,5,10,0.5249,0.925,1.0,1.0,0.75,0,0,3,3,1
friend_bhargav_gupta,backend_swe_fullstack,general,0.5038,0.5769,10,5,11,0.4855,0.8,0.5,1.0,1.0,0,1,4,3,1
friend_bhargav_gupta,data_scientist,general,0.25,0.3571,2,2,9,0.2958,1.0,1.0,1.0,1.0,0,0,4,4,0
friend_bhargav_gupta,frontend_developer_fresher,general,0.7727,0.9091,7,3,1,0.531,1.0,1.0,1.0,1.0,0,0,4,3,1
friend_bhargav_gupta,fullstack_developer_fresher,general,0.5792,0.6667,11,5,8,0.6231,1.0,1.0,1.0,1.0,0,0,4,3,1
friend_bhargav_gupta,fullstack_developer_general,general,0.5531,0.6562,14,6,11,0.567,1.0,1.0,1.0,1.0,0,0,4,4,1
friend_bhargav_gupta,golang_backend_developer,general,0.6071,0.7143,7,2,4,0.4181,1.0,1.0,1.0,1.0,0,0,4,3,1
friend_bhargav_gupta,java_backend_developer,general,0.445,0.6,6,5,8,0.4198,1.0,1.0,1.0,1.0,0,0,4,3,1
friend_bhargav_gupta,mern_stack_developer,general,0.5409,0.5909,10,3,9,0.5678,1.0,1.0,1.0,1.0,0,0,4,4,1
friend_bhargav_gupta,php_fullstack_developer,general,0.4238,0.5238,6,4,10,0.4693,1.0,1.0,1.0,1.0,0,0,4,4,1
friend_bhargav_gupta,software_engineer_general,general,0.4318,0.5455,7,3,10,0.4738,1.0,1.0,1.0,1.0,0,0,4,3,1
friend_bhavy_gupta,flutter_developer_fresher,general,0.2083,0.25,2,1,9,0.2902,0.88,1.0,0.6,1.0,0,0,3,4,0
friend_bhavy_gupta,frontend_developer_fresher,general,0.7273,0.9091,6,4,1,0.4545,1.0,1.0,1.0,1.0,0,0,3,3,1
friend_bhavy_gupta,fullstack_developer_fresher,general,0.5792,0.7083,10,7,7,0.4013,1.0,1.0,1.0,1.0,0,0,3,3,1
friend_chiranshu_kumar_kapil,backend_swe_fullstack,general,0.5423,0.6923,9,9,8,0.4643,0.8,0.5,1.0,1.0,0,1,3,3,1
friend_chiranshu_kumar_kapil,frontend_developer_fresher,general,0.6364,0.8182,5,4,2,0.4649,1.0,1.0,1.0,1.0,0,0,3,3,1
friend_chiranshu_kumar_kapil,fullstack_developer_fresher,general,0.6625,0.75,13,5,6,0.647,1.0,1.0,1.0,1.0,0,0,3,3,1
friend_chiranshu_kumar_kapil,java_backend_developer,general,0.445,0.65,6,3,7,0.4555,1.0,1.0,1.0,1.0,0,0,3,3,1
friend_chiranshu_kumar_kapil,junior_ml_engineer,general,0.155,0.25,2,1,15,0.2125,0.68,0.5,0.6,1.0,0,3,3,4,0
friend_chiranshu_kumar_kapil,laravel_developer,general,0.5944,0.6667,9,3,6,0.4363,0.88,1.0,0.6,1.0,0,0,3,4,1
friend_chiranshu_kumar_kapil,mern_stack_developer,general,0.6182,0.6818,11,4,7,0.5628,0.88,1.0,0.6,1.0,0,0,3,4,1
friend_chiranshu_kumar_kapil,php_fullstack_developer,general,0.5524,0.7619,8,5,5,0.5995,0.88,1.0,0.6,1.0,0,0,3,4,1
friend_chiranshu_kumar_kapil,software_engineer_general,general,0.4318,0.6364,5,7,8,0.4594,1.0,1.0,1.0,1.0,0,0,3,3,1
friend_daksh_khare,backend_swe_fullstack,general,0.4808,0.6154,9,6,10,0.4835,0.8,0.5,1.0,1.0,0,1,3,3,1
friend_daksh_khare,frontend_developer_fresher,general,0.6818,0.8182,6,3,2,0.5014,1.0,1.0,1.0,1.0,0,0,3,3,1
friend_daksh_khare,fullstack_developer_fresher,general,0.5375,0.6667,9,7,8,0.5418,1.0,1.0,1.0,1.0,0,0,3,3,1
friend_daksh_khare,mern_stack_developer,general,0.5182,0.5909,9,4,9,0.422,0.88,1.0,0.6,1.0,0,0,3,4,1
friend_daksh_khare,php_fullstack_developer,general,0.481,0.7143,6,6,6,0.4462,0.88,1.0,0.6,1.0,0,0,3,4,1
friend_deepanshu_singh,backend_swe_fullstack,general,0.5,0.6538,9,7,9,0.4953,0.65,0.5,1.0,0.5,0,1,3,3,1
friend_deepanshu_singh,frontend_developer_fresher,general,0.6818,0.8182,6,3,2,0.6352,0.85,1.0,1.0,0.5,0,0,3,3,1
friend_deepanshu_singh,fullstack_developer_fresher,general,0.5917,0.7083,11,6,7,0.6018,0.85,1.0,1.0,0.5,0,0,3,3,1
friend_deepanshu_singh,fullstack_developer_general,general,0.5469,0.6562,14,6,11,0.5811,0.73,1.0,0.6,0.5,0,0,3,4,1
friend_deepanshu_singh,golang_backend_developer,general,0.5571,0.7143,6,3,4,0.4488,0.85,1.0,1.0,0.5,0,0,3,3,1
friend_deepanshu_singh,google_swe_early_career,general,0.58,0.8,4,3,2,0.4584,0.65,0.5,1.0,0.5,0,1,3,3,1
friend_deepanshu_singh,google_swe_generalist,general,0.7533,0.9333,9,4,1,0.4607,0.65,0.5,1.0,0.5,0,1,3,3,1
friend_deepanshu_singh,java_backend_developer,general,0.445,0.65,6,4,7,0.4064,0.85,1.0,1.0,0.5,0,0,3,3,1
friend_deepanshu_singh,mern_stack_developer,general,0.5545,0.5909,11,2,9,0.556,0.73,1.0,0.6,0.5,0,0,3,4,1
friend_deepanshu_singh,php_fullstack_developer,general,0.5048,0.7619,6,7,5,0.52,0.73,1.0,0.6,0.5,0,0,3,4,1
friend_deepanshu_singh,software_engineer_general,general,0.5227,0.7273,7,8,6,0.4958,0.85,1.0,1.0,0.5,0,0,3,3,1
friend_dev_sharma,backend_swe_fullstack,general,0.4885,0.6154,9,6,10,0.4922,0.8,0.5,1.0,1.0,0,1,3,3,1
friend_dev_sharma,frontend_developer_fresher,general,0.4091,0.5455,3,3,5,0.5069,1.0,1.0,1.0,1.0,0,0,3,3,1
friend_dev_sharma,fullstack_developer_fresher,general,0.5375,0.6667,9,7,8,0.4704,1.0,1.0,1.0,1.0,0,0,3,3,1
friend_dev_sharma,fullstack_developer_general,general,0.5031,0.625,11,9,12,0.4988,0.88,1.0,0.6,1.0,0,0,3,4,1
friend_dev_sharma,golang_backend_developer,general,0.5143,0.6429,5,4,5,0.4292,1.0,1.0,1.0,1.0,0,0,3,3,1
friend_dev_sharma,google_swe_generalist,general,0.52,0.6,7,1,6,0.4193,0.8,0.5,1.0,1.0,0,1,3,3,1
friend_dev_sharma,java_backend_developer,general,0.56,0.65,9,4,7,0.4323,1.0,1.0,1.0,1.0,0,0,3,3,1
friend_dev_sharma,mern_stack_developer,general,0.5318,0.5909,10,3,9,0.4144,0.88,1.0,0.6,1.0,0,0,3,4,1
friend_dev_sharma,php_fullstack_developer,general,0.4476,0.5714,6,6,9,0.4395,0.88,1.0,0.6,1.0,0,0,3,4,1
friend_dev_sharma,software_engineer_general,general,0.4864,0.5909,8,5,9,0.5647,1.0,1.0,1.0,1.0,0,0,3,3,1
friend_dheeraj_rathore,php_fullstack_developer,general,0.2476,0.381,2,5,13,0.2034,0.685,1.0,0.2,0.75,4,0,2,4,0
friend_dinesh_ahirwar,data_scientist,general,0.2286,0.3571,1,3,9,0.275,0.805,1.0,0.6,0.75,0,0,3,4,0
friend_dinesh_ahirwar,frontend_developer_fresher,general,0.7727,0.9091,7,3,1,0.4334,0.925,1.0,1.0,0.75,0,0,3,3,1
friend_dinesh_ahirwar,fullstack_developer_fresher,general,0.5792,0.6667,11,5,8,0.4143,0.925,1.0,1.0,0.75,0,0,3,3,1
friend_dinesh_ahirwar,fullstack_developer_general,general,0.475,0.5938,11,7,13,0.4155,0.805,1.0,0.6,0.75,0,0,3,4,1
friend_dinesh_ahirwar,software_engineer_general,general,0.4091,0.5455,6,4,10,0.4306,0.925,1.0,1.0,0.75,0,0,3,3,1
friend_divyanjali_ray,data_scientist,general,0.1929,0.2143,2,1,11,0.1782,0.73,1.0,0.6,0.5,0,0,3,4,0
friend_divyanjali_ray,frontend_developer_fresher,general,0.5455,0.7273,4,4,3,0.434,0.85,1.0,1.0,0.5,0,0,3,3,1
friend_divyanjali_ray,fullstack_developer_fresher,general,0.5375,0.6667,9,7,8,0.4723,0.85,1.0,1.0,0.5,0,0,3,3,1
friend_divyanjali_ray,google_ml_engineer,general,0.145,0.2,1,3,16,0.2814,0.65,0.5,1.0,0.5,0,1,3,3,0
friend_divyanjali_ray,junior_ml_engineer,general,0.035,0.05,0,1,19,0.1758,0.53,0.5,0.6,0.5,0,3,3,4,0
friend_divyanjali_ray,mern_stack_developer,general,0.5409,0.5909,10,3,9,0.4046,0.73,1.0,0.6,0.5,0,0,3,4,1
friend_divyansh_kathuria,backend_swe_fullstack,general,0.4538,0.5769,7,8,11,0.4239,0.65,0.5,1.0,0.5,0,1,3,3,1
friend_divyansh_kathuria,frontend_developer_fresher,general,0.5182,0.6364,4,3,4,0.5217,0.85,1.0,1.0,0.5,0,0,3,3,1
friend_divyansh_kathuria,fullstack_developer_fresher,general,0.525,0.625,9,6,9,0.49,0.85,1.0,1.0,0.5,0,0,3,3,1
friend_divyansh_kathuria,mern_stack_developer,general,0.5136,0.5909,8,5,9,0.4094,0.73,1.0,0.6,0.5,0,0,3,4,1
friend_divyansh_singh,android_developer,general,0.27,0.3,2,1,7,0.1976,0.605,0.5,0.6,0.75,0,1,3,4,0
friend_divyansh_singh,flutter_developer_fresher,general,0.0833,0.0833,1,0,11,0.2883,0.805,1.0,0.6,0.75,0,0,3,4,0
friend_divyansh_singh,java_backend_developer,general,0.17,0.2,3,1,16,0.2083,0.925,1.0,1.0,0.75,0,0,3,3,0
friend_divyansh_singh,junior_ml_engineer,general,0.49,0.65,7,4,7,0.4365,0.605,0.5,0.6,0.75,0,3,3,4,1
friend_divyansh_singh,laravel_developer,general,0.2889,0.3333,4,2,12,0.1614,0.805,1.0,0.6,0.75,0,0,3,4,0
friend_dupen_sachdeva,backend_swe_fullstack,general,0.5538,0.6154,12,4,10,0.4531,0.8,0.5,1.0,1.0,0,1,2,3,1
friend_dupen_sachdeva,data_scientist,general,0.1786,0.2143,2,1,11,0.2372,0.76,1.0,0.2,1.0,0,0,2,4,0
friend_dupen_sachdeva,fullstack_developer_fresher,general,0.5583,0.625,11,4,9,0.5503,1.0,1.0,1.0,1.0,0,0,2,3,1
friend_dupen_sachdeva,google_swe_generalist,general,0.5467,0.6,7,2,6,0.4143,0.8,0.5,1.0,1.0,0,1,2,3,1
friend_dupen_sachdeva,java_backend_developer,general,0.55,0.65,9,4,7,0.4178,1.0,1.0,1.0,1.0,0,0,2,3,1
friend_dupen_sachdeva,junior_ml_engineer,general,0.155,0.25,2,1,15,0.1931,0.56,0.5,0.2,1.0,0,3,2,4,0
friend_dupen_sachdeva,mern_stack_developer,general,0.5182,0.5455,10,2,10,0.446,0.76,1.0,0.2,1.0,0,0,2,4,1
friend_dupen_sachdeva,php_fullstack_developer,general,0.6333,0.7619,11,3,5,0.5265,0.76,1.0,0.2,1.0,0,0,2,4,1
friend_gagan_,backend_swe_fullstack,general,0.5,0.6538,9,7,9,0.5304,0.8,0.5,1.0,1.0,0,1,3,3,1
friend_gagan_,frontend_developer_fresher,general,0.6091,0.8182,4,5,2,0.507,1.0,1.0,1.0,1.0,0,0,3,3,1
friend_gagan_,fullstack_developer_fresher,general,0.5708,0.7083,10,7,7,0.5577,1.0,1.0,1.0,1.0,0,0,3,3,1
friend_gagan_,mern_stack_developer,general,0.5318,0.5909,10,3,9,0.4955,0.88,1.0,0.6,1.0,0,0,3,4,1
friend_gagan_,php_fullstack_developer,general,0.481,0.7619,5,8,5,0.5385,0.88,1.0,0.6,1.0,0,0,3,4,1
friend_gaurav_sharma,data_scientist,general,0.2857,0.2857,4,0,10,0.1219,0.535,1.0,0.2,0.25,0,0,1,4,0
friend_gaurav_sharma,flutter_developer_fresher,general,0.2083,0.25,2,1,9,0.2695,0.535,1.0,0.2,0.25,0,0,1,4,0
friend_gaurav_sharma,junior_ml_engineer,general,0.2,0.25,3,2,15,0.0946,0.335,0.5,0.2,0.25,0,3,1,4,0
friend_gautam_kumar,data_scientist,general,0.2143,0.2143,3,0,11,0.2179,0.805,1.0,0.6,0.75,0,0,3,4,0
friend_gautam_kumar,flutter_developer_fresher,general,0.5417,0.5833,6,1,5,0.6922,0.805,1.0,0.6,0.75,0,0,3,4,1
friend_gautam_kumar,google_ml_engineer,general,0.225,0.3,3,3,14,0.2249,0.725,0.5,1.0,0.75,0,1,3,3,0
friend_gautam_kumar,junior_ml_engineer,general,0.15,0.2,2,2,16,0.1854,0.605,0.5,0.6,0.75,0,3,3,4,0
friend_gautam_kumar,laravel_developer,general,0.1778,0.2222,2,2,14,0.2462,0.805,1.0,0.6,0.75,0,0,3,4,0
friend_ghani_garg,android_developer,general,0.24,0.3,1,2,7,0.2064,0.605,0.5,0.6,0.75,0,1,3,4,0
friend_ghani_garg,flutter_developer_fresher,general,0.0833,0.1667,0,1,10,0.2531,0.805,1.0,0.6,0.75,0,0,3,4,0
friend_ghani_garg,php_fullstack_developer,general,0.4095,0.619,5,5,8,0.4328,0.805,1.0,0.6,0.75,0,0,3,4,1
friend_harish_kumar,backend_swe_fullstack,general,0.5538,0.6538,11,6,9,0.4139,0.65,0.5,1.0,0.5,0,1,2,3,1
friend_harish_kumar,frontend_developer_fresher,general,0.6818,0.8182,6,3,2,0.4867,0.85,1.0,1.0,0.5,0,0,2,3,1
friend_harish_kumar,fullstack_developer_fresher,general,0.5708,0.6667,11,5,8,0.4336,0.85,1.0,1.0,0.5,0,0,2,3,1
friend_harish_kumar,mern_stack_developer,general,0.5409,0.5909,10,3,9,0.4482,0.61,1.0,0.2,0.5,0,0,2,4,1
friend_harish_kumar,php_fullstack_developer,general,0.4571,0.6667,6,5,7,0.4674,0.61,1.0,0.2,0.5,0,0,2,4,1
friend_harish_kumar,software_engineer_general,general,0.4864,0.5909,8,4,9,0.4047,0.85,1.0,1.0,0.5,0,0,2,3,1
friend_harmit_kour,android_developer,general,0.27,0.3,2,1,7,0.1766,0.8,0.5,1.0,1.0,0,1,4,4,0
friend_harmit_kour,flutter_developer_fresher,general,0.125,0.1667,1,1,10,0.2721,1.0,1.0,1.0,1.0,0,0,4,4,0
friend_harmit_kour,fullstack_developer_fresher,general,0.1167,0.1667,2,1,20,0.2511,1.0,1.0,1.0,1.0,0,0,4,3,0
friend_harmit_kour,fullstack_developer_general,general,0.2281,0.2812,6,2,23,0.2763,1.0,1.0,1.0,1.0,0,0,4,4,0
friend_harmit_kour,java_backend_developer,general,0.26,0.3,4,2,14,0.2833,1.0,1.0,1.0,1.0,0,0,4,3,0
friend_harmit_kour,laravel_developer,general,0.1667,0.1667,3,0,15,0.2785,1.0,1.0,1.0,1.0,0,0,4,4,0
friend_harmit_kour,mern_stack_developer,general,0.1273,0.1818,2,1,18,0.2788,1.0,1.0,1.0,1.0,0,0,4,4,0
friend_harsh_,backend_swe_fullstack,general,0.5346,0.6538,10,6,9,0.5758,0.725,0.5,1.0,0.75,0,1,3,3,1
friend_harsh_,frontend_developer_fresher,general,0.8636,1.0,8,3,0,0.5194,0.925,1.0,1.0,0.75,0,0,3,3,1
friend_harsh_,fullstack_developer_fresher,general,0.5875,0.6667,11,5,8,0.6479,0.925,1.0,1.0,0.75,0,0,3,3,1
friend_harsh_,fullstack_developer_general,general,0.5281,0.6562,12,8,11,0.4534,0.805,1.0,0.6,0.75,0,0,3,4,1
friend_harsh_,google_swe_early_career,general,0.68,0.8,6,1,2,0.4206,0.725,0.5,1.0,0.75,0,1,3,3,1
friend_harsh_,google_swe_generalist,general,0.78,0.9333,9,4,1,0.4155,0.725,0.5,1.0,0.75,0,1,3,3,1
friend_harsh_,java_backend_developer,general,0.41,0.55,5,5,9,0.4615,0.925,1.0,1.0,0.75,0,0,3,3,1
friend_harsh_,laravel_developer,general,0.5111,0.5556,8,2,8,0.401,0.805,1.0,0.6,0.75,0,0,3,4,1
friend_harsh_,mern_stack_developer,general,0.5727,0.6364,10,4,8,0.5642,0.805,1.0,0.6,0.75,0,0,3,4,1
friend_harsh_,php_fullstack_developer,general,0.5619,0.7143,9,4,6,0.5972,0.805,1.0,0.6,0.75,0,0,3,4,1
friend_harsh_,software_engineer_general,general,0.45,0.5455,7,5,10,0.4588,0.925,1.0,1.0,0.75,0,0,3,3,1
friend_harsh_kanoo,flutter_developer_fresher,general,0.2083,0.25,2,1,9,0.2012,0.73,1.0,0.6,0.5,0,0,3,4,0
friend_harsh_kumar,android_developer,general,0.14,0.2,0,2,8,0.2886,0.68,0.5,0.6,1.0,0,1,3,4,0
friend_harsh_kumar,backend_swe_fullstack,general,0.4269,0.5,8,5,13,0.4876,0.8,0.5,1.0,1.0,0,1,3,3,1
friend_harsh_kumar,data_scientist,general,0.1786,0.2857,1,2,10,0.2497,0.88,1.0,0.6,1.0,0,0,3,4,0
friend_harsh_kumar,frontend_developer_fresher,general,0.7727,0.9091,7,3,1,0.5594,1.0,1.0,1.0,1.0,0,0,3,3,1
friend_harsh_kumar,fullstack_developer_fresher,general,0.5792,0.7083,10,7,7,0.6344,1.0,1.0,1.0,1.0,0,0,3,3,1
friend_harsh_kumar,fullstack_developer_general,general,0.4781,0.5938,10,9,13,0.4198,0.88,1.0,0.6,1.0,0,0,3,4,1
friend_harsh_kumar,junior_ml_engineer,general,0.28,0.45,3,3,11,0.299,0.68,0.5,0.6,1.0,0,3,3,4,0
friend_harsh_kumar,mern_stack_developer,general,0.6091,0.6818,11,4,7,0.5874,0.88,1.0,0.6,1.0,0,0,3,4,1
friend_harshit_jaiswal,flutter_developer_fresher,general,0.6917,0.75,8,0,3,0.5896,0.76,1.0,0.2,1.0,0,0,1,4,1
friend_harshit_jaiswal,frontend_developer_fresher,general,0.7273,0.9091,6,4,1,0.4013,1.0,1.0,1.0,1.0,0,0,1,3,1
friend_harshit_jaiswal,fullstack_developer_fresher,general,0.6333,0.75,12,5,6,0.4628,1.0,1.0,1.0,1.0,0,0,1,3,1
friend_himanshu_,android_developer,general,0.14,0.2,0,2,8,0.2678,0.68,0.5,0.6,1.0,0,1,3,4,0
friend_himanshu_,frontend_developer_fresher,general,0.6545,0.8182,5,4,2,0.5491,1.0,1.0,1.0,1.0,0,0,3,3,1
friend_himanshu_,fullstack_developer_fresher,general,0.4833,0.5833,8,6,10,0.634,1.0,1.0,1.0,1.0,0,0,3,3,1
friend_himanshu_,fullstack_developer_general,general,0.45,0.5312,11,6,15,0.4086,0.88,1.0,0.6,1.0,0,0,3,4,1
friend_himanshu_,golang_backend_developer,general,0.5071,0.5714,5,3,6,0.4099,1.0,1.0,1.0,1.0,0,0,3,3,1
friend_himanshu_,google_swe_generalist,general,0.6067,0.7333,6,4,4,0.4134,0.8,0.5,1.0,1.0,0,1,3,3,1
friend_himanshu_,laravel_developer,general,0.4111,0.5,5,4,9,0.4226,0.88,1.0,0.6,1.0,0,0,3,4,1
friend_himanshu_,mern_stack_developer,general,0.5727,0.6364,10,4,8,0.5231,0.88,1.0,0.6,1.0,0,0,3,4,1
friend_himanshu_bhandari,backend_swe_fullstack,general,0.5923,0.6923,12,6,8,0.4934,0.725,0.5,1.0,0.75,0,1,3,3,1
friend_himanshu_bhandari,frontend_developer_fresher,general,0.7455,0.9091,6,4,1,0.5139,0.925,1.0,1.0,0.75,0,0,3,3,1
friend_himanshu_bhandari,fullstack_developer_fresher,general,0.5917,0.6667,12,4,8,0.5251,0.925,1.0,1.0,0.75,0,0,3,3,1
friend_himanshu_bhandari,fullstack_developer_general,general,0.4688,0.5938,11,6,13,0.4537,0.805,1.0,0.6,0.75,0,0,3,4,1
friend_himanshu_bhandari,google_swe_early_career,general,0.55,0.7,4,2,3,0.4287,0.725,0.5,1.0,0.75,0,1,3,3,1
friend_himanshu_bhandari,google_swe_generalist,general,0.7467,0.8667,9,3,2,0.4469,0.725,0.5,1.0,0.75,0,1,3,3,1
friend_himanshu_bhandari,mern_stack_developer,general,0.5636,0.5909,11,2,9,0.4444,0.805,1.0,0.6,0.75,0,0,3,4,1
friend_himanshu_bhandari,php_fullstack_developer,general,0.5286,0.7143,8,4,6,0.4821,0.805,1.0,0.6,0.75,0,0,3,4,1
friend_himanshu_kumar,flutter_developer_fresher,general,0.125,0.1667,1,1,10,0.2186,0.88,1.0,0.6,1.0,0,0,3,4,0
friend_himanshu_kumar,frontend_developer_fresher,general,0.2909,0.4545,1,4,6,0.2934,1.0,1.0,1.0,1.0,0,0,3,3,0
friend_himanshu_kumar,laravel_developer,general,0.2444,0.3333,2,4,12,0.2251,0.88,1.0,0.6,1.0,0,0,3,4,0
friend_himanshu_singh,backend_swe_fullstack,general,0.5654,0.6538,12,4,9,0.4775,1.0,1.0,1.0,1.0,1,1,3,3,1
friend_himanshu_singh,frontend_developer_fresher,general,0.6091,0.7273,5,3,3,0.6636,1.0,1.0,1.0,1.0,1,0,3,3,1
friend_himanshu_singh,fullstack_developer_fresher,general,0.5667,0.6667,10,6,8,0.5979,1.0,1.0,1.0,1.0,1,0,3,3,1
friend_himanshu_singh,fullstack_developer_general,general,0.5906,0.6875,15,6,10,0.4087,0.88,1.0,0.6,1.0,1,0,3,4,1
friend_himanshu_singh,golang_backend_developer,general,0.7,0.7857,9,1,3,0.4019,1.0,1.0,1.0,1.0,1,0,3,3,1
friend_himanshu_singh,google_swe_generalist,general,0.7133,0.8667,8,4,2,0.4357,1.0,1.0,1.0,1.0,1,1,3,3,1
friend_himanshu_singh,mern_stack_developer,general,0.5955,0.6364,11,3,8,0.4646,0.88,1.0,0.6,1.0,1,0,3,4,1
friend_himanshu_singh,php_fullstack_developer,general,0.5762,0.7619,9,4,5,0.5177,0.88,1.0,0.6,1.0,1,0,3,4,1
friend_himanshu_yadav,backend_swe_fullstack,general,0.45,0.6154,7,9,10,0.4657,0.8,0.5,1.0,1.0,0,1,3,3,1
friend_himanshu_yadav,data_scientist,general,0.25,0.2857,3,1,10,0.275,0.88,1.0,0.6,1.0,0,0,3,4,0
friend_himanshu_yadav,frontend_developer_fresher,general,0.5909,0.7273,5,3,3,0.4769,1.0,1.0,1.0,1.0,0,0,3,3,1
friend_himanshu_yadav,fullstack_developer_fresher,general,0.5333,0.75,8,8,6,0.5159,1.0,1.0,1.0,1.0,0,0,3,3,1
friend_himanshu_yadav,junior_ml_engineer,general,0.2,0.25,3,2,15,0.2055,0.68,0.5,0.6,1.0,0,3,3,4,0
friend_himanshu_yadav,mern_stack_developer,general,0.4773,0.6364,7,6,8,0.465,0.88,1.0,0.6,1.0,0,0,3,4,1
friend_himanshu_yadav,php_fullstack_developer,general,0.4619,0.8095,4,8,4,0.4424,0.88,1.0,0.6,1.0,0,0,3,4,1
friend_himanshu_yadav,software_engineer_general,general,0.4364,0.7273,4,8,6,0.4064,1.0,1.0,1.0,1.0,0,0,3,3,1
friend_ishant_singh,android_developer,general,0.14,0.2,0,2,8,0.277,0.605,0.5,0.6,0.75,0,1,3,4,0
friend_ishant_singh,frontend_developer_fresher,general,0.6818,0.8182,6,3,2,0.6004,0.925,1.0,1.0,0.75,0,0,3,3,1
friend_ishant_singh,google_swe_early_career,general,0.49,0.6,3,3,4,0.4209,0.725,0.5,1.0,0.75,0,1,3,3,1
friend_ishant_singh,google_swe_generalist,general,0.6733,0.8,7,5,3,0.4834,0.725,0.5,1.0,0.75,0,1,3,3,1
friend_jai_bhatia,data_scientist,general,0.2643,0.2857,3,1,10,0.2099,0.685,1.0,0.2,0.75,0,0,1,4,0
friend_jai_bhatia,frontend_developer_fresher,general,0.5909,0.7273,5,3,3,0.5497,0.925,1.0,1.0,0.75,0,0,1,3,1
friend_jai_bhatia,fullstack_developer_fresher,general,0.5708,0.6667,11,5,8,0.6242,0.925,1.0,1.0,0.75,0,0,1,3,1
friend_jai_bhatia,fullstack_developer_general,general,0.4375,0.5625,10,6,14,0.4444,0.685,1.0,0.2,0.75,0,0,1,4,1
friend_jai_bhatia,google_ml_engineer,general,0.275,0.35,4,3,13,0.259,0.725,0.5,1.0,0.75,0,1,1,3,0
friend_jai_bhatia,junior_ml_engineer,general,0.15,0.2,2,2,16,0.1669,0.485,0.5,0.2,0.75,0,3,1,4,0
friend_jai_bhatia,mern_stack_developer,general,0.5409,0.5909,10,3,9,0.5311,0.685,1.0,0.2,0.75,0,0,1,4,1
friend_jai_bhatia,php_fullstack_developer,general,0.4571,0.6667,6,5,7,0.4791,0.685,1.0,0.2,0.75,0,0,1,4,1
friend_jalaj_dabas,backend_swe_fullstack,general,0.7923,0.9231,16,8,2,0.5263,0.8,0.5,1.0,1.0,0,1,3,3,1
friend_jalaj_dabas,frontend_developer_fresher,general,0.7273,0.9091,6,4,1,0.6163,1.0,1.0,1.0,1.0,0,0,3,3,1
friend_jalaj_dabas,fullstack_developer_fresher,general,0.775,0.875,15,6,3,0.5528,1.0,1.0,1.0,1.0,0,0,3,3,1
friend_jalaj_dabas,google_ml_engineer,general,0.675,0.85,10,7,3,0.427,0.8,0.5,1.0,1.0,0,1,3,3,1
friend_jalaj_dabas,google_swe_early_career,general,0.75,0.8,7,1,2,0.4254,0.8,0.5,1.0,1.0,0,1,3,3,1
friend_jalaj_dabas,google_swe_generalist,general,0.8933,1.0,11,4,0,0.4594,0.8,0.5,1.0,1.0,0,1,3,3,1
friend_jalaj_dabas,mern_stack_developer,general,0.7545,0.8182,14,4,4,0.5199,0.88,1.0,0.6,1.0,0,0,3,4,1
friend_jalaj_dabas,php_fullstack_developer,general,0.5571,0.619,10,3,8,0.4776,0.88,1.0,0.6,1.0,0,0,3,4,1
friend_jalaj_dabas,software_engineer_general,general,0.7318,0.8636,12,7,3,0.441,1.0,1.0,1.0,1.0,0,0,3,3,1
friend_jalaj_sharma,android_developer,general,0.24,0.3,1,2,7,0.2219,0.68,0.5,0.6,1.0,0,1,3,4,0
friend_jalaj_sharma,data_scientist,general,0.4143,0.5,4,3,7,0.5386,0.88,1.0,0.6,1.0,0,0,3,4,1
friend_jalaj_sharma,google_swe_generalist,general,0.4733,0.6,5,3,6,0.4063,0.8,0.5,1.0,1.0,0,1,3,3,1
friend_jatin_soni,flutter_developer_fresher,general,0.2083,0.25,2,1,9,0.1852,0.88,1.0,0.6,1.0,6,0,3,4,0
friend_jatin_soni,php_fullstack_developer,general,0.2476,0.3333,3,3,14,0.231,0.88,1.0,0.6,1.0,6,0,3,4,0
friend_jitender_verma,backend_swe_fullstack,general,0.5462,0.6538,11,5,9,0.4665,0.725,0.5,1.0,0.75,0,1,3,3,1
friend_jitender_verma,frontend_developer_fresher,general,0.6818,0.8182,6,3,2,0.4327,0.925,1.0,1.0,0.75,0,0,3,3,1
friend_jitender_verma,fullstack_developer_fresher,general,0.6333,0.75,12,6,6,0.525,0.925,1.0,1.0,0.75,0,0,3,3,1
friend_jitender_verma,mern_stack_developer,general,0.6,0.6364,12,2,8,0.4314,0.805,1.0,0.6,0.75,0,0,3,4,1
friend_jitender_verma,php_fullstack_developer,general,0.5381,0.7619,7,6,5,0.5197,0.805,1.0,0.6,0.75,0,0,3,4,1
friend_kartik_verma,backend_swe_fullstack,general,0.6808,0.8462,13,8,4,0.4733,0.8,0.5,1.0,1.0,0,1,3,3,1
friend_kartik_verma,frontend_developer_fresher,general,0.8364,1.0,7,4,0,0.4616,1.0,1.0,1.0,1.0,0,0,3,3,1
friend_kartik_verma,fullstack_developer_fresher,general,0.6833,0.8333,12,8,4,0.5829,1.0,1.0,1.0,1.0,0,0,3,3,1
friend_kartik_verma,mern_stack_developer,general,0.6545,0.7273,12,4,6,0.5091,0.88,1.0,0.6,1.0,0,0,3,4,1
friend_kartik_verma,php_fullstack_developer,general,0.5619,0.8571,6,9,3,0.5316,0.88,1.0,0.6,1.0,0,0,3,4,1
friend_ketan_anand,backend_swe_fullstack,general,0.4115,0.4615,9,3,14,0.595,0.65,0.5,1.0,0.5,0,1,3,3,1
friend_ketan_anand,data_scientist,general,0.4857,0.5714,5,3,6,0.4039,0.73,1.0,0.6,0.5,0,0,3,4,1
friend_ketan_anand,frontend_developer_fresher,general,0.7273,0.9091,6,4,1,0.6427,0.85,1.0,1.0,0.5,0,0,3,3,1
friend_ketan_anand,fullstack_developer_fresher,general,0.425,0.5,8,4,12,0.5764,0.85,1.0,1.0,0.5,0,0,3,3,1
friend_ketan_anand,fullstack_developer_general,general,0.4594,0.5625,11,6,14,0.5071,0.73,1.0,0.6,0.5,0,0,3,4,1
friend_ketan_anand,golang_backend_developer,general,0.5,0.5714,6,1,6,0.4859,0.85,1.0,1.0,0.5,0,0,3,3,1
friend_ketan_anand,google_ml_engineer,general,0.42,0.55,6,4,9,0.5174,0.65,0.5,1.0,0.5,0,1,3,3,1
friend_ketan_anand,google_swe_early_career,general,0.59,0.7,4,3,3,0.4622,0.65,0.5,1.0,0.5,0,1,3,3,1
friend_ketan_anand,google_swe_generalist,general,0.7733,0.8667,9,4,2,0.4598,0.65,0.5,1.0,0.5,0,1,3,3,1
friend_ketan_anand,mern_stack_developer,general,0.4409,0.5,8,3,11,0.4914,0.73,1.0,0.6,0.5,0,0,3,4,1
friend_krish_,flutter_developer_fresher,general,0.1917,0.25,2,0,9,0.2043,0.88,1.0,0.6,1.0,0,0,3,4,0
friend_kumar_utsav,backend_swe_fullstack,general,0.4923,0.6154,10,5,10,0.4793,0.8,0.5,1.0,1.0,0,1,3,3,1
friend_kumar_utsav,frontend_developer_fresher,general,0.7273,0.9091,6,4,1,0.4863,1.0,1.0,1.0,1.0,0,0,3,3,1
friend_kumar_utsav,fullstack_developer_fresher,general,0.4583,0.5833,8,5,10,0.5,1.0,1.0,1.0,1.0,0,0,3,3,1
friend_kumar_utsav,mern_stack_developer,general,0.4091,0.5,7,3,11,0.467,0.88,1.0,0.6,1.0,0,0,3,4,1
friend_kunal_,android_developer,general,0.17,0.2,1,1,8,0.1654,0.68,0.5,0.6,1.0,0,1,3,4,0
friend_kunal_,data_scientist,general,0.1429,0.1429,2,0,12,0.2548,0.88,1.0,0.6,1.0,0,0,3,4,0
friend_kunal_,frontend_developer_fresher,general,0.5455,0.7273,4,4,3,0.4837,1.0,1.0,1.0,1.0,0,0,3,3,1
friend_kunal_,fullstack_developer_fresher,general,0.6208,0.75,11,7,6,0.5509,1.0,1.0,1.0,1.0,0,0,3,3,1
friend_kunal_,google_ml_engineer,general,0.135,0.2,1,3,16,0.2652,0.8,0.5,1.0,1.0,0,1,3,3,0
friend_kunal_,google_swe_early_career,general,0.22,0.3,1,2,7,0.2792,0.8,0.5,1.0,1.0,0,1,3,3,0
friend_kunal_,junior_ml_engineer,general,0.0,0.0,0,0,20,0.1599,0.68,0.5,0.6,1.0,0,3,3,4,0
friend_kunal_,mern_stack_developer,general,0.5636,0.6364,10,4,8,0.5361,0.88,1.0,0.6,1.0,0,0,3,4,1
friend_lakshay_saini,frontend_developer_fresher,general,0.7727,0.9091,7,3,1,0.4802,0.925,1.0,1.0,0.75,0,0,3,3,1
friend_lakshay_saini,fullstack_developer_fresher,general,0.5792,0.6667,11,5,8,0.4341,0.925,1.0,1.0,0.75,0,0,3,3,1
friend_lakshay_saini,java_backend_developer,general,0.28,0.45,3,3,11,0.2287,0.925,1.0,1.0,0.75,0,0,3,3,0
friend_lalit_kumar_yadav,android_developer,general,0.17,0.2,1,1,8,0.2927,0.605,0.5,0.6,0.75,0,1,3,4,0
friend_lalit_kumar_yadav,backend_swe_fullstack,general,0.4269,0.5,8,5,13,0.4109,0.725,0.5,1.0,0.75,0,1,3,3,1
friend_lalit_kumar_yadav,frontend_developer_fresher,general,0.6545,0.8182,5,4,2,0.4823,0.925,1.0,1.0,0.75,0,0,3,3,1
friend_lalit_kumar_yadav,fullstack_developer_fresher,general,0.4958,0.5833,9,5,10,0.5685,0.925,1.0,1.0,0.75,0,0,3,3,1
friend_lalit_kumar_yadav,fullstack_developer_general,general,0.4281,0.5625,9,8,14,0.5202,0.805,1.0,0.6,0.75,0,0,3,4,1
friend_lalit_kumar_yadav,java_backend_developer,general,0.2,0.3,2,3,14,0.2745,0.925,1.0,1.0,0.75,0,0,3,3,0
friend_lalit_kumar_yadav,mern_stack_developer,general,0.5182,0.5455,10,2,10,0.4624,0.805,1.0,0.6,0.75,0,0,3,4,1
friend_lalit_kumar,backend_swe_fullstack,general,0.5154,0.6154,10,5,10,0.4243,0.65,0.5,1.0,0.5,0,1,1,3,1
friend_lalit_kumar,frontend_developer_fresher,general,0.6364,0.7273,6,2,3,0.4751,0.85,1.0,1.0,0.5,0,0,1,3,1
friend_lalit_kumar,fullstack_developer_fresher,general,0.5292,0.625,10,5,9,0.545,0.85,1.0,1.0,0.5,0,0,1,3,1
friend_lalit_kumar,fullstack_developer_general,general,0.475,0.5625,12,5,14,0.4547,0.61,1.0,0.2,0.5,0,0,1,4,1
friend_lalit_kumar,junior_ml_engineer,general,0.2,0.25,3,2,15,0.2097,0.41,0.5,0.2,0.5,0,3,1,4,0
friend_lalit_kumar,mern_stack_developer,general,0.4955,0.5455,9,3,10,0.4919,0.61,1.0,0.2,0.5,0,0,1,4,1
friend_lalit_kumar,php_fullstack_developer,general,0.4429,0.619,6,5,8,0.4984,0.61,1.0,0.2,0.5,0,0,1,4,1
friend_lalit_kumar,software_engineer_general,general,0.4273,0.5,7,4,11,0.4908,0.85,1.0,1.0,0.5,0,0,1,3,1
friend_lokesh_na,backend_swe_fullstack,general,0.5423,0.6154,11,5,10,0.5236,0.8,0.5,1.0,1.0,0,1,3,3,1
friend_lokesh_na,frontend_developer_fresher,general,0.6364,0.8182,5,4,2,0.5878,1.0,1.0,1.0,1.0,0,0,3,3,1
friend_lokesh_na,fullstack_developer_fresher,general,0.6208,0.7083,12,5,7,0.6583,1.0,1.0,1.0,1.0,0,0,3,3,1
friend_lokesh_na,google_swe_generalist,general,0.6267,0.6667,8,2,5,0.411,0.8,0.5,1.0,1.0,0,1,3,3,1
friend_lokesh_na,java_backend_developer,general,0.485,0.65,6,7,7,0.431,1.0,1.0,1.0,1.0,0,0,3,3,1
friend_lokesh_na,junior_ml_engineer,general,0.085,0.1,1,1,18,0.2715,0.68,0.5,0.6,1.0,0,3,3,4,0
friend_lokesh_na,laravel_developer,general,0.5222,0.6111,7,4,7,0.4102,0.88,1.0,0.6,1.0,0,0,3,4,1
friend_lokesh_na,mern_stack_developer,general,0.5864,0.6364,11,3,8,0.6413,0.88,1.0,0.6,1.0,0,0,3,4,1
friend_lokesh_na,php_fullstack_developer,general,0.4952,0.5714,8,4,9,0.5824,0.88,1.0,0.6,1.0,0,0,3,4,1
friend_lokesh_na,software_engineer_general,general,0.4545,0.5455,8,3,10,0.4566,1.0,1.0,1.0,1.0,0,0,3,3,1
friend_lovendra_kumar,android_developer,general,0.27,0.3,2,1,7,0.263,0.53,0.5,0.6,0.5,0,1,3,4,0
friend_lovendra_kumar,backend_swe_fullstack,general,0.5423,0.6154,11,5,10,0.5156,0.65,0.5,1.0,0.5,0,1,3,3,1
friend_lovendra_kumar,frontend_developer_fresher,general,0.8364,1.0,7,4,0,0.4767,0.85,1.0,1.0,0.5,0,0,3,3,1
friend_lovendra_kumar,fullstack_developer_fresher,general,0.5792,0.6667,11,5,8,0.518,0.85,1.0,1.0,0.5,0,0,3,3,1
friend_lovendra_kumar,mern_stack_developer,general,0.6318,0.6818,12,3,7,0.5192,0.73,1.0,0.6,0.5,0,0,3,4,1
friend_madhavan_goel,backend_swe_fullstack,general,0.6885,0.7692,15,5,6,0.5252,0.8,0.5,1.0,1.0,0,1,3,3,1
friend_madhavan_goel,flutter_developer_fresher,general,0.5583,0.6667,5,3,4,0.4039,0.88,1.0,0.6,1.0,0,0,3,4,1
friend_madhavan_goel,frontend_developer_fresher,general,0.8636,1.0,8,3,0,0.4153,1.0,1.0,1.0,1.0,0,0,3,3,1
friend_madhavan_goel,fullstack_developer_general,general,0.6781,0.7812,18,6,7,0.4791,0.88,1.0,0.6,1.0,0,0,3,4,1
friend_madhavan_goel,golang_backend_developer,general,0.75,0.8571,9,2,2,0.4452,1.0,1.0,1.0,1.0,0,0,3,3,1
friend_madhavan_goel,google_ml_engineer,general,0.455,0.65,6,4,7,0.4302,0.8,0.5,1.0,1.0,0,1,3,3,1
friend_madhavan_goel,java_backend_developer,general,0.555,0.75,8,4,5,0.4002,1.0,1.0,1.0,1.0,0,0,3,3,1
friend_madhavan_goel,software_engineer_general,general,0.5136,0.6364,9,3,8,0.5412,1.0,1.0,1.0,1.0,0,0,3,3,1
friend_manish_bisht,flutter_developer_fresher,general,0.2083,0.25,2,1,9,0.2629,0.88,1.0,0.6,1.0,0,0,3,4,0
friend_manish_bisht,php_fullstack_developer,general,0.5619,0.7619,8,6,5,0.4161,0.88,1.0,0.6,1.0,0,0,3,4,1
friend_mannan_tanwar,android_developer,general,0.27,0.3,2,1,7,0.1664,0.68,0.5,0.6,1.0,0,1,3,4,0
friend_mannan_tanwar,flutter_developer_fresher,general,0.0833,0.0833,1,0,11,0.1487,0.88,1.0,0.6,1.0,0,0,3,4,0
friend_mannan_tanwar,fullstack_developer_fresher,general,0.1667,0.1667,4,0,20,0.1696,1.0,1.0,1.0,1.0,0,0,3,3,0
friend_mannan_tanwar,fullstack_developer_general,general,0.2156,0.25,5,3,24,0.1762,0.88,1.0,0.6,1.0,0,0,3,4,0
friend_mannan_tanwar,java_backend_developer,general,0.22,0.25,3,2,15,0.1165,1.0,1.0,1.0,1.0,0,0,3,3,0
friend_mannan_tanwar,laravel_developer,general,0.25,0.2778,4,1,13,0.1232,0.88,1.0,0.6,1.0,0,0,3,4,0
friend_mannan_tanwar,mern_stack_developer,general,0.1682,0.1818,3,1,18,0.1369,0.88,1.0,0.6,1.0,0,0,3,4,0
friend_mannan_tanwar,php_fullstack_developer,general,0.119,0.1429,2,1,18,0.1221,0.88,1.0,0.6,1.0,0,0,3,4,0
friend_mannan_tanwar,software_engineer_general,general,0.2682,0.3182,4,3,15,0.1231,1.0,1.0,1.0,1.0,0,0,3,3,0
friend_manoj_,flutter_developer_fresher,general,0.125,0.1667,1,1,10,0.1355,0.88,1.0,0.6,1.0,1,0,3,4,0
friend_manoj_,frontend_developer_fresher,general,0.0909,0.0909,1,0,10,0.1562,1.0,1.0,1.0,1.0,1,0,3,3,0
friend_manoj_,fullstack_developer_fresher,general,0.1667,0.25,2,3,18,0.0307,1.0,1.0,1.0,1.0,1,0,3,3,0
friend_manoj_,fullstack_developer_general,general,0.2875,0.375,6,5,20,0.0405,0.88,1.0,0.6,1.0,1,0,3,4,0
friend_manoj_,laravel_developer,general,0.1944,0.2222,3,1,14,0.0449,0.88,1.0,0.6,1.0,1,0,3,4,0
friend_manoj_,mern_stack_developer,general,0.1727,0.2273,3,1,17,0.057,0.88,1.0,0.6,1.0,1,0,3,4,0
friend_manoj_,php_fullstack_developer,general,0.2571,0.4286,3,3,12,0.1003,0.88,1.0,0.6,1.0,1,0,3,4,0
friend_mayank_,backend_swe_fullstack,general,0.5192,0.6538,10,6,9,0.442,0.8,0.5,1.0,1.0,0,1,3,3,1
friend_mayank_,flutter_developer_fresher,general,0.25,0.3333,2,2,8,0.2109,0.88,1.0,0.6,1.0,0,0,3,4,0
friend_mayank_,google_ml_engineer,general,0.55,0.65,9,4,7,0.4246,0.8,0.5,1.0,1.0,0,1,3,3,1
friend_mayukh_sircar,fullstack_developer_fresher,general,0.6167,0.7917,11,7,5,0.4574,1.0,1.0,1.0,1.0,0,0,3,3,1
friend_mayukh_sircar,php_fullstack_developer,general,0.4286,0.619,5,7,8,0.4644,0.88,1.0,0.6,1.0,0,0,3,4,1
friend_md_shahab_uddin,frontend_developer_fresher,general,0.6818,0.8182,6,3,2,0.6228,0.925,1.0,1.0,0.75,0,0,3,3,1
friend_md_shahab_uddin,fullstack_developer_fresher,general,0.5167,0.625,9,6,9,0.5421,0.925,1.0,1.0,0.75,0,0,3,3,1
friend_md_shahab_uddin,fullstack_developer_general,general,0.4281,0.5625,9,8,14,0.5255,0.805,1.0,0.6,0.75,0,0,3,4,1
friend_md_shahab_uddin,golang_backend_developer,general,0.4857,0.5714,6,1,6,0.4771,0.925,1.0,1.0,0.75,0,0,3,3,1
friend_md_shahab_uddin,google_swe_early_career,general,0.45,0.5,4,1,5,0.421,0.725,0.5,1.0,0.75,0,1,3,3,1
friend_md_shahab_uddin,mern_stack_developer,general,0.4955,0.5455,9,3,10,0.4932,0.805,1.0,0.6,0.75,0,0,3,4,1
friend_naman_rustagi,backend_swe_fullstack,general,0.6,0.6923,12,6,8,0.6298,0.725,0.5,1.0,0.75,0,1,3,3,1
friend_naman_rustagi,flutter_developer_fresher,general,0.4167,0.5,4,2,6,0.4216,0.805,1.0,0.6,0.75,0,0,3,4,1
friend_naman_rustagi,frontend_developer_fresher,general,0.8182,0.9091,8,2,1,0.563,0.925,1.0,1.0,0.75,0,0,3,3,1
friend_naman_rustagi,fullstack_developer_fresher,general,0.6,0.7083,11,6,7,0.6577,0.925,1.0,1.0,0.75,0,0,3,3,1
friend_naman_rustagi,fullstack_developer_general,general,0.5781,0.6875,15,6,10,0.4912,0.805,1.0,0.6,0.75,0,0,3,4,1
friend_naman_rustagi,golang_backend_developer,general,0.6571,0.7857,7,3,3,0.4565,0.925,1.0,1.0,0.75,0,0,3,3,1
friend_naman_rustagi,google_swe_early_career,general,0.42,0.5,3,2,5,0.4258,0.725,0.5,1.0,0.75,0,1,3,3,1
friend_naman_rustagi,google_swe_generalist,general,0.5933,0.6667,7,3,5,0.4398,0.725,0.5,1.0,0.75,0,1,3,3,1
friend_naman_rustagi,java_backend_developer,general,0.455,0.65,6,4,7,0.5095,0.925,1.0,1.0,0.75,0,0,3,3,1
friend_naman_rustagi,laravel_developer,general,0.5667,0.6111,9,2,7,0.4384,0.805,1.0,0.6,0.75,0,0,3,4,1
friend_naman_rustagi,mern_stack_developer,general,0.5864,0.6818,10,5,7,0.5525,0.805,1.0,0.6,0.75,0,0,3,4,1
friend_naman_rustagi,php_fullstack_developer,general,0.5286,0.7143,8,4,6,0.6729,0.805,1.0,0.6,0.75,0,0,3,4,1
friend_naman_rustagi,software_engineer_general,general,0.4455,0.5909,7,4,9,0.5461,0.925,1.0,1.0,0.75,0,0,3,3,1
friend_naman_singh,frontend_developer_fresher,general,0.6818,0.8182,6,3,2,0.5002,1.0,1.0,1.0,1.0,1,0,3,3,1
friend_naveen_kumar_singh,backend_swe_fullstack,general,0.5462,0.6538,11,6,9,0.4022,0.8,0.5,1.0,1.0,0,1,3,3,1
friend_naveen_kumar_singh,data_scientist,general,0.2357,0.3571,2,2,9,0.2178,0.88,1.0,0.6,1.0,0,0,3,4,0
friend_naveen_kumar_singh,fullstack_developer_fresher,general,0.5375,0.6667,9,7,8,0.4409,1.0,1.0,1.0,1.0,0,0,3,3,1
friend_naveen_kumar_singh,mern_stack_developer,general,0.5182,0.5909,9,4,9,0.408,0.88,1.0,0.6,1.0,0,0,3,4,1
friend_naveen_kumar_singh,php_fullstack_developer,general,0.5143,0.7143,7,6,6,0.4312,0.88,1.0,0.6,1.0,0,0,3,4,1
friend_niket_chaudhary,data_scientist,general,0.1929,0.2143,2,1,11,0.2376,0.805,1.0,0.6,0.75,0,0,3,4,0
friend_niket_chaudhary,frontend_developer_fresher,general,0.5,0.6364,4,3,4,0.4393,0.925,1.0,1.0,0.75,0,0,3,3,1
friend_niket_chaudhary,fullstack_developer_fresher,general,0.4958,0.5833,9,5,10,0.4294,0.925,1.0,1.0,0.75,0,0,3,3,1
friend_niket_chaudhary,google_ml_engineer,general,0.275,0.35,4,3,13,0.2514,0.725,0.5,1.0,0.75,0,1,3,3,0
friend_niket_chaudhary,junior_ml_engineer,general,0.2,0.25,3,2,15,0.237,0.605,0.5,0.6,0.75,0,3,3,4,0
friend_nishchay_tomar,data_scientist,general,0.1071,0.2143,0,2,11,0.262,0.88,1.0,0.6,1.0,1,0,3,4,0
friend_nishchay_tomar,frontend_developer_fresher,general,0.6818,0.8182,6,3,2,0.5845,1.0,1.0,1.0,1.0,1,0,3,3,1
friend_nishchay_tomar,fullstack_developer_fresher,general,0.4458,0.5833,7,6,10,0.4387,1.0,1.0,1.0,1.0,1,0,3,3,1
friend_nishchay_tomar,google_swe_generalist,general,0.5933,0.7333,6,5,4,0.402,1.0,1.0,1.0,1.0,1,1,3,3,1
friend_nishchay_tomar,java_backend_developer,general,0.23,0.4,2,3,12,0.2972,1.0,1.0,1.0,1.0,1,0,3,3,0
friend_nitesh_kumar_jha,backend_swe_fullstack,general,0.6423,0.7692,13,6,6,0.4968,0.8,0.5,1.0,1.0,0,1,3,3,1
friend_nitesh_kumar_jha,frontend_developer_fresher,general,0.8364,1.0,7,4,0,0.4844,1.0,1.0,1.0,1.0,0,0,3,3,1
friend_nitesh_kumar_jha,fullstack_developer_fresher,general,0.6083,0.7083,11,6,7,0.4153,1.0,1.0,1.0,1.0,0,0,3,3,1
friend_nitesh_kumar_jha,fullstack_developer_general,general,0.5906,0.7188,14,8,9,0.4157,0.88,1.0,0.6,1.0,0,0,3,4,1
friend_nitesh_kumar_jha,php_fullstack_developer,general,0.4714,0.619,6,6,8,0.4106,0.88,1.0,0.6,1.0,0,0,3,4,1
friend_paras_,backend_swe_fullstack,general,0.5962,0.6923,13,5,8,0.4214,0.8,0.5,1.0,1.0,0,1,3,3,1
friend_paras_,flutter_developer_fresher,general,0.2917,0.3333,3,1,8,0.1841,0.88,1.0,0.6,1.0,0,0,3,4,0
friend_paras_,frontend_developer_fresher,general,0.6818,0.9091,5,5,1,0.4327,1.0,1.0,1.0,1.0,0,0,3,3,1
friend_pawan_joshi,android_developer,general,0.24,0.3,1,2,7,0.2249,0.68,0.5,0.6,1.0,0,1,3,4,0
friend_pawan_joshi,backend_swe_fullstack,general,0.2385,0.2692,5,2,19,0.2972,0.8,0.5,1.0,1.0,0,1,3,3,0
friend_pawan_joshi,flutter_developer_fresher,general,0.125,0.1667,1,1,10,0.2358,0.88,1.0,0.6,1.0,0,0,3,4,0
friend_pawan_joshi,frontend_developer_fresher,general,0.0909,0.0909,1,0,10,0.2973,1.0,1.0,1.0,1.0,0,0,3,3,0
friend_pawan_joshi,fullstack_developer_fresher,general,0.0833,0.0833,2,0,22,0.1926,1.0,1.0,1.0,1.0,0,0,3,3,0
friend_pawan_joshi,fullstack_developer_general,general,0.1719,0.2188,4,2,25,0.2156,0.88,1.0,0.6,1.0,0,0,3,4,0
friend_pawan_joshi,java_backend_developer,general,0.225,0.3,3,2,14,0.2562,1.0,1.0,1.0,1.0,0,0,3,3,0
friend_pawan_joshi,laravel_developer,general,0.15,0.1667,2,1,15,0.1705,0.88,1.0,0.6,1.0,0,0,3,4,0
friend_pawan_joshi,mern_stack_developer,general,0.0909,0.0909,2,0,20,0.1789,0.88,1.0,0.6,1.0,0,0,3,4,0
friend_pawan_joshi,php_fullstack_developer,general,0.1429,0.1905,2,1,17,0.2647,0.88,1.0,0.6,1.0,0,0,3,4,0
friend_pawan_joshi,software_engineer_general,general,0.2409,0.2727,5,0,16,0.2694,1.0,1.0,1.0,1.0,0,0,3,3,0
friend_piyush_,android_developer,general,0.27,0.3,2,1,7,0.2507,0.68,0.5,0.6,1.0,0,1,3,4,0
friend_piyush_,backend_swe_fullstack,general,0.5346,0.6538,10,7,9,0.4528,0.8,0.5,1.0,1.0,0,1,3,3,1
friend_piyush_,frontend_developer_fresher,general,0.5455,0.7273,4,4,3,0.5476,1.0,1.0,1.0,1.0,0,0,3,3,1
friend_piyush_,fullstack_developer_fresher,general,0.5542,0.7083,10,6,7,0.5645,1.0,1.0,1.0,1.0,0,0,3,3,1
friend_piyush_,junior_ml_engineer,general,0.285,0.35,4,3,13,0.258,0.68,0.5,0.6,1.0,0,3,3,4,0
friend_piyush_,mern_stack_developer,general,0.4909,0.5909,9,3,9,0.4807,0.88,1.0,0.6,1.0,0,0,3,4,1
friend_piyush_,php_fullstack_developer,general,0.4619,0.7143,6,5,6,0.4885,0.88,1.0,0.6,1.0,0,0,3,4,1
friend_piyush_,software_engineer_general,general,0.4818,0.6364,8,4,8,0.4549,1.0,1.0,1.0,1.0,0,0,3,3,1
friend_pranav_chugh,flutter_developer_fresher,general,0.1667,0.1667,2,0,10,0.0838,0.88,1.0,0.6,1.0,1,0,3,4,0
friend_pranav_khurana,backend_swe_fullstack,general,0.4077,0.4615,8,4,14,0.5214,0.8,0.5,1.0,1.0,0,1,3,3,1
friend_pranav_khurana,data_scientist,general,0.6786,0.8571,7,3,2,0.5403,0.88,1.0,0.6,1.0,0,0,3,4,1
friend_pranav_khurana,frontend_developer_fresher,general,0.7455,0.9091,6,4,1,0.41,1.0,1.0,1.0,1.0,0,0,3,3,1
friend_pranav_khurana,fullstack_developer_fresher,general,0.5458,0.625,10,5,9,0.4039,1.0,1.0,1.0,1.0,0,0,3,3,1
friend_pranav_khurana,mern_stack_developer,general,0.5727,0.6364,10,4,8,0.402,0.88,1.0,0.6,1.0,0,0,3,4,1
friend_pranjal_tomar,backend_swe_fullstack,general,0.5,0.6154,10,5,10,0.5825,0.8,0.5,1.0,1.0,0,1,3,3,1
friend_pranjal_tomar,data_scientist,general,0.4643,0.5714,5,3,6,0.429,0.88,1.0,0.6,1.0,0,0,3,4,1
friend_pranjal_tomar,frontend_developer_fresher,general,0.6364,0.8182,5,4,2,0.5527,1.0,1.0,1.0,1.0,0,0,3,3,1
friend_pranjal_tomar,fullstack_developer_fresher,general,0.5375,0.625,10,5,9,0.6271,1.0,1.0,1.0,1.0,0,0,3,3,1
friend_pranjal_tomar,fullstack_developer_general,general,0.5,0.625,12,7,12,0.4659,0.88,1.0,0.6,1.0,0,0,3,4,1
friend_pranjal_tomar,golang_backend_developer,general,0.5929,0.7143,7,2,4,0.4187,1.0,1.0,1.0,1.0,0,0,3,3,1
friend_pranjal_tomar,google_ml_engineer,general,0.44,0.6,6,5,8,0.4447,0.8,0.5,1.0,1.0,0,1,3,3,1
friend_pranjal_tomar,mern_stack_developer,general,0.4955,0.5455,9,3,10,0.5888,0.88,1.0,0.6,1.0,0,0,3,4,1
friend_pranjal_tomar,php_fullstack_developer,general,0.4571,0.6667,6,5,7,0.5661,0.88,1.0,0.6,1.0,0,0,3,4,1
friend_pranjal_tomar,software_engineer_general,general,0.4682,0.6364,7,5,8,0.5029,1.0,1.0,1.0,1.0,0,0,3,3,1
friend_prasann_kumar,backend_swe_fullstack,general,0.4462,0.5,9,4,13,0.5124,0.8,0.5,1.0,1.0,0,1,3,3,1
friend_prasann_kumar,frontend_developer_fresher,general,0.6545,0.9091,4,6,1,0.4175,1.0,1.0,1.0,1.0,0,0,3,3,1
friend_prasann_kumar,fullstack_developer_fresher,general,0.4042,0.5417,6,6,11,0.4423,1.0,1.0,1.0,1.0,0,0,3,3,1
friend_prashant_,backend_swe_fullstack,general,0.5731,0.6923,11,7,8,0.4366,0.8,0.5,1.0,1.0,0,1,3,3,1
friend_prashant_,flutter_developer_fresher,general,0.2917,0.3333,3,1,8,0.2318,0.88,1.0,0.6,1.0,0,0,3,4,0
friend_pratyush_sudarshan,frontend_developer_fresher,general,0.6818,0.8182,6,3,2,0.4577,0.925,1.0,1.0,0.75,0,0,3,3,1
friend_pritish_yadav,backend_swe_fullstack,general,0.6346,0.7692,13,6,6,0.4042,0.8,0.5,1.0,1.0,0,1,3,3,1
friend_pritish_yadav,frontend_developer_fresher,general,0.5818,0.7273,4,4,3,0.4678,1.0,1.0,1.0,1.0,0,0,3,3,1
friend_pritish_yadav,fullstack_developer_fresher,general,0.4875,0.625,8,6,9,0.5547,1.0,1.0,1.0,1.0,0,0,3,3,1
friend_pritish_yadav,mern_stack_developer,general,0.4636,0.5455,8,3,10,0.47,0.88,1.0,0.6,1.0,0,0,3,4,1
friend_pritish_yadav,php_fullstack_developer,general,0.4619,0.7143,6,5,6,0.4608,0.88,1.0,0.6,1.0,0,0,3,4,1
friend_priyanshu_,android_developer,general,0.17,0.2,1,1,8,0.1546,0.685,1.0,0.2,0.75,7,1,1,4,0
friend_priyanshu_,backend_swe_fullstack,general,0.2808,0.3462,6,2,17,0.2756,0.925,1.0,1.0,0.75,7,1,1,3,0
friend_priyanshu_,flutter_developer_fresher,general,0.1667,0.25,1,2,9,0.2161,0.685,1.0,0.2,0.75,7,0,1,4,0
friend_priyanshu_,fullstack_developer_fresher,general,0.0833,0.0833,2,0,22,0.1546,0.925,1.0,1.0,0.75,7,0,1,3,0
friend_priyanshu_,fullstack_developer_general,general,0.1781,0.2188,4,3,25,0.189,0.685,1.0,0.2,0.75,7,0,1,4,0
friend_priyanshu_,java_backend_developer,general,0.225,0.25,4,1,15,0.2204,0.925,1.0,1.0,0.75,7,0,1,3,0
friend_priyanshu_,laravel_developer,general,0.15,0.1667,2,1,15,0.2156,0.685,1.0,0.2,0.75,7,0,1,4,0
friend_priyanshu_,mern_stack_developer,general,0.1136,0.1364,2,1,19,0.2264,0.685,1.0,0.2,0.75,7,0,1,4,0
friend_priyanshu_,php_fullstack_developer,general,0.1524,0.1905,2,2,17,0.2218,0.685,1.0,0.2,0.75,7,0,1,4,0
friend_priyanshu_,software_engineer_general,general,0.2045,0.2273,4,1,17,0.2271,0.925,1.0,1.0,0.75,7,0,1,3,0
friend_priyanshu_goel,backend_swe_fullstack,general,0.6231,0.7692,12,7,6,0.4039,0.8,0.5,1.0,1.0,0,1,3,3,1
friend_priyanshu_goel,data_scientist,general,0.2714,0.3571,3,1,9,0.1561,0.88,1.0,0.6,1.0,0,0,3,4,0
friend_priyanshu_goel,frontend_developer_fresher,general,0.8818,1.0,8,3,0,0.4975,1.0,1.0,1.0,1.0,0,0,3,3,1
friend_priyanshu_goel,fullstack_developer_fresher,general,0.6,0.75,10,7,6,0.5406,1.0,1.0,1.0,1.0,0,0,3,3,1
friend_priyanshu_goel,mern_stack_developer,general,0.6091,0.7273,10,5,6,0.4464,0.88,1.0,0.6,1.0,0,0,3,4,1
friend_priyanshu_goel,php_fullstack_developer,general,0.4571,0.7619,4,8,5,0.4226,0.88,1.0,0.6,1.0,0,0,3,4,1
friend_rachit_jain,java_backend_developer,general,0.215,0.3,3,2,14,0.1164,0.925,1.0,1.0,0.75,0,0,3,3,0
friend_rachit_jain,laravel_developer,general,0.2722,0.3333,3,3,12,0.1041,0.805,1.0,0.6,0.75,0,0,3,4,0
friend_rachit_jain,php_fullstack_developer,general,0.2381,0.3333,3,3,14,0.1699,0.805,1.0,0.6,0.75,0,0,3,4,0
friend_rachit_yadav,backend_swe_fullstack,general,0.1423,0.1538,3,1,22,0.2522,0.65,0.5,1.0,0.5,0,1,3,3,0
friend_rachit_yadav,data_scientist,general,0.2429,0.2857,2,2,10,0.2658,0.73,1.0,0.6,0.5,0,0,3,4,0
friend_rachit_yadav,google_ml_engineer,general,0.185,0.25,2,3,15,0.2211,0.65,0.5,1.0,0.5,0,1,3,3,0
friend_rachit_yadav,google_swe_early_career,general,0.27,0.3,2,1,7,0.255,0.65,0.5,1.0,0.5,0,1,3,3,0
friend_rachit_yadav,google_swe_generalist,general,0.2467,0.2667,3,1,11,0.2551,0.65,0.5,1.0,0.5,0,1,3,3,0
friend_rachit_yadav,junior_ml_engineer,general,0.135,0.2,1,3,16,0.2011,0.53,0.5,0.6,0.5,0,3,3,4,0
friend_rachit_yadav,laravel_developer,general,0.0667,0.1111,0,2,16,0.2729,0.73,1.0,0.6,0.5,0,0,3,4,0
friend_rachit_yadav,php_fullstack_developer,general,0.0571,0.0952,0,2,19,0.2459,0.73,1.0,0.6,0.5,0,0,3,4,0
friend_raghav_ghulyani,backend_swe_fullstack,general,0.5231,0.6154,10,6,10,0.4284,0.8,0.5,1.0,1.0,0,1,3,3,1
friend_raghav_ghulyani,frontend_developer_fresher,general,0.6091,0.7273,5,3,3,0.5237,1.0,1.0,1.0,1.0,0,0,3,3,1
friend_raghav_ghulyani,fullstack_developer_fresher,general,0.5667,0.6667,10,6,8,0.512,1.0,1.0,1.0,1.0,0,0,3,3,1
friend_raghav_ghulyani,mern_stack_developer,general,0.55,0.5909,10,3,9,0.4326,0.88,1.0,0.6,1.0,0,0,3,4,1
friend_raghav_ghulyani,php_fullstack_developer,general,0.4619,0.5714,7,4,9,0.4884,0.88,1.0,0.6,1.0,0,0,3,4,1
friend_raghav_khajuria,frontend_developer_fresher,general,0.8182,0.9091,8,2,1,0.5418,1.0,1.0,1.0,1.0,0,0,3,3,1
friend_raghav_khajuria,fullstack_developer_fresher,general,0.4958,0.5833,9,5,10,0.6218,1.0,1.0,1.0,1.0,0,0,3,3,1
friend_raghav_khajuria,fullstack_developer_general,general,0.4188,0.5312,9,8,15,0.5731,0.88,1.0,0.6,1.0,0,0,3,4,1
friend_raghav_khajuria,junior_ml_engineer,general,0.195,0.35,2,2,13,0.2713,0.68,0.5,0.6,1.0,0,3,3,4,0
friend_raghav_khajuria,laravel_developer,general,0.4389,0.5,6,3,9,0.4087,0.88,1.0,0.6,1.0,0,0,3,4,1
friend_raghav_khajuria,mern_stack_developer,general,0.5182,0.5455,10,2,10,0.5318,0.88,1.0,0.6,1.0,0,0,3,4,1
friend_rahul_verma,backend_swe_fullstack,general,0.5423,0.6154,11,5,10,0.4312,0.8,0.5,1.0,1.0,0,1,3,3,1
friend_rahul_verma,data_scientist,general,0.1929,0.2143,2,1,11,0.2247,0.88,1.0,0.6,1.0,0,0,3,4,0
friend_rahul_verma,frontend_developer_fresher,general,0.5909,0.7273,5,3,3,0.4085,1.0,1.0,1.0,1.0,0,0,3,3,1
friend_rahul_verma,fullstack_developer_fresher,general,0.5708,0.7083,10,6,7,0.5465,1.0,1.0,1.0,1.0,0,0,3,3,1
friend_rahul_verma,java_backend_developer,general,0.485,0.65,6,6,7,0.4239,1.0,1.0,1.0,1.0,0,0,3,3,1
friend_rahul_verma,junior_ml_engineer,general,0.2,0.25,3,2,15,0.1803,0.68,0.5,0.6,1.0,0,3,3,4,0
friend_rahul_verma,mern_stack_developer,general,0.5864,0.6364,11,3,8,0.4516,0.88,1.0,0.6,1.0,0,0,3,4,1
friend_rahul_verma,php_fullstack_developer,general,0.6,0.8095,9,5,4,0.577,0.88,1.0,0.6,1.0,0,0,3,4,1
friend_rahul_verma,software_engineer_general,general,0.5773,0.7273,9,6,6,0.407,1.0,1.0,1.0,1.0,0,0,3,3,1
friend_rajat_.,backend_swe_fullstack,general,0.65,0.7692,13,7,6,0.402,0.65,0.5,1.0,0.5,0,1,3,3,1
friend_rajat_.,flutter_developer_fresher,general,0.2083,0.25,2,1,9,0.2198,0.73,1.0,0.6,0.5,0,0,3,4,0
friend_rajat_.,frontend_developer_fresher,general,0.7727,0.9091,7,3,1,0.4477,0.85,1.0,1.0,0.5,0,0,3,3,1
friend_rajat_.,fullstack_developer_fresher,general,0.6,0.7083,11,6,7,0.5425,0.85,1.0,1.0,0.5,0,0,3,3,1
friend_rajat_.,mern_stack_developer,general,0.6318,0.6818,12,3,7,0.4468,0.73,1.0,0.6,0.5,0,0,3,4,1
friend_rajat_.,php_fullstack_developer,general,0.4619,0.619,6,6,8,0.4688,0.73,1.0,0.6,0.5,0,0,3,4,1
friend_ravi_prasad_gupta,android_developer,general,0.2,0.2,2,0,8,0.2514,0.68,0.5,0.6,1.0,0,1,3,4,0
friend_ravi_prasad_gupta,frontend_developer_fresher,general,0.7273,0.8182,7,2,2,0.5165,1.0,1.0,1.0,1.0,0,0,3,3,1
friend_ravi_prasad_gupta,fullstack_developer_fresher,general,0.5167,0.5833,10,4,10,0.5062,1.0,1.0,1.0,1.0,0,0,3,3,1
friend_ravi_prasad_gupta,google_ml_engineer,general,0.295,0.45,4,2,11,0.2903,0.8,0.5,1.0,1.0,0,1,3,3,0
friend_ravi_prasad_gupta,junior_ml_engineer,general,0.25,0.5,2,3,10,0.2053,0.68,0.5,0.6,1.0,0,3,3,4,0
friend_ravi_prasad_gupta,mern_stack_developer,general,0.5182,0.5455,10,2,10,0.443,0.88,1.0,0.6,1.0,0,0,3,4,1
friend_rebecca_shah,frontend_developer_fresher,general,0.7727,0.9091,7,3,1,0.4061,0.775,1.0,1.0,0.25,0,0,3,3,1
friend_rebecca_shah,fullstack_developer_general,general,0.4906,0.5938,12,7,13,0.5506,0.655,1.0,0.6,0.25,0,0,3,4,1
friend_rebecca_shah,google_swe_early_career,general,0.58,0.7,5,1,3,0.4021,0.575,0.5,1.0,0.25,0,1,3,3,1
friend_rebecca_shah,google_swe_generalist,general,0.7333,0.8667,9,3,2,0.413,0.575,0.5,1.0,0.25,0,1,3,3,1
friend_rehan_ahmed,android_developer,general,0.14,0.2,0,2,8,0.1764,0.685,1.0,0.2,0.75,2,1,1,4,0
friend_rehan_ahmed,backend_swe_fullstack,general,0.2846,0.3077,6,2,18,0.2899,0.925,1.0,1.0,0.75,2,1,1,3,0
friend_rehan_ahmed,flutter_developer_fresher,general,0.25,0.3333,2,2,8,0.2306,0.685,1.0,0.2,0.75,2,0,1,4,0
friend_rehan_ahmed,frontend_developer_fresher,general,0.1818,0.1818,2,0,9,0.2281,0.925,1.0,1.0,0.75,2,0,1,3,0
friend_rehan_ahmed,fullstack_developer_fresher,general,0.0625,0.0833,1,1,22,0.1626,0.925,1.0,1.0,0.75,2,0,1,3,0
friend_rehan_ahmed,fullstack_developer_general,general,0.1469,0.1875,3,3,26,0.2078,0.685,1.0,0.2,0.75,2,0,1,4,0
friend_rehan_ahmed,java_backend_developer,general,0.185,0.25,2,3,15,0.2186,0.925,1.0,1.0,0.75,2,0,1,3,0
friend_rehan_ahmed,laravel_developer,general,0.1222,0.1667,1,2,15,0.1217,0.685,1.0,0.2,0.75,2,0,1,4,0
friend_rehan_ahmed,mern_stack_developer,general,0.1136,0.1364,2,1,19,0.1622,0.685,1.0,0.2,0.75,2,0,1,4,0
friend_rehan_ahmed,php_fullstack_developer,general,0.1048,0.1429,1,2,18,0.2005,0.685,1.0,0.2,0.75,2,0,1,4,0
friend_rehan_ahmed,software_engineer_general,general,0.1591,0.1818,3,1,18,0.2441,0.925,1.0,1.0,0.75,2,0,1,3,0
friend_rishabh_goel,flutter_developer_fresher,general,0.0833,0.0833,1,0,11,0.2168,0.805,1.0,0.6,0.75,0,0,3,4,0
friend_rishabh_goel,frontend_developer_fresher,general,0.5909,0.7273,5,3,3,0.4039,0.925,1.0,1.0,0.75,0,0,3,3,1
friend_rishabh_goel,google_ml_engineer,general,0.27,0.45,3,3,11,0.2677,0.725,0.5,1.0,0.75,0,1,3,3,0
friend_rishabh_goel,junior_ml_engineer,general,0.25,0.5,2,3,10,0.2292,0.605,0.5,0.6,0.75,0,3,3,4,0
friend_rishabh_goel,laravel_developer,general,0.2611,0.3333,3,3,12,0.2481,0.805,1.0,0.6,0.75,0,0,3,4,0
friend_rishabh_goel,software_engineer_general,general,0.2409,0.4091,2,5,13,0.2685,0.925,1.0,1.0,0.75,0,0,3,3,0
friend_rishabh_rawat,android_developer,general,0.1,0.1,1,0,9,0.2264,0.68,0.5,0.6,1.0,0,1,3,4,0
friend_rishabh_rawat,fullstack_developer_fresher,general,0.4458,0.5417,8,4,11,0.4424,1.0,1.0,1.0,1.0,0,0,3,3,1
friend_rishabh_rawat,golang_backend_developer,general,0.2143,0.2857,2,2,10,0.285,1.0,1.0,1.0,1.0,0,0,3,3,0
friend_rishabh_rawat,mern_stack_developer,general,0.45,0.5,8,3,11,0.4792,0.88,1.0,0.6,1.0,0,0,3,4,1
friend_rishabh_rawat,software_engineer_general,general,0.4091,0.5455,6,5,10,0.4043,1.0,1.0,1.0,1.0,0,0,3,3,1
friend_rishu_kumar,data_scientist,general,0.25,0.3571,2,2,9,0.2371,0.805,1.0,0.6,0.75,0,0,3,4,0
friend_rishu_kumar,frontend_developer_fresher,general,0.7,0.8182,6,3,2,0.5511,0.925,1.0,1.0,0.75,0,0,3,3,1
friend_rishu_kumar,fullstack_developer_fresher,general,0.4625,0.5417,8,5,11,0.5188,0.925,1.0,1.0,0.75,0,0,3,3,1
friend_rishu_kumar,fullstack_developer_general,general,0.45,0.5625,10,7,14,0.4809,0.805,1.0,0.6,0.75,0,0,3,4,1
friend_rishu_kumar,mern_stack_developer,general,0.4909,0.5455,8,4,10,0.4962,0.805,1.0,0.6,0.75,0,0,3,4,1
friend_rohan_kamewar,backend_swe_fullstack,general,0.6269,0.7692,11,9,6,0.4848,0.8,0.5,1.0,1.0,0,1,3,3,1
friend_rohan_kamewar,frontend_developer_fresher,general,0.7273,0.9091,6,4,1,0.459,1.0,1.0,1.0,1.0,0,0,3,3,1
friend_rohan_kamewar,fullstack_developer_fresher,general,0.7458,0.8333,15,5,4,0.5931,1.0,1.0,1.0,1.0,0,0,3,3,1
friend_rohan_kamewar,fullstack_developer_general,general,0.6781,0.7812,18,6,7,0.4041,0.88,1.0,0.6,1.0,0,0,3,4,1
friend_rohan_kamewar,java_backend_developer,general,0.575,0.75,8,5,5,0.426,1.0,1.0,1.0,1.0,0,0,3,3,1
friend_rohan_kamewar,mern_stack_developer,general,0.7545,0.8182,14,4,4,0.5812,0.88,1.0,0.6,1.0,0,0,3,4,1
friend_rohan_kamewar,php_fullstack_developer,general,0.5762,0.7619,9,4,5,0.4606,0.88,1.0,0.6,1.0,0,0,3,4,1
friend_rohan_kamewar,software_engineer_general,general,0.5682,0.7273,9,5,6,0.4037,1.0,1.0,1.0,1.0,0,0,3,3,1
friend_rohin_gupta,android_developer,general,0.14,0.2,0,2,8,0.1229,0.725,0.5,1.0,0.75,0,1,4,4,0
friend_rohin_gupta,flutter_developer_fresher,general,0.1,0.1667,0,2,10,0.102,0.925,1.0,1.0,0.75,0,0,4,4,0
friend_rohin_gupta,frontend_developer_fresher,general,0.0909,0.0909,1,0,10,0.2356,0.925,1.0,1.0,0.75,0,0,4,3,0
friend_rohin_gupta,fullstack_developer_fresher,general,0.125,0.2083,1,3,19,0.1214,0.925,1.0,1.0,0.75,0,0,4,3,0
friend_rohin_gupta,fullstack_developer_general,general,0.2031,0.2812,4,4,23,0.1558,0.925,1.0,1.0,0.75,0,0,4,4,0
friend_rohin_gupta,java_backend_developer,general,0.22,0.3,2,4,14,0.059,0.925,1.0,1.0,0.75,0,0,4,3,0
friend_rohin_gupta,laravel_developer,general,0.1778,0.2222,2,2,14,0.071,0.925,1.0,1.0,0.75,0,0,4,4,0
friend_rohin_gupta,mern_stack_developer,general,0.1364,0.2273,1,3,17,0.154,0.925,1.0,1.0,0.75,0,0,4,4,0
friend_rohin_gupta,php_fullstack_developer,general,0.219,0.381,2,3,13,0.1037,0.925,1.0,1.0,0.75,0,0,4,4,0
friend_rohin_gupta,software_engineer_general,general,0.2955,0.4091,4,4,13,0.1643,0.925,1.0,1.0,0.75,0,0,4,3,0
friend_rohit_gupta,android_developer,general,0.27,0.3,2,1,7,0.1844,0.68,0.5,0.6,1.0,0,1,3,4,0
friend_rohit_gupta,frontend_developer_fresher,general,0.6364,0.8182,5,4,2,0.4497,1.0,1.0,1.0,1.0,0,0,3,3,1
friend_rohit_gupta,fullstack_developer_fresher,general,0.5083,0.625,9,5,9,0.5325,1.0,1.0,1.0,1.0,0,0,3,3,1
friend_rohit_gupta,php_fullstack_developer,general,0.4095,0.5714,6,3,9,0.447,0.88,1.0,0.6,1.0,0,0,3,4,1
friend_rohit_jha,backend_swe_fullstack,general,0.5692,0.6923,12,5,8,0.4018,0.725,0.5,1.0,0.75,0,1,3,3,1
friend_rohit_jha,data_scientist,general,0.2143,0.2143,3,0,11,0.2147,0.805,1.0,0.6,0.75,0,0,3,4,0
friend_rohit_jha,fullstack_developer_fresher,general,0.6042,0.75,11,6,6,0.4251,0.925,1.0,1.0,0.75,0,0,3,3,1
friend_rohit_kumar,backend_swe_fullstack,general,0.5538,0.6538,11,6,9,0.6239,0.575,0.5,1.0,0.25,0,1,3,3,1
friend_rohit_kumar,data_scientist,general,0.5071,0.7143,5,3,4,0.5582,0.655,1.0,0.6,0.25,0,0,3,4,1
friend_rohit_kumar,frontend_developer_fresher,general,0.7273,0.8182,7,2,2,0.6154,0.775,1.0,1.0,0.25,0,0,3,3,1
friend_rohit_kumar,fullstack_developer_fresher,general,0.5167,0.625,9,6,9,0.607,0.775,1.0,1.0,0.25,0,0,3,3,1
friend_rohit_kumar,fullstack_developer_general,general,0.5312,0.625,14,5,12,0.453,0.655,1.0,0.6,0.25,0,0,3,4,1
friend_rohit_kumar,golang_backend_developer,general,0.6429,0.7857,7,3,3,0.4926,0.775,1.0,1.0,0.25,0,0,3,3,1
friend_rohit_kumar,google_ml_engineer,general,0.47,0.65,7,3,7,0.4787,0.575,0.5,1.0,0.25,0,1,3,3,1
friend_rohit_kumar,google_swe_early_career,general,0.65,0.8,5,3,2,0.4625,0.575,0.5,1.0,0.25,0,1,3,3,1
friend_rohit_kumar,google_swe_generalist,general,0.8133,0.9333,10,4,1,0.4782,0.575,0.5,1.0,0.25,0,1,3,3,1
friend_rohit_kumar,laravel_developer,general,0.4556,0.5,7,2,9,0.4462,0.655,1.0,0.6,0.25,0,0,3,4,1
friend_rohit_kumar,mern_stack_developer,general,0.4727,0.5455,8,4,10,0.5455,0.655,1.0,0.6,0.25,0,0,3,4,1
friend_rohit_kumar,php_fullstack_developer,general,0.4571,0.6667,6,5,7,0.6187,0.655,1.0,0.6,0.25,0,0,3,4,1
friend_rohit_kumar,software_engineer_general,general,0.4682,0.6364,7,5,8,0.5889,0.775,1.0,1.0,0.25,0,0,3,3,1
friend_ronak_sharma,android_developer,general,0.27,0.3,2,1,7,0.1855,0.68,0.5,0.6,1.0,0,1,3,4,0
friend_ronak_sharma,frontend_developer_fresher,general,0.6364,0.7273,6,2,3,0.4409,1.0,1.0,1.0,1.0,0,0,3,3,1
friend_ronak_sharma,java_backend_developer,general,0.155,0.25,2,1,15,0.1961,1.0,1.0,1.0,1.0,0,0,3,3,0
friend_rushil_nijhawan,android_developer,general,0.17,0.2,1,1,8,0.2733,0.605,0.5,0.6,0.75,0,1,3,4,0
friend_rushil_nijhawan,backend_swe_fullstack,general,0.4038,0.5,8,5,13,0.4037,0.725,0.5,1.0,0.75,0,1,3,3,1
friend_rushil_nijhawan,data_scientist,general,0.4357,0.5,5,2,7,0.435,0.805,1.0,0.6,0.75,0,0,3,4,1
friend_rushil_nijhawan,flutter_developer_fresher,general,0.0417,0.0833,0,1,11,0.2695,0.805,1.0,0.6,0.75,0,0,3,4,0
friend_rushil_nijhawan,frontend_developer_fresher,general,0.6818,0.8182,6,3,2,0.4582,0.925,1.0,1.0,0.75,0,0,3,3,1
friend_rushil_nijhawan,google_ml_engineer,general,0.45,0.6,6,6,8,0.4676,0.725,0.5,1.0,0.75,0,1,3,3,1
friend_rushil_nijhawan,java_backend_developer,general,0.215,0.35,2,4,13,0.2969,0.925,1.0,1.0,0.75,0,0,3,3,0
friend_rushil_nijhawan,junior_ml_engineer,general,0.575,0.75,8,7,5,0.4719,0.605,0.5,0.6,0.75,0,3,3,4,1
friend_sahil_yadav,data_scientist,general,0.1786,0.2143,2,1,11,0.2549,0.805,1.0,0.6,0.75,0,0,3,4,0
friend_sahil_yadav,frontend_developer_fresher,general,0.5909,0.7273,5,3,3,0.5164,0.925,1.0,1.0,0.75,0,0,3,3,1
friend_sahil_yadav,fullstack_developer_fresher,general,0.4167,0.5417,7,5,11,0.5796,0.925,1.0,1.0,0.75,0,0,3,3,1
friend_sahil_yadav,google_ml_engineer,general,0.205,0.3,3,1,14,0.2546,0.725,0.5,1.0,0.75,0,1,3,3,0
friend_sahil_yadav,google_swe_generalist,general,0.5667,0.6667,7,2,5,0.4705,0.725,0.5,1.0,0.75,0,1,3,3,1
friend_sahil_yadav,junior_ml_engineer,general,0.105,0.2,1,1,16,0.2512,0.605,0.5,0.6,0.75,0,3,3,4,0
friend_sahil_yadav,mern_stack_developer,general,0.4773,0.5455,9,2,10,0.4929,0.805,1.0,0.6,0.75,0,0,3,4,1
friend_saksham_jain,android_developer,general,0.2,0.2,2,0,8,0.176,0.68,0.5,0.6,1.0,0,1,3,4,0
friend_saksham_jain,data_scientist,general,0.0929,0.2143,0,2,11,0.2489,0.88,1.0,0.6,1.0,0,0,3,4,0
friend_saksham_jain,frontend_developer_fresher,general,0.6818,0.8182,6,3,2,0.4836,1.0,1.0,1.0,1.0,0,0,3,3,1
friend_saksham_jain,fullstack_developer_fresher,general,0.4458,0.5417,8,4,11,0.4465,1.0,1.0,1.0,1.0,0,0,3,3,1
friend_saksham_jain,google_ml_engineer,general,0.215,0.3,3,2,14,0.2804,0.8,0.5,1.0,1.0,0,1,3,3,0
friend_saksham_jain,java_backend_developer,general,0.105,0.2,1,1,16,0.2835,1.0,1.0,1.0,1.0,0,0,3,3,0
friend_saksham_jain,junior_ml_engineer,general,0.22,0.4,2,3,12,0.2695,0.68,0.5,0.6,1.0,0,3,3,4,0
friend_saksham_jain,mern_stack_developer,general,0.45,0.5,8,3,11,0.408,0.88,1.0,0.6,1.0,0,0,3,4,1
friend_sameer_gupta,backend_swe_fullstack,general,0.6,0.7308,11,8,7,0.4626,0.575,0.5,1.0,0.25,0,1,1,3,1
friend_sameer_gupta,frontend_developer_fresher,general,0.5182,0.6364,4,3,4,0.4931,0.775,1.0,1.0,0.25,0,0,1,3,1
friend_sameer_gupta,google_ml_engineer,general,0.67,0.75,12,3,5,0.48,0.575,0.5,1.0,0.25,0,1,1,3,1
friend_sameer_gupta,google_swe_early_career,general,0.7,0.8,6,2,2,0.4959,0.575,0.5,1.0,0.25,0,1,1,3,1
friend_sameer_gupta,google_swe_generalist,general,0.76,0.8667,9,4,2,0.5526,0.575,0.5,1.0,0.25,0,1,1,3,1
friend_sameer_gupta,junior_ml_engineer,general,0.595,0.7,10,4,6,0.4874,0.335,0.5,0.2,0.25,0,3,1,4,1
friend_sameer_gupta,software_engineer_general,general,0.5364,0.7273,8,6,6,0.4319,0.775,1.0,1.0,0.25,0,0,1,3,1
friend_sarthak_yadav,backend_swe_fullstack,general,0.5538,0.6923,10,8,8,0.4478,0.575,0.5,1.0,0.25,0,1,3,3,1
friend_sarthak_yadav,frontend_developer_fresher,general,0.7273,0.9091,6,4,1,0.5095,0.775,1.0,1.0,0.25,0,0,3,3,1
friend_sarthak_yadav,fullstack_developer_fresher,general,0.6,0.75,10,8,6,0.6439,0.775,1.0,1.0,0.25,0,0,3,3,1
friend_sarthak_yadav,fullstack_developer_general,general,0.5219,0.6562,12,8,11,0.4288,0.655,1.0,0.6,0.25,0,0,3,4,1
friend_sarthak_yadav,laravel_developer,general,0.5389,0.7222,6,7,5,0.4058,0.655,1.0,0.6,0.25,0,0,3,4,1
friend_sarthak_yadav,mern_stack_developer,general,0.5636,0.6364,10,4,8,0.5292,0.655,1.0,0.6,0.25,0,0,3,4,1
friend_sarthak_yadav,php_fullstack_developer,general,0.5143,0.8095,5,9,4,0.5558,0.655,1.0,0.6,0.25,0,0,3,4,1
friend_shahrukh_khan,frontend_developer_fresher,general,0.6364,0.7273,6,2,3,0.5001,1.0,1.0,1.0,1.0,0,0,3,3,1
friend_shahrukh_khan,fullstack_developer_fresher,general,0.5792,0.7083,10,7,7,0.4305,1.0,1.0,1.0,1.0,0,0,3,3,1
friend_shahrukh_khan,google_ml_engineer,general,0.655,0.8,10,6,4,0.4027,0.8,0.5,1.0,1.0,0,1,3,3,1
friend_shakti_singh,backend_swe_fullstack,general,0.4808,0.5769,10,5,11,0.4774,0.8,0.5,1.0,1.0,0,1,3,3,1
friend_shakti_singh,flutter_developer_fresher,general,0.25,0.3333,2,1,8,0.2966,0.88,1.0,0.6,1.0,0,0,3,4,0
friend_shakti_singh,fullstack_developer_fresher,general,0.2333,0.3333,4,2,16,0.2639,1.0,1.0,1.0,1.0,0,0,3,3,0
friend_shakti_singh,fullstack_developer_general,general,0.2938,0.4375,6,5,18,0.2009,0.88,1.0,0.6,1.0,0,0,3,4,0
friend_shakti_singh,golang_backend_developer,general,0.6786,0.7857,8,3,3,0.401,1.0,1.0,1.0,1.0,0,0,3,3,1
friend_shakti_singh,google_ml_engineer,general,0.545,0.7,8,6,6,0.4505,0.8,0.5,1.0,1.0,0,1,3,3,1
friend_shakti_singh,laravel_developer,general,0.2667,0.3333,4,1,12,0.1843,0.88,1.0,0.6,1.0,0,0,3,4,0
friend_shakti_singh,mern_stack_developer,general,0.2409,0.3636,3,4,14,0.2631,0.88,1.0,0.6,1.0,0,0,3,4,0
friend_shivanshu_goswami,backend_swe_fullstack,general,0.4731,0.6154,9,6,10,0.4466,0.725,0.5,1.0,0.75,0,1,3,3,1
friend_shivanshu_goswami,frontend_developer_fresher,general,0.6818,0.8182,6,3,2,0.4008,0.925,1.0,1.0,0.75,0,0,3,3,1
friend_shivanshu_goswami,fullstack_developer_fresher,general,0.5208,0.6667,9,6,8,0.4276,0.925,1.0,1.0,0.75,0,0,3,3,1
friend_shivanshu_goswami,junior_ml_engineer,general,0.295,0.5,3,4,10,0.285,0.605,0.5,0.6,0.75,0,3,3,4,0
friend_shivanshu_goswami,php_fullstack_developer,general,0.4143,0.6667,5,5,7,0.4962,0.805,1.0,0.6,0.75,0,0,3,4,1
friend_shree_govind_jee,backend_swe_fullstack,general,0.5154,0.6154,10,5,10,0.4527,0.725,0.5,1.0,0.75,0,1,3,3,1
friend_shree_govind_jee,data_scientist,general,0.2643,0.3571,2,3,9,0.2128,0.805,1.0,0.6,0.75,0,0,3,4,0
friend_shree_govind_jee,frontend_developer_fresher,general,0.7273,0.8182,7,2,2,0.406,0.925,1.0,1.0,0.75,0,0,3,3,1
friend_shree_govind_jee,fullstack_developer_fresher,general,0.5875,0.6667,11,5,8,0.4752,0.925,1.0,1.0,0.75,0,0,3,3,1
friend_shree_govind_jee,junior_ml_engineer,general,0.225,0.3,3,3,14,0.1518,0.605,0.5,0.6,0.75,0,3,3,4,0
friend_shree_govind_jee,php_fullstack_developer,general,0.4905,0.619,8,3,8,0.4783,0.805,1.0,0.6,0.75,0,0,3,4,1
friend_shreyansh_palwalia,android_developer,general,0.5,0.5,5,0,5,0.4008,0.68,0.5,0.6,1.0,0,1,3,4,1
friend_shreyansh_palwalia,backend_swe_fullstack,general,0.4885,0.5769,10,5,11,0.5527,0.8,0.5,1.0,1.0,0,1,3,3,1
friend_shreyansh_palwalia,frontend_developer_fresher,general,0.7727,0.9091,7,3,1,0.578,1.0,1.0,1.0,1.0,0,0,3,3,1
friend_shreyansh_palwalia,fullstack_developer_fresher,general,0.55,0.6667,10,6,8,0.5828,1.0,1.0,1.0,1.0,0,0,3,3,1
friend_shreyansh_palwalia,fullstack_developer_general,general,0.4906,0.5938,12,6,13,0.4704,0.88,1.0,0.6,1.0,0,0,3,4,1
friend_shreyansh_palwalia,golang_backend_developer,general,0.5571,0.6429,7,1,5,0.4969,1.0,1.0,1.0,1.0,0,0,3,3,1
friend_shreyansh_palwalia,google_ml_engineer,general,0.52,0.7,7,7,6,0.4534,0.8,0.5,1.0,1.0,0,1,3,3,1
friend_shreyansh_palwalia,google_swe_early_career,general,0.65,0.7,6,1,3,0.5438,0.8,0.5,1.0,1.0,0,1,3,3,1
friend_shreyansh_palwalia,google_swe_generalist,general,0.8,0.8667,11,2,2,0.5602,0.8,0.5,1.0,1.0,0,1,3,3,1
friend_shreyansh_palwalia,junior_ml_engineer,general,0.595,0.8,8,8,4,0.4447,0.68,0.5,0.6,1.0,0,3,3,4,1
friend_shreyansh_palwalia,laravel_developer,general,0.5389,0.6667,7,5,6,0.417,0.88,1.0,0.6,1.0,0,0,3,4,1
friend_shreyansh_palwalia,mern_stack_developer,general,0.5318,0.5909,10,3,9,0.5572,0.88,1.0,0.6,1.0,0,0,3,4,1
friend_shreyansh_palwalia,php_fullstack_developer,general,0.4381,0.5714,6,5,9,0.5786,0.88,1.0,0.6,1.0,0,0,3,4,1
friend_shubham_,backend_swe_fullstack,general,0.4885,0.5769,10,5,11,0.5823,1.0,1.0,1.0,1.0,1,1,3,3,1
friend_shubham_,frontend_developer_fresher,general,0.7727,0.9091,7,3,1,0.6067,1.0,1.0,1.0,1.0,1,0,3,3,1
friend_shubham_,fullstack_developer_fresher,general,0.475,0.5417,9,4,11,0.5726,1.0,1.0,1.0,1.0,1,0,3,3,1
friend_shubham_,golang_backend_developer,general,0.6286,0.7143,8,1,4,0.4705,1.0,1.0,1.0,1.0,1,0,3,3,1
friend_shubham_,google_ml_engineer,general,0.445,0.6,7,2,8,0.4832,1.0,1.0,1.0,1.0,1,1,3,3,1
friend_shubham_,mern_stack_developer,general,0.4727,0.5,9,2,11,0.5575,0.88,1.0,0.6,1.0,1,0,3,4,1
friend_shubham_bansal,data_scientist,general,0.2357,0.3571,2,2,9,0.1317,0.925,1.0,1.0,0.75,0,0,4,4,0
friend_shubham_bansal,flutter_developer_fresher,general,0.2917,0.3333,3,1,8,0.2935,0.925,1.0,1.0,0.75,0,0,4,4,0
friend_shubham_bansal,frontend_developer_fresher,general,0.7727,0.9091,7,3,1,0.4186,0.925,1.0,1.0,0.75,0,0,4,3,1
friend_shubham_bansal,fullstack_developer_fresher,general,0.6208,0.7083,12,5,7,0.4933,0.925,1.0,1.0,0.75,0,0,4,3,1
friend_shubham_bansal,mern_stack_developer,general,0.6318,0.6818,12,3,7,0.4162,0.925,1.0,1.0,0.75,0,0,4,4,1
friend_shubham_bansal,php_fullstack_developer,general,0.4857,0.619,7,5,8,0.412,0.925,1.0,1.0,0.75,0,0,4,4,1
friend_shubham_jha,backend_swe_fullstack,general,0.6231,0.7692,12,7,6,0.5435,0.8,0.5,1.0,1.0,0,1,3,3,1
friend_shubham_jha,frontend_developer_fresher,general,0.8182,0.9091,8,2,1,0.6164,1.0,1.0,1.0,1.0,0,0,3,3,1
friend_shubham_jha,fullstack_developer_fresher,general,0.6542,0.75,13,5,6,0.5142,1.0,1.0,1.0,1.0,0,0,3,3,1
friend_shubham_jha,fullstack_developer_general,general,0.5312,0.6562,13,7,11,0.4282,0.88,1.0,0.6,1.0,0,0,3,4,1
friend_shubham_jha,golang_backend_developer,general,0.7143,0.8571,8,3,2,0.4437,1.0,1.0,1.0,1.0,0,0,3,3,1
friend_shubham_jha,google_ml_engineer,general,0.505,0.7,7,6,6,0.4069,0.8,0.5,1.0,1.0,0,1,3,3,1
friend_shubham_jha,google_swe_early_career,general,0.68,0.8,6,1,2,0.4248,0.8,0.5,1.0,1.0,0,1,3,3,1
friend_shubham_jha,google_swe_generalist,general,0.82,0.9333,11,2,1,0.4197,0.8,0.5,1.0,1.0,0,1,3,3,1
friend_shubham_jha,mern_stack_developer,general,0.6455,0.6818,13,2,7,0.4637,0.88,1.0,0.6,1.0,0,0,3,4,1
friend_shubham_jha,php_fullstack_developer,general,0.5762,0.8095,8,6,4,0.485,0.88,1.0,0.6,1.0,0,0,3,4,1
friend_shubham_jha,software_engineer_general,general,0.4682,0.6364,7,5,8,0.4559,1.0,1.0,1.0,1.0,0,0,3,3,1
friend_sumit_kumar,backend_swe_fullstack,general,0.4962,0.6154,9,6,10,0.4305,0.8,0.5,1.0,1.0,0,1,3,3,1
friend_sumit_kumar,frontend_developer_fresher,general,0.7727,0.9091,7,3,1,0.4411,1.0,1.0,1.0,1.0,0,0,3,3,1
friend_sumit_kumar,fullstack_developer_fresher,general,0.5167,0.5833,10,4,10,0.4847,1.0,1.0,1.0,1.0,0,0,3,3,1
friend_sumit_kumar,mern_stack_developer,general,0.5045,0.5455,9,3,10,0.4227,0.88,1.0,0.6,1.0,0,0,3,4,1
friend_sumit_kumar,php_fullstack_developer,general,0.4429,0.5714,7,3,9,0.5373,0.88,1.0,0.6,1.0,0,0,3,4,1
friend_sunny_punia,backend_swe_fullstack,general,0.5846,0.7308,11,7,7,0.5783,0.725,0.5,1.0,0.75,0,1,3,3,1
friend_sunny_punia,frontend_developer_fresher,general,0.8182,0.9091,8,2,1,0.5441,0.925,1.0,1.0,0.75,0,0,3,3,1
friend_sunny_punia,fullstack_developer_fresher,general,0.6,0.7083,11,6,7,0.6348,0.925,1.0,1.0,0.75,0,0,3,3,1
friend_sunny_punia,fullstack_developer_general,general,0.5156,0.6562,12,8,11,0.5359,0.805,1.0,0.6,0.75,0,0,3,4,1
friend_sunny_punia,golang_backend_developer,general,0.7857,0.9286,9,3,1,0.4645,0.925,1.0,1.0,0.75,0,0,3,3,1
friend_sunny_punia,google_ml_engineer,general,0.44,0.6,6,5,8,0.4271,0.725,0.5,1.0,0.75,0,1,3,3,1
friend_sunny_punia,google_swe_early_career,general,0.63,0.8,5,2,2,0.4342,0.725,0.5,1.0,0.75,0,1,3,3,1
friend_sunny_punia,google_swe_generalist,general,0.7667,0.9333,9,4,1,0.4245,0.725,0.5,1.0,0.75,0,1,3,3,1
friend_sunny_punia,laravel_developer,general,0.5389,0.6111,8,3,7,0.4156,0.805,1.0,0.6,0.75,0,0,3,4,1
friend_sunny_punia,mern_stack_developer,general,0.6318,0.6818,12,3,7,0.5685,0.805,1.0,0.6,0.75,0,0,3,4,1
friend_sunny_punia,php_fullstack_developer,general,0.481,0.7143,6,6,6,0.5634,0.805,1.0,0.6,0.75,0,0,3,4,1
friend_sunny_punia,software_engineer_general,general,0.4455,0.6364,6,6,8,0.5898,0.925,1.0,1.0,0.75,0,0,3,3,1
friend_suraj_yadav_,data_scientist,general,0.25,0.3571,2,2,9,0.1191,0.76,1.0,0.2,1.0,0,0,1,4,0
friend_tajinder_singh,backend_swe_fullstack,general,0.5346,0.6154,11,5,10,0.4543,0.725,0.5,1.0,0.75,0,1,3,3,1
friend_tajinder_singh,frontend_developer_fresher,general,0.7727,0.9091,7,3,1,0.515,0.925,1.0,1.0,0.75,0,0,3,3,1
friend_tajinder_singh,fullstack_developer_fresher,general,0.6208,0.7083,12,5,7,0.5486,0.925,1.0,1.0,0.75,0,0,3,3,1
friend_tajinder_singh,mern_stack_developer,general,0.5864,0.6364,11,3,8,0.4605,0.805,1.0,0.6,0.75,0,0,3,4,1
friend_tajinder_singh,php_fullstack_developer,general,0.4143,0.5238,6,4,10,0.5357,0.805,1.0,0.6,0.75,0,0,3,4,1
friend_tushar_singh,backend_swe_fullstack,general,0.6538,0.7308,15,3,7,0.4428,0.725,0.5,1.0,0.75,0,1,3,3,1
friend_tushar_singh,frontend_developer_fresher,general,0.7273,0.9091,6,4,1,0.5215,0.925,1.0,1.0,0.75,0,0,3,3,1
friend_tushar_singh,fullstack_developer_fresher,general,0.5917,0.6667,12,4,8,0.5524,0.925,1.0,1.0,0.75,0,0,3,3,1
friend_tushar_singh,golang_backend_developer,general,0.8214,0.9286,10,2,1,0.4506,0.925,1.0,1.0,0.75,0,0,3,3,1
friend_tushar_singh,java_backend_developer,general,0.47,0.65,7,3,7,0.4979,0.925,1.0,1.0,0.75,0,0,3,3,1
friend_tushar_singh,mern_stack_developer,general,0.5773,0.5909,12,1,9,0.5108,0.805,1.0,0.6,0.75,0,0,3,4,1
friend_tushar_singh,php_fullstack_developer,general,0.5,0.619,8,4,8,0.5378,0.805,1.0,0.6,0.75,0,0,3,4,1
friend_tushar_singh,software_engineer_general,general,0.5364,0.6818,9,5,7,0.4486,0.925,1.0,1.0,0.75,0,0,3,3,1
friend_ujjwal_jain,frontend_developer_fresher,general,0.8182,0.9091,8,2,1,0.5441,0.85,1.0,1.0,0.5,0,0,3,3,1
friend_ujjwal_jain,fullstack_developer_fresher,general,0.4958,0.5833,9,5,10,0.5258,0.85,1.0,1.0,0.5,0,0,3,3,1
friend_ujjwal_jain,fullstack_developer_general,general,0.5,0.625,12,7,12,0.4137,0.73,1.0,0.6,0.5,0,0,3,4,1
friend_ujjwal_jain,golang_backend_developer,general,0.6071,0.7143,7,2,4,0.4006,0.85,1.0,1.0,0.5,0,0,3,3,1
friend_ujjwal_jain,mern_stack_developer,general,0.5182,0.5455,10,2,10,0.4739,0.73,1.0,0.6,0.5,0,0,3,4,1
friend_ujjwal_jain,php_fullstack_developer,general,0.4333,0.619,6,4,8,0.5098,0.73,1.0,0.6,0.5,0,0,3,4,1
friend_ujjwal_kumar,frontend_developer_fresher,general,0.5636,0.7273,4,4,3,0.5449,0.925,1.0,1.0,0.75,0,0,3,3,1
friend_ujjwal_kumar,fullstack_developer_fresher,general,0.4125,0.5,7,5,12,0.5057,0.925,1.0,1.0,0.75,0,0,3,3,1
friend_ujjwal_kumar,mern_stack_developer,general,0.4273,0.4545,8,2,12,0.4221,0.805,1.0,0.6,0.75,0,0,3,4,1
friend_vaibhav_tiwari,backend_swe_fullstack,general,0.4385,0.5769,7,7,11,0.4059,0.8,0.5,1.0,1.0,0,1,3,3,1
friend_vaibhav_tiwari,frontend_developer_fresher,general,0.5909,0.7273,5,3,3,0.649,1.0,1.0,1.0,1.0,0,0,3,3,1
friend_vaibhav_tiwari,fullstack_developer_fresher,general,0.4875,0.5833,9,5,10,0.5168,1.0,1.0,1.0,1.0,0,0,3,3,1
friend_vaibhav_tiwari,google_swe_early_career,general,0.53,0.7,4,2,3,0.4232,0.8,0.5,1.0,1.0,0,1,3,3,1
friend_vaibhav_tiwari,google_swe_generalist,general,0.6667,0.8,8,3,3,0.4751,0.8,0.5,1.0,1.0,0,1,3,3,1
friend_vaibhav_tiwari,mern_stack_developer,general,0.45,0.5,8,3,11,0.4286,0.88,1.0,0.6,1.0,0,0,3,4,1
friend_vashu_kumar,android_developer,general,0.27,0.3,2,1,7,0.1339,0.605,0.5,0.6,0.75,0,1,3,4,0
friend_vashu_kumar,data_scientist,general,0.4643,0.5,6,1,7,0.4389,0.805,1.0,0.6,0.75,0,0,3,4,1
friend_vashu_kumar,flutter_developer_fresher,general,0.125,0.1667,1,1,10,0.1474,0.805,1.0,0.6,0.75,0,0,3,4,0
friend_vashu_kumar,frontend_developer_fresher,general,0.2909,0.4545,1,4,6,0.2069,0.925,1.0,1.0,0.75,0,0,3,3,0
friend_vashu_kumar,fullstack_developer_fresher,general,0.25,0.375,3,5,15,0.1044,0.925,1.0,1.0,0.75,0,0,3,3,0
friend_vashu_kumar,java_backend_developer,general,0.225,0.25,4,1,15,0.1606,0.925,1.0,1.0,0.75,0,0,3,3,0
friend_vashu_kumar,laravel_developer,general,0.2444,0.2778,3,2,13,0.1481,0.805,1.0,0.6,0.75,0,0,3,4,0
friend_vashu_kumar,mern_stack_developer,general,0.2273,0.3182,3,3,15,0.1844,0.805,1.0,0.6,0.75,0,0,3,4,0
friend_vashu_kumar,php_fullstack_developer,general,0.2238,0.2857,3,3,15,0.1874,0.805,1.0,0.6,0.75,0,0,3,4,0
friend_vijay_kumar,data_scientist,general,0.1929,0.2143,2,1,11,0.2264,0.805,1.0,0.6,0.75,0,0,3,4,0
friend_vijay_kumar,frontend_developer_fresher,general,0.5909,0.7273,5,3,3,0.5062,0.925,1.0,1.0,0.75,0,0,3,3,1
friend_vijay_kumar,fullstack_developer_fresher,general,0.5792,0.6667,11,5,8,0.5923,0.925,1.0,1.0,0.75,0,0,3,3,1
friend_vijay_kumar,fullstack_developer_general,general,0.5312,0.6562,13,6,11,0.5023,0.805,1.0,0.6,0.75,0,0,3,4,1
friend_vijay_kumar,google_ml_engineer,general,0.275,0.35,4,3,13,0.2429,0.725,0.5,1.0,0.75,0,1,3,3,0
friend_vijay_kumar,junior_ml_engineer,general,0.15,0.2,2,2,16,0.133,0.605,0.5,0.6,0.75,0,3,3,4,0
friend_vijay_kumar,mern_stack_developer,general,0.5273,0.5909,9,4,9,0.5061,0.805,1.0,0.6,0.75,0,0,3,4,1
friend_vijay_kumar,php_fullstack_developer,general,0.4571,0.6667,6,5,7,0.4934,0.805,1.0,0.6,0.75,0,0,3,4,1
friend_vikash_dubey,data_scientist,general,0.2143,0.2143,3,0,11,0.2439,0.805,1.0,0.6,0.75,0,0,3,4,0
friend_vikash_dubey,frontend_developer_fresher,general,0.7273,0.8182,7,2,2,0.4993,0.925,1.0,1.0,0.75,0,0,3,3,1
friend_vikash_dubey,fullstack_developer_fresher,general,0.4958,0.5833,9,5,10,0.5773,0.925,1.0,1.0,0.75,0,0,3,3,1
friend_vikash_dubey,fullstack_developer_general,general,0.4594,0.5625,11,7,14,0.4549,0.805,1.0,0.6,0.75,0,0,3,4,1
friend_vikash_dubey,java_backend_developer,general,0.25,0.3,4,2,14,0.2953,0.925,1.0,1.0,0.75,0,0,3,3,0
friend_vikash_dubey,junior_ml_engineer,general,0.2,0.25,3,2,15,0.1435,0.605,0.5,0.6,0.75,0,3,3,4,0
friend_vikash_dubey,mern_stack_developer,general,0.5182,0.5455,10,2,10,0.4777,0.805,1.0,0.6,0.75,0,0,3,4,1
friend_vikash_dubey,php_fullstack_developer,general,0.419,0.5714,6,4,9,0.44,0.805,1.0,0.6,0.75,0,0,3,4,1
friend_vikram_mahasheth,backend_swe_fullstack,general,0.5077,0.6923,8,9,8,0.4509,0.8,0.5,1.0,1.0,0,1,3,3,1
friend_vikram_mahasheth,data_scientist,general,0.2286,0.2857,2,2,10,0.258,0.88,1.0,0.6,1.0,0,0,3,4,0
friend_vikram_mahasheth,frontend_developer_fresher,general,0.6818,0.8182,6,3,2,0.4829,1.0,1.0,1.0,1.0,0,0,3,3,1
friend_vikram_mahasheth,fullstack_developer_fresher,general,0.6958,0.8333,13,7,4,0.5764,1.0,1.0,1.0,1.0,0,0,3,3,1
friend_vikram_mahasheth,junior_ml_engineer,general,0.18,0.3,2,2,14,0.2039,0.68,0.5,0.6,1.0,0,3,3,4,0
friend_vikram_mahasheth,mern_stack_developer,general,0.6318,0.7273,11,5,6,0.5171,0.88,1.0,0.6,1.0,0,0,3,4,1
friend_vikram_mahasheth,php_fullstack_developer,general,0.5524,0.8095,7,7,4,0.5599,0.88,1.0,0.6,1.0,0,0,3,4,1
friend_vishal_mishra,backend_swe_fullstack,general,0.5885,0.6923,13,4,8,0.4652,0.725,0.5,1.0,0.75,0,1,3,3,1
friend_vishal_mishra,frontend_developer_fresher,general,0.7727,0.9091,7,3,1,0.4455,0.925,1.0,1.0,0.75,0,0,3,3,1
friend_vishal_mishra,fullstack_developer_fresher,general,0.5417,0.7083,9,7,7,0.4735,0.925,1.0,1.0,0.75,0,0,3,3,1
friend_vishal_mishra,mern_stack_developer,general,0.5455,0.6818,9,5,7,0.4235,0.805,1.0,0.6,0.75,0,0,3,4,1
friend_vishal_mishra,php_fullstack_developer,general,0.4381,0.7143,5,6,6,0.489,0.805,1.0,0.6,0.75,0,0,3,4,1
friend_yash_singh,fullstack_developer_general,general,0.2281,0.3125,5,4,22,0.2136,0.73,1.0,0.6,0.5,0,0,3,4,0
friend_yash_singh,laravel_developer,general,0.1389,0.1667,2,1,15,0.2383,0.73,1.0,0.6,0.5,0,0,3,4,0
friend_yash_singh,mern_stack_developer,general,0.1273,0.1818,2,1,18,0.2747,0.73,1.0,0.6,0.5,0,0,3,4,0
friend_yashvardhan_singh_chauhan,backend_swe_fullstack,general,0.6692,0.8077,13,7,5,0.4656,0.8,0.5,1.0,1.0,0,1,3,3,1
friend_yashvardhan_singh_chauhan,frontend_developer_fresher,general,0.7273,0.9091,6,4,1,0.6438,1.0,1.0,1.0,1.0,0,0,3,3,1
friend_yashvardhan_singh_chauhan,fullstack_developer_fresher,general,0.5917,0.7083,11,5,7,0.5108,1.0,1.0,1.0,1.0,0,0,3,3,1
friend_yashvardhan_singh_chauhan,google_swe_early_career,general,0.63,0.8,5,2,2,0.4182,0.8,0.5,1.0,1.0,0,1,3,3,1
friend_yashvardhan_singh_chauhan,google_swe_generalist,general,0.8133,1.0,9,5,0,0.4388,0.8,0.5,1.0,1.0,0,1,3,3,1
friend_yashvardhan_singh_chauhan,mern_stack_developer,general,0.5727,0.6364,10,4,8,0.4428,0.88,1.0,0.6,1.0,0,0,3,4,1
friend_yashvardhan_singh_chauhan,php_fullstack_developer,general,0.519,0.7619,7,5,5,0.4831,0.88,1.0,0.6,1.0,0,0,3,4,1
friend_yashvardhan_singh_chauhan,software_engineer_general,general,0.4682,0.6818,6,6,7,0.427,1.0,1.0,1.0,1.0,0,0,3,3,1
friend_yogarth_,backend_swe_fullstack,general,0.6923,0.8077,15,5,5,0.4989,0.8,0.5,1.0,1.0,0,1,3,3,1
friend_yogarth_,flutter_developer_fresher,general,0.4167,0.5,4,2,6,0.4476,0.88,1.0,0.6,1.0,0,0,3,4,1
friend_yogarth_,frontend_developer_fresher,general,0.7727,0.9091,7,3,1,0.5809,1.0,1.0,1.0,1.0,0,0,3,3,1
friend_yogarth_,fullstack_developer_fresher,general,0.7083,0.8333,14,6,4,0.6596,1.0,1.0,1.0,1.0,0,0,3,3,1
friend_yogarth_,fullstack_developer_general,general,0.6344,0.7188,18,4,9,0.4318,0.88,1.0,0.6,1.0,0,0,3,4,1
friend_yogarth_,java_backend_developer,general,0.52,0.75,7,5,5,0.4353,1.0,1.0,1.0,1.0,0,0,3,3,1
friend_yogarth_,laravel_developer,general,0.6111,0.7778,8,6,4,0.4238,0.88,1.0,0.6,1.0,0,0,3,4,1
friend_yogarth_,mern_stack_developer,general,0.75,0.8182,15,3,4,0.5384,0.88,1.0,0.6,1.0,0,0,3,4,1
friend_yogarth_,php_fullstack_developer,general,0.6571,0.9048,9,9,2,0.6136,0.88,1.0,0.6,1.0,0,0,3,4,1
friend_yogarth_,software_engineer_general,general,0.5045,0.6818,8,5,7,0.4596,1.0,1.0,1.0,1.0,0,0,3,3,1
friend_yogesh_kumar,frontend_developer_fresher,general,0.7909,0.9091,7,3,1,0.4559,1.0,1.0,1.0,1.0,0,0,3,3,1
friend_yogesh_kumar,google_swe_early_career,general,0.27,0.4,1,2,6,0.2773,0.8,0.5,1.0,1.0,0,1,3,3,0
friend_yogesh_kumar,java_backend_developer,general,0.285,0.35,4,3,13,0.2401,1.0,1.0,1.0,1.0,0,0,3,3,0
friend_yogesh_kumar,junior_ml_engineer,general,0.225,0.35,2,3,13,0.1781,0.68,0.5,0.6,1.0,0,3,3,4,0
