resume_id,jd_id,resume_category,graph_score,coverage,exact_matches,partial_matches,no_matches,sbert_score,structural_score,yoe_score,edu_score,section_score,resume_yoe,required_yoe,resume_edu_rank,required_edu_rank,label
friend_abdul_ahad,android_developer,general,0.44,0.5,3,2,5,0.2421,0.68,0.5,0.6,1.0,0,1,3,4,-1
friend_abdul_ahad,backend_swe_fullstack,general,0.5077,0.5769,11,4,11,0.4097,0.8,0.5,1.0,1.0,0,1,3,3,1
friend_abdul_ahad,data_scientist,general,0.5714,0.7143,6,2,4,0.2484,0.88,1.0,0.6,1.0,0,0,3,4,-1
friend_abdul_ahad,flutter_developer_fresher,general,0.125,0.1667,1,1,10,0.3225,0.88,1.0,0.6,1.0,0,0,3,4,-1
friend_abdul_ahad,frontend_developer_fresher,general,0.6545,0.8182,5,4,2,0.54,1.0,1.0,1.0,1.0,0,0,3,3,1
friend_abdul_ahad,fullstack_developer_fresher,general,0.4458,0.5417,8,5,11,0.5104,1.0,1.0,1.0,1.0,0,0,3,3,1
friend_abdul_ahad,fullstack_developer_general,general,0.5062,0.625,12,7,12,0.2934,0.88,1.0,0.6,1.0,0,0,3,4,-1
friend_abdul_ahad,golang_backend_developer,general,0.5143,0.6429,5,3,5,0.353,1.0,1.0,1.0,1.0,0,0,3,3,-1
friend_abdul_ahad,google_ml_engineer,general,0.47,0.55,7,4,9,0.2549,0.8,0.5,1.0,1.0,0,1,3,3,-1
friend_abdul_ahad,google_swe_early_career,general,0.49,0.6,3,3,4,0.3176,0.8,0.5,1.0,1.0,0,1,3,3,-1
friend_abdul_ahad,google_swe_generalist,general,0.7733,0.8667,9,4,2,0.3528,0.8,0.5,1.0,1.0,0,1,3,3,-1
friend_abdul_ahad,java_backend_developer,general,0.405,0.6,5,4,8,0.3401,1.0,1.0,1.0,1.0,0,0,3,3,-1
friend_abdul_ahad,junior_ml_engineer,general,0.495,0.6,7,5,8,0.2655,0.68,0.5,0.6,1.0,0,3,3,4,-1
friend_abdul_ahad,laravel_developer,general,0.4111,0.5,5,4,9,0.2432,0.88,1.0,0.6,1.0,0,0,3,4,-1
friend_abdul_ahad,mern_stack_developer,general,0.3955,0.4545,7,3,12,0.4402,0.88,1.0,0.6,1.0,0,0,3,4,-1
friend_abdul_ahad,php_fullstack_developer,general,0.2857,0.381,4,3,13,0.4525,0.88,1.0,0.6,1.0,0,0,3,4,-1
friend_abdul_ahad,software_engineer_general,general,0.3773,0.5,6,3,11,0.3203,1.0,1.0,1.0,1.0,0,0,3,3,-1
friend_abhinandan_,android_developer,general,0.4,0.4,4,0,6,0.1196,0.68,0.5,0.6,1.0,0,1,3,4,-1
friend_abhinandan_,backend_swe_fullstack,general,0.5923,0.7308,11,7,7,0.4145,0.8,0.5,1.0,1.0,0,1,3,3,1
friend_abhinandan_,data_scientist,general,0.2286,0.2857,2,2,10,0.072,0.88,1.0,0.6,1.0,0,0,3,4,0
friend_abhinandan_,flutter_developer_fresher,general,0.2833,0.3333,2,2,8,0.165,0.88,1.0,0.6,1.0,0,0,3,4,0
friend_abhinandan_,frontend_developer_fresher,general,0.6545,0.9091,4,6,1,0.2855,1.0,1.0,1.0,1.0,0,0,3,3,-1
friend_abhinandan_,fullstack_developer_fresher,general,0.5875,0.7083,10,7,7,0.3215,1.0,1.0,1.0,1.0,0,0,3,3,-1
friend_abhinandan_,fullstack_developer_general,general,0.475,0.625,10,8,12,0.2594,0.88,1.0,0.6,1.0,0,0,3,4,-1
friend_abhinandan_,golang_backend_developer,general,0.7857,0.9286,9,3,1,0.2234,1.0,1.0,1.0,1.0,0,0,3,3,-1
friend_abhinandan_,google_ml_engineer,general,0.28,0.4,4,2,12,0.3441,0.8,0.5,1.0,1.0,0,1,3,3,-1
friend_abhinandan_,google_swe_early_career,general,0.43,0.6,3,2,4,0.2615,0.8,0.5,1.0,1.0,0,1,3,3,-1
friend_abhinandan_,google_swe_generalist,general,0.58,0.7333,6,4,4,0.2514,0.8,0.5,1.0,1.0,0,1,3,3,-1
friend_abhinandan_,java_backend_developer,general,0.415,0.6,5,4,8,0.2453,1.0,1.0,1.0,1.0,0,0,3,3,-1
friend_abhinandan_,junior_ml_engineer,general,0.19,0.3,2,2,14,0.063,0.68,0.5,0.6,1.0,0,3,3,4,0
friend_abhinandan_,laravel_developer,general,0.4667,0.5556,6,4,8,0.1409,0.88,1.0,0.6,1.0,0,0,3,4,-1
friend_abhinandan_,mern_stack_developer,general,0.6273,0.7273,10,6,6,0.2634,0.88,1.0,0.6,1.0,0,0,3,4,-1
friend_abhinandan_,php_fullstack_developer,general,0.3905,0.5238,5,5,10,0.3569,0.88,1.0,0.6,1.0,0,0,3,4,-1
friend_abhinandan_,software_engineer_general,general,0.3864,0.5455,5,5,10,0.2866,1.0,1.0,1.0,1.0,0,0,3,3,-1
friend_abhishek_,android_developer,general,0.42,0.5,3,2,5,0.3151,0.68,0.5,0.6,1.0,0,1,3,4,-1
friend_abhishek_,backend_swe_fullstack,general,0.3885,0.5385,5,8,12,0.4023,0.8,0.5,1.0,1.0,0,1,3,3,-1
friend_abhishek_,data_scientist,general,0.2143,0.3571,1,3,9,0.2193,0.88,1.0,0.6,1.0,0,0,3,4,0
friend_abhishek_,flutter_developer_fresher,general,0.25,0.3333,2,1,8,0.4959,0.88,1.0,0.6,1.0,0,0,3,4,-1
friend_abhishek_,frontend_developer_fresher,general,0.6818,0.8182,6,3,2,0.4239,1.0,1.0,1.0,1.0,0,0,3,3,1
friend_abhishek_,fullstack_developer_fresher,general,0.4625,0.5417,8,5,11,0.4812,1.0,1.0,1.0,1.0,0,0,3,3,1
friend_abhishek_,fullstack_developer_general,general,0.4406,0.5312,10,7,15,0.2962,0.88,1.0,0.6,1.0,0,0,3,4,-1
friend_abhishek_,golang_backend_developer,general,0.5286,0.6429,5,4,5,0.3055,1.0,1.0,1.0,1.0,0,0,3,3,-1
friend_abhishek_,google_ml_engineer,general,0.33,0.5,4,3,10,0.2792,0.8,0.5,1.0,1.0,0,1,3,3,-1
friend_abhishek_,google_swe_early_career,general,0.6,0.8,4,3,2,0.3289,0.8,0.5,1.0,1.0,0,1,3,3,-1
friend_abhishek_,google_swe_generalist,general,0.5933,0.8,5,6,3,0.3632,0.8,0.5,1.0,1.0,0,1,3,3,-1
friend_abhishek_,java_backend_developer,general,0.27,0.3,4,2,14,0.3517,1.0,1.0,1.0,1.0,0,0,3,3,-1
friend_abhishek_,junior_ml_engineer,general,0.3,0.55,3,3,9,0.2428,0.68,0.5,0.6,1.0,0,3,3,4,-1
friend_abhishek_,laravel_developer,general,0.3833,0.4444,5,3,10,0.2813,0.88,1.0,0.6,1.0,0,0,3,4,-1
friend_abhishek_,mern_stack_developer,general,0.4455,0.5,7,4,11,0.418,0.88,1.0,0.6,1.0,0,0,3,4,1
friend_abhishek_,php_fullstack_developer,general,0.4286,0.5714,6,4,9,0.4808,0.88,1.0,0.6,1.0,0,0,3,4,1
friend_abhishek_,software_engineer_general,general,0.3455,0.4545,4,6,12,0.3781,1.0,1.0,1.0,1.0,0,0,3,3,-1
friend_abhit_kumar,android_developer,general,0.4,0.4,4,0,6,0.3201,0.88,1.0,0.6,1.0,1,1,3,4,-1
friend_abhit_kumar,backend_swe_fullstack,general,0.5577,0.7308,10,8,7,0.5697,1.0,1.0,1.0,1.0,1,1,3,3,1
friend_abhit_kumar,data_scientist,general,0.3071,0.4286,3,2,8,0.3489,0.88,1.0,0.6,1.0,1,0,3,4,-1
friend_abhit_kumar,flutter_developer_fresher,general,0.2917,0.3333,3,1,8,0.4211,0.88,1.0,0.6,1.0,1,0,3,4,-1
friend_abhit_kumar,frontend_developer_fresher,general,0.6818,0.8182,6,3,2,0.506,1.0,1.0,1.0,1.0,1,0,3,3,1
friend_abhit_kumar,fullstack_developer_fresher,general,0.625,0.75,12,6,6,0.6634,1.0,1.0,1.0,1.0,1,0,3,3,1
friend_abhit_kumar,fullstack_developer_general,general,0.5094,0.6562,12,8,11,0.4632,0.88,1.0,0.6,1.0,1,0,3,4,1
friend_abhit_kumar,golang_backend_developer,general,0.75,0.9286,8,4,1,0.4505,1.0,1.0,1.0,1.0,1,0,3,3,1
friend_abhit_kumar,google_ml_engineer,general,0.395,0.6,5,4,8,0.4192,1.0,1.0,1.0,1.0,1,1,3,3,-1
friend_abhit_kumar,google_swe_early_career,general,0.58,0.8,4,3,2,0.4703,1.0,1.0,1.0,1.0,1,1,3,3,1
friend_abhit_kumar,google_swe_generalist,general,0.6867,0.8667,8,4,2,0.452,1.0,1.0,1.0,1.0,1,1,3,3,1
friend_abhit_kumar,java_backend_developer,general,0.495,0.75,6,6,5,0.488,1.0,1.0,1.0,1.0,1,0,3,3,1
friend_abhit_kumar,junior_ml_engineer,general,0.35,0.6,4,3,8,0.2616,0.64,0.4,0.6,1.0,1,3,3,4,-1
friend_abhit_kumar,laravel_developer,general,0.5556,0.7222,7,6,5,0.4409,0.88,1.0,0.6,1.0,1,0,3,4,1
friend_abhit_kumar,mern_stack_developer,general,0.5909,0.6364,12,2,8,0.6028,0.88,1.0,0.6,1.0,1,0,3,4,1
friend_abhit_kumar,php_fullstack_developer,general,0.5619,0.8095,7,9,4,0.623,0.88,1.0,0.6,1.0,1,0,3,4,1
friend_abhit_kumar,software_engineer_general,general,0.4818,0.6818,7,6,7,0.5275,1.0,1.0,1.0,1.0,1,0,3,3,1
friend_adarsh_kumar,android_developer,general,0.4,0.4,4,0,6,0.1948,0.605,0.5,0.6,0.75,0,1,3,4,-1
friend_adarsh_kumar,backend_swe_fullstack,general,0.5154,0.6923,8,9,8,0.4262,0.725,0.5,1.0,0.75,0,1,3,3,1
friend_adarsh_kumar,data_scientist,general,0.25,0.3571,2,2,9,0.3383,0.805,1.0,0.6,0.75,0,0,3,4,-1
friend_adarsh_kumar,flutter_developer_fresher,general,0.1667,0.1667,2,0,10,0.2773,0.805,1.0,0.6,0.75,0,0,3,4,0
friend_adarsh_kumar,frontend_developer_fresher,general,0.6818,0.8182,6,3,2,0.475,0.925,1.0,1.0,0.75,0,0,3,3,1
friend_adarsh_kumar,fullstack_developer_fresher,general,0.5583,0.6667,10,6,8,0.5411,0.925,1.0,1.0,0.75,0,0,3,3,1
friend_adarsh_kumar,fullstack_developer_general,general,0.4906,0.625,11,8,12,0.3728,0.805,1.0,0.6,0.75,0,0,3,4,-1
friend_adarsh_kumar,golang_backend_developer,general,0.6429,0.7857,7,3,3,0.3418,0.925,1.0,1.0,0.75,0,0,3,3,-1
friend_adarsh_kumar,google_ml_engineer,general,0.39,0.55,5,5,9,0.3255,0.725,0.5,1.0,0.75,0,1,3,3,-1
friend_adarsh_kumar,google_swe_early_career,general,0.63,0.8,5,2,2,0.317,0.725,0.5,1.0,0.75,0,1,3,3,-1
friend_adarsh_kumar,google_swe_generalist,general,0.7467,0.9333,8,5,1,0.3219,0.725,0.5,1.0,0.75,0,1,3,3,-1
friend_adarsh_kumar,java_backend_developer,general,0.405,0.6,5,4,8,0.3159,0.925,1.0,1.0,0.75,0,0,3,3,-1
friend_adarsh_kumar,junior_ml_engineer,general,0.32,0.55,3,5,9,0.2965,0.605,0.5,0.6,0.75,0,3,3,4,-1
friend_adarsh_kumar,laravel_developer,general,0.4,0.5,5,4,9,0.3536,0.805,1.0,0.6,0.75,0,0,3,4,-1
friend_adarsh_kumar,mern_stack_developer,general,0.5045,0.5909,8,5,9,0.5195,0.805,1.0,0.6,0.75,0,0,3,4,1
friend_adarsh_kumar,php_fullstack_developer,general,0.3571,0.4762,5,4,11,0.4561,0.805,1.0,0.6,0.75,0,0,3,4,-1
friend_adarsh_kumar,software_engineer_general,general,0.4545,0.6364,6,6,8,0.3736,0.925,1.0,1.0,0.75,0,0,3,3,-1
friend_aditya_gupta,android_developer,general,0.4,0.4,4,0,6,0.2097,0.605,0.5,0.6,0.75,0,1,3,4,-1
friend_aditya_gupta,backend_swe_fullstack,general,0.5462,0.6923,10,7,8,0.45,0.725,0.5,1.0,0.75,0,1,3,3,1
friend_aditya_gupta,data_scientist,general,0.3714,0.5,3,4,7,0.2991,0.805,1.0,0.6,0.75,0,0,3,4,-1
friend_aditya_gupta,flutter_developer_fresher,general,0.1917,0.25,2,0,9,0.3738,0.805,1.0,0.6,0.75,0,0,3,4,-1
friend_aditya_gupta,frontend_developer_fresher,general,0.7273,0.9091,6,4,1,0.47,0.925,1.0,1.0,0.75,0,0,3,3,1
friend_aditya_gupta,fullstack_developer_fresher,general,0.6333,0.75,12,6,6,0.5751,0.925,1.0,1.0,0.75,0,0,3,3,1
friend_aditya_gupta,fullstack_developer_general,general,0.5156,0.6562,12,7,11,0.3702,0.805,1.0,0.6,0.75,0,0,3,4,-1
friend_aditya_gupta,golang_backend_developer,general,0.6643,0.7857,8,2,3,0.3008,0.925,1.0,1.0,0.75,0,0,3,3,-1
friend_aditya_gupta,google_ml_engineer,general,0.53,0.7,8,5,6,0.2786,0.725,0.5,1.0,0.75,0,1,3,3,-1
friend_aditya_gupta,google_swe_early_career,general,0.63,0.8,5,2,2,0.2689,0.725,0.5,1.0,0.75,0,1,3,3,-1
friend_aditya_gupta,google_swe_generalist,general,0.8,0.9333,10,3,1,0.2755,0.725,0.5,1.0,0.75,0,1,3,3,-1
friend_aditya_gupta,java_backend_developer,general,0.47,0.7,6,4,6,0.3613,0.925,1.0,1.0,0.75,0,0,3,3,-1
friend_aditya_gupta,junior_ml_engineer,general,0.41,0.65,5,5,7,0.2573,0.605,0.5,0.6,0.75,0,3,3,4,-1
friend_aditya_gupta,laravel_developer,general,0.5833,0.7222,8,5,5,0.3735,0.805,1.0,0.6,0.75,0,0,3,4,-1
friend_aditya_gupta,mern_stack_developer,general,0.5636,0.6364,10,4,8,0.5425,0.805,1.0,0.6,0.75,0,0,3,4,1
friend_aditya_gupta,php_fullstack_developer,general,0.5524,0.8095,7,7,4,0.5094,0.805,1.0,0.6,0.75,0,0,3,4,1
friend_aditya_gupta,software_engineer_general,general,0.4545,0.6364,6,6,8,0.3872,0.925,1.0,1.0,0.75,0,0,3,3,-1
friend_aditya_sharma,android_developer,general,0.57,0.6,5,1,4,0.3147,0.605,0.5,0.6,0.75,0,1,3,4,-1
friend_aditya_sharma,backend_swe_fullstack,general,0.6077,0.7308,11,8,7,0.5077,0.725,0.5,1.0,0.75,0,1,3,3,1
friend_aditya_sharma,data_scientist,general,0.4143,0.5,4,3,7,0.3107,0.805,1.0,0.6,0.75,0,0,3,4,-1
friend_aditya_sharma,flutter_developer_fresher,general,0.3167,0.4167,3,1,7,0.3663,0.805,1.0,0.6,0.75,0,0,3,4,-1
friend_aditya_sharma,frontend_developer_fresher,general,0.8636,1.0,8,3,0,0.4866,0.925,1.0,1.0,0.75,0,0,3,3,1
friend_aditya_sharma,fullstack_developer_fresher,general,0.6208,0.7083,12,5,7,0.5652,0.925,1.0,1.0,0.75,0,0,3,3,1
friend_aditya_sharma,fullstack_developer_general,general,0.6,0.7188,15,7,9,0.466,0.805,1.0,0.6,0.75,0,0,3,4,1
friend_aditya_sharma,golang_backend_developer,general,0.7643,0.8571,9,3,2,0.3754,0.925,1.0,1.0,0.75,0,0,3,3,-1
friend_aditya_sharma,google_ml_engineer,general,0.57,0.7,9,4,6,0.4174,0.725,0.5,1.0,0.75,0,1,3,3,1
friend_aditya_sharma,google_swe_early_career,general,0.62,0.7,5,2,3,0.4335,0.725,0.5,1.0,0.75,0,1,3,3,1
friend_aditya_sharma,google_swe_generalist,general,0.84,0.9333,10,4,1,0.4182,0.725,0.5,1.0,0.75,0,1,3,3,1
friend_aditya_sharma,java_backend_developer,general,0.58,0.75,9,3,5,0.3797,0.925,1.0,1.0,0.75,0,0,3,3,-1
friend_aditya_sharma,junior_ml_engineer,general,0.585,0.75,9,5,5,0.2794,0.605,0.5,0.6,0.75,0,3,3,4,-1
friend_aditya_sharma,laravel_developer,general,0.5389,0.6111,8,3,7,0.3763,0.805,1.0,0.6,0.75,0,0,3,4,-1
friend_aditya_sharma,mern_stack_developer,general,0.6409,0.7273,11,5,6,0.5596,0.805,1.0,0.6,0.75,0,0,3,4,1
friend_aditya_sharma,php_fullstack_developer,general,0.5952,0.7619,9,5,5,0.4582,0.805,1.0,0.6,0.75,0,0,3,4,1
friend_aditya_sharma,software_engineer_general,general,0.4955,0.6364,7,6,8,0.5125,0.925,1.0,1.0,0.75,0,0,3,3,1
friend_ajay_kumar_maurya,android_developer,general,0.1,0.1,1,0,9,0.3918,0.605,0.5,0.6,0.75,0,1,3,4,-1
friend_ajay_kumar_maurya,backend_swe_fullstack,general,0.2692,0.3077,6,2,18,0.4561,0.725,0.5,1.0,0.75,0,1,3,3,-1
friend_ajay_kumar_maurya,data_scientist,general,0.0714,0.0714,1,0,13,0.3834,0.805,1.0,0.6,0.75,0,0,3,4,-1
friend_ajay_kumar_maurya,flutter_developer_fresher,general,0.125,0.1667,1,1,10,0.3938,0.805,1.0,0.6,0.75,0,0,3,4,-1
friend_ajay_kumar_maurya,frontend_developer_fresher,general,0.5455,0.7273,4,4,3,0.5261,0.925,1.0,1.0,0.75,0,0,3,3,1
friend_ajay_kumar_maurya,fullstack_developer_fresher,general,0.4375,0.5417,8,5,11,0.549,0.925,1.0,1.0,0.75,0,0,3,3,1
friend_ajay_kumar_maurya,fullstack_developer_general,general,0.3344,0.4375,7,7,18,0.6203,0.805,1.0,0.6,0.75,0,0,3,4,-1
friend_ajay_kumar_maurya,golang_backend_developer,general,0.2143,0.2143,3,0,11,0.4158,0.925,1.0,1.0,0.75,0,0,3,3,-1
friend_ajay_kumar_maurya,google_ml_engineer,general,0.125,0.15,2,1,17,0.3211,0.725,0.5,1.0,0.75,0,1,3,3,-1
friend_ajay_kumar_maurya,google_swe_early_career,general,0.2,0.2,2,0,8,0.4455,0.725,0.5,1.0,0.75,0,1,3,3,-1
friend_ajay_kumar_maurya,google_swe_generalist,general,0.4667,0.4667,7,0,8,0.4296,0.725,0.5,1.0,0.75,0,1,3,3,1
friend_ajay_kumar_maurya,java_backend_developer,general,0.2,0.3,2,4,14,0.3761,0.925,1.0,1.0,0.75,0,0,3,3,-1
friend_ajay_kumar_maurya,junior_ml_engineer,general,0.0,0.0,0,0,20,0.2026,0.605,0.5,0.6,0.75,0,3,3,4,0
friend_ajay_kumar_maurya,laravel_developer,general,0.4556,0.6111,5,6,7,0.3955,0.805,1.0,0.6,0.75,0,0,3,4,-1
friend_ajay_kumar_maurya,mern_stack_developer,general,0.4318,0.4545,9,1,12,0.483,0.805,1.0,0.6,0.75,0,0,3,4,1
friend_ajay_kumar_maurya,php_fullstack_developer,general,0.2476,0.3333,3,4,14,0.4448,0.805,1.0,0.6,0.75,0,0,3,4,-1
friend_ajay_kumar_maurya,software_engineer_general,general,0.2045,0.2273,4,1,17,0.524,0.925,1.0,1.0,0.75,0,0,3,3,-1
friend_akshay_tiwari,android_developer,general,0.45,0.5,4,1,5,0.2318,0.605,0.5,0.6,0.75,0,1,3,4,-1
friend_akshay_tiwari,backend_swe_fullstack,general,0.5346,0.6923,9,8,8,0.3885,0.725,0.5,1.0,0.75,0,1,3,3,-1
friend_akshay_tiwari,data_scientist,general,0.3714,0.5714,2,6,6,0.2101,0.805,1.0,0.6,0.75,0,0,3,4,-1
friend_akshay_tiwari,flutter_developer_fresher,general,0.2083,0.25,2,1,9,0.3414,0.805,1.0,0.6,0.75,0,0,3,4,-1
friend_akshay_tiwari,frontend_developer_fresher,general,0.6818,0.8182,6,3,2,0.5135,0.925,1.0,1.0,0.75,0,0,3,3,1
friend_akshay_tiwari,fullstack_developer_fresher,general,0.6417,0.75,12,6,6,0.5125,0.925,1.0,1.0,0.75,0,0,3,3,1
friend_akshay_tiwari,fullstack_developer_general,general,0.4906,0.625,11,8,12,0.3651,0.805,1.0,0.6,0.75,0,0,3,4,-1
friend_akshay_tiwari,golang_backend_developer,general,0.75,0.9286,8,4,1,0.3082,0.925,1.0,1.0,0.75,0,0,3,3,-1
friend_akshay_tiwari,google_ml_engineer,general,0.41,0.65,5,5,7,0.3158,0.725,0.5,1.0,0.75,0,1,3,3,-1
friend_akshay_tiwari,google_swe_early_career,general,0.63,0.8,5,2,2,0.282,0.725,0.5,1.0,0.75,0,1,3,3,-1
friend_akshay_tiwari,google_swe_generalist,general,0.68,0.8667,7,5,2,0.3363,0.725,0.5,1.0,0.75,0,1,3,3,-1
friend_akshay_tiwari,java_backend_developer,general,0.405,0.6,5,4,8,0.3134,0.925,1.0,1.0,0.75,0,0,3,3,-1
friend_akshay_tiwari,junior_ml_engineer,general,0.385,0.65,4,6,7,0.2103,0.605,0.5,0.6,0.75,0,3,3,4,-1
friend_akshay_tiwari,laravel_developer,general,0.5111,0.6111,7,4,7,0.2729,0.805,1.0,0.6,0.75,0,0,3,4,-1
friend_akshay_tiwari,mern_stack_developer,general,0.5955,0.6818,10,5,7,0.4151,0.805,1.0,0.6,0.75,0,0,3,4,1
friend_akshay_tiwari,php_fullstack_developer,general,0.4524,0.5714,7,4,9,0.4008,0.805,1.0,0.6,0.75,0,0,3,4,1
friend_akshay_tiwari,software_engineer_general,general,0.4318,0.6364,5,7,8,0.3769,0.925,1.0,1.0,0.75,0,0,3,3,-1
friend_akshit_dimri,android_developer,general,0.2,0.2,2,0,8,0.341,0.68,0.5,0.6,1.0,0,1,3,4,-1
friend_akshit_dimri,backend_swe_fullstack,general,0.3769,0.4615,8,3,14,0.5138,0.8,0.5,1.0,1.0,0,1,3,3,-1
friend_akshit_dimri,data_scientist,general,0.3571,0.3571,5,0,9,0.4253,0.88,1.0,0.6,1.0,0,0,3,4,-1
friend_akshit_dimri,flutter_developer_fresher,general,0.125,0.1667,1,1,10,0.33,0.88,1.0,0.6,1.0,0,0,3,4,-1
friend_akshit_dimri,frontend_developer_fresher,general,0.5,0.7273,3,5,3,0.5004,1.0,1.0,1.0,1.0,0,0,3,3,1
friend_akshit_dimri,fullstack_developer_fresher,general,0.4083,0.5833,6,7,10,0.5215,1.0,1.0,1.0,1.0,0,0,3,3,1
friend_akshit_dimri,fullstack_developer_general,general,0.3281,0.4688,6,8,17,0.4894,0.88,1.0,0.6,1.0,0,0,3,4,-1
friend_akshit_dimri,golang_backend_developer,general,0.4643,0.5,6,1,7,0.3828,1.0,1.0,1.0,1.0,0,0,3,3,-1
friend_akshit_dimri,google_ml_engineer,general,0.275,0.35,4,3,13,0.3499,0.8,0.5,1.0,1.0,0,1,3,3,-1
friend_akshit_dimri,google_swe_early_career,general,0.43,0.5,4,0,5,0.4216,0.8,0.5,1.0,1.0,0,1,3,3,1
friend_akshit_dimri,google_swe_generalist,general,0.62,0.6667,9,0,5,0.459,0.8,0.5,1.0,1.0,0,1,3,3,1
friend_akshit_dimri,java_backend_developer,general,0.25,0.35,3,4,13,0.3858,1.0,1.0,1.0,1.0,0,0,3,3,-1
friend_akshit_dimri,junior_ml_engineer,general,0.15,0.2,2,2,16,0.2469,0.68,0.5,0.6,1.0,0,3,3,4,0
friend_akshit_dimri,laravel_developer,general,0.5111,0.6667,6,6,6,0.391,0.88,1.0,0.6,1.0,0,0,3,4,-1
friend_akshit_dimri,mern_stack_developer,general,0.4,0.5,7,3,11,0.5024,0.88,1.0,0.6,1.0,0,0,3,4,-1
friend_akshit_dimri,php_fullstack_developer,general,0.2476,0.381,2,6,13,0.4851,0.88,1.0,0.6,1.0,0,0,3,4,-1
friend_akshit_dimri,software_engineer_general,general,0.2727,0.3182,5,2,15,0.4863,1.0,1.0,1.0,1.0,0,0,3,3,-1
friend_aman_kumar,android_developer,general,0.24,0.3,1,2,7,0.2574,0.605,0.5,0.6,0.75,0,1,3,4,0
friend_aman_kumar,backend_swe_fullstack,general,0.5231,0.6538,9,8,9,0.4515,0.725,0.5,1.0,0.75,0,1,3,3,1
friend_aman_kumar,data_scientist,general,0.25,0.3571,2,2,9,0.2575,0.805,1.0,0.6,0.75,0,0,3,4,0
friend_aman_kumar,flutter_developer_fresher,general,0.125,0.1667,1,1,10,0.3901,0.805,1.0,0.6,0.75,0,0,3,4,-1
friend_aman_kumar,frontend_developer_fresher,general,0.6818,0.8182,6,3,2,0.5355,0.925,1.0,1.0,0.75,0,0,3,3,1
friend_aman_kumar,fullstack_developer_fresher,general,0.6708,0.7917,12,7,5,0.5045,0.925,1.0,1.0,0.75,0,0,3,3,1
friend_aman_kumar,fullstack_developer_general,general,0.5031,0.625,11,8,12,0.5011,0.805,1.0,0.6,0.75,0,0,3,4,1
friend_aman_kumar,golang_backend_developer,general,0.6214,0.7143,7,2,4,0.4765,0.925,1.0,1.0,0.75,0,0,3,3,1
friend_aman_kumar,google_ml_engineer,general,0.37,0.45,5,4,11,0.3958,0.725,0.5,1.0,0.75,0,1,3,3,-1
friend_aman_kumar,google_swe_early_career,general,0.47,0.6,3,3,4,0.4129,0.725,0.5,1.0,0.75,0,1,3,3,1
friend_aman_kumar,google_swe_generalist,general,0.68,0.8,8,4,3,0.4053,0.725,0.5,1.0,0.75,0,1,3,3,1
friend_aman_kumar,java_backend_developer,general,0.41,0.55,5,5,9,0.3711,0.925,1.0,1.0,0.75,0,0,3,3,-1
friend_aman_kumar,junior_ml_engineer,general,0.25,0.4,2,4,12,0.3404,0.605,0.5,0.6,0.75,0,3,3,4,-1
friend_aman_kumar,laravel_developer,general,0.65,0.7778,9,5,4,0.2924,0.805,1.0,0.6,0.75,0,0,3,4,-1
friend_aman_kumar,mern_stack_developer,general,0.6318,0.6818,12,3,7,0.4208,0.805,1.0,0.6,0.75,0,0,3,4,1
friend_aman_kumar,php_fullstack_developer,general,0.4952,0.619,7,5,8,0.4563,0.805,1.0,0.6,0.75,0,0,3,4,1
friend_aman_kumar,software_engineer_general,general,0.4773,0.5455,9,2,10,0.4589,0.925,1.0,1.0,0.75,0,0,3,3,1
friend_amit_kumar_sah,android_developer,general,0.42,0.5,3,2,5,0.1011,0.605,0.5,0.6,0.75,0,1,3,4,-1
friend_amit_kumar_sah,backend_swe_fullstack,general,0.4038,0.5,8,4,13,0.3099,0.725,0.5,1.0,0.75,0,1,3,3,-1
friend_amit_kumar_sah,data_scientist,general,0.2857,0.3571,3,2,9,0.3131,0.805,1.0,0.6,0.75,0,0,3,4,-1
friend_amit_kumar_sah,flutter_developer_fresher,general,0.2667,0.3333,2,2,8,0.103,0.805,1.0,0.6,0.75,0,0,3,4,0
friend_amit_kumar_sah,frontend_developer_fresher,general,0.4545,0.6364,3,4,4,0.2091,0.925,1.0,1.0,0.75,0,0,3,3,-1
friend_amit_kumar_sah,fullstack_developer_fresher,general,0.2875,0.4167,3,7,14,0.1402,0.925,1.0,1.0,0.75,0,0,3,3,0
friend_amit_kumar_sah,fullstack_developer_general,general,0.3031,0.4375,5,8,18,0.0823,0.805,1.0,0.6,0.75,0,0,3,4,-1
friend_amit_kumar_sah,golang_backend_developer,general,0.4429,0.5,5,2,7,0.0791,0.925,1.0,1.0,0.75,0,0,3,3,-1
friend_amit_kumar_sah,google_ml_engineer,general,0.26,0.35,3,4,13,0.2175,0.725,0.5,1.0,0.75,0,1,3,3,0
friend_amit_kumar_sah,google_swe_early_career,general,0.5,0.6,4,1,4,0.1913,0.725,0.5,1.0,0.75,0,1,3,3,-1
friend_amit_kumar_sah,google_swe_generalist,general,0.5133,0.6,6,2,6,0.2164,0.725,0.5,1.0,0.75,0,1,3,3,-1
friend_amit_kumar_sah,java_backend_developer,general,0.185,0.25,2,3,15,0.1184,0.925,1.0,1.0,0.75,0,0,3,3,0
friend_amit_kumar_sah,junior_ml_engineer,general,0.325,0.4,5,3,12,0.1952,0.605,0.5,0.6,0.75,0,3,3,4,-1
friend_amit_kumar_sah,laravel_developer,general,0.2833,0.3889,2,5,11,0.1021,0.805,1.0,0.6,0.75,0,0,3,4,0
friend_amit_kumar_sah,mern_stack_developer,general,0.2909,0.3636,4,4,14,0.0988,0.805,1.0,0.6,0.75,0,0,3,4,0
friend_amit_kumar_sah,php_fullstack_developer,general,0.2095,0.2857,2,4,15,0.1886,0.805,1.0,0.6,0.75,0,0,3,4,0
friend_amit_kumar_sah,software_engineer_general,general,0.2591,0.3182,4,3,15,0.1695,0.925,1.0,1.0,0.75,0,0,3,3,0
friend_amrit_singh_rawat,android_developer,general,0.3,0.3,3,0,7,0.333,0.68,0.5,0.6,1.0,0,1,3,4,-1
friend_amrit_singh_rawat,backend_swe_fullstack,general,0.5,0.6154,10,5,10,0.5092,0.8,0.5,1.0,1.0,0,1,3,3,1
friend_amrit_singh_rawat,data_scientist,general,0.1786,0.2143,2,1,11,0.311,0.88,1.0,0.6,1.0,0,0,3,4,-1
friend_amrit_singh_rawat,flutter_developer_fresher,general,0.2083,0.25,2,1,9,0.4201,0.88,1.0,0.6,1.0,0,0,3,4,-1
friend_amrit_singh_rawat,frontend_developer_fresher,general,0.5455,0.7273,4,4,3,0.4905,1.0,1.0,1.0,1.0,0,0,3,3,1
friend_amrit_singh_rawat,fullstack_developer_fresher,general,0.5167,0.625,9,6,9,0.6171,1.0,1.0,1.0,1.0,0,0,3,3,1
friend_amrit_singh_rawat,fullstack_developer_general,general,0.5156,0.625,13,6,12,0.5683,0.88,1.0,0.6,1.0,0,0,3,4,1
friend_amrit_singh_rawat,golang_backend_developer,general,0.4857,0.6429,5,3,5,0.4108,1.0,1.0,1.0,1.0,0,0,3,3,1
friend_amrit_singh_rawat,google_ml_engineer,general,0.23,0.35,3,2,13,0.3757,0.8,0.5,1.0,1.0,0,1,3,3,-1
friend_amrit_singh_rawat,google_swe_early_career,general,0.43,0.6,3,2,4,0.3946,0.8,0.5,1.0,1.0,0,1,3,3,-1
friend_amrit_singh_rawat,google_swe_generalist,general,0.6,0.7333,7,3,4,0.391,0.8,0.5,1.0,1.0,0,1,3,3,-1
friend_amrit_singh_rawat,java_backend_developer,general,0.37,0.55,5,3,9,0.4373,1.0,1.0,1.0,1.0,0,0,3,3,-1
friend_amrit_singh_rawat,junior_ml_engineer,general,0.155,0.25,2,1,15,0.2981,0.68,0.5,0.6,1.0,0,3,3,4,0
friend_amrit_singh_rawat,laravel_developer,general,0.4,0.5,5,4,9,0.3836,0.88,1.0,0.6,1.0,0,0,3,4,-1
friend_amrit_singh_rawat,mern_stack_developer,general,0.4955,0.5455,9,3,10,0.5518,0.88,1.0,0.6,1.0,0,0,3,4,1
friend_amrit_singh_rawat,php_fullstack_developer,general,0.4571,0.6667,6,5,7,0.5385,0.88,1.0,0.6,1.0,0,0,3,4,1
friend_amrit_singh_rawat,software_engineer_general,general,0.4455,0.6364,6,6,8,0.4915,1.0,1.0,1.0,1.0,0,0,3,3,1
friend_aniket_pal,android_developer,general,0.7,0.7,7,0,3,0.2996,0.605,0.5,0.6,0.75,0,1,3,4,-1
friend_aniket_pal,backend_swe_fullstack,general,0.7962,0.8462,19,3,4,0.4223,0.725,0.5,1.0,0.75,0,1,3,3,1
friend_aniket_pal,data_scientist,general,0.4857,0.6429,5,3,5,0.3917,0.805,1.0,0.6,0.75,0,0,3,4,-1
friend_aniket_pal,flutter_developer_fresher,general,0.375,0.4167,4,1,7,0.3895,0.805,1.0,0.6,0.75,0,0,3,4,-1
friend_aniket_pal,frontend_developer_fresher,general,0.8182,0.9091,8,2,1,0.4505,0.925,1.0,1.0,0.75,0,0,3,3,1
friend_aniket_pal,fullstack_developer_fresher,general,0.7875,0.875,16,5,3,0.3946,0.925,1.0,1.0,0.75,0,0,3,3,-1
friend_aniket_pal,fullstack_developer_general,general,0.7094,0.7812,20,5,7,0.3414,0.805,1.0,0.6,0.75,0,0,3,4,-1
friend_aniket_pal,golang_backend_developer,general,0.8571,0.9286,11,2,1,0.3257,0.925,1.0,1.0,0.75,0,0,3,3,-1
friend_aniket_pal,google_ml_engineer,general,0.72,0.85,12,4,3,0.3808,0.725,0.5,1.0,0.75,0,1,3,3,-1
friend_aniket_pal,google_swe_early_career,general,0.75,0.8,7,1,2,0.3298,0.725,0.5,1.0,0.75,0,1,3,3,-1
friend_aniket_pal,google_swe_generalist,general,0.88,0.9333,12,2,1,0.3813,0.725,0.5,1.0,0.75,0,1,3,3,-1
friend_aniket_pal,java_backend_developer,general,0.625,0.75,10,5,5,0.2616,0.925,1.0,1.0,0.75,0,0,3,3,-1
friend_aniket_pal,junior_ml_engineer,general,0.625,0.85,9,5,3,0.4195,0.605,0.5,0.6,0.75,0,3,3,4,1
friend_aniket_pal,laravel_developer,general,0.7333,0.7778,12,2,4,0.2378,0.805,1.0,0.6,0.75,0,0,3,4,-1
friend_aniket_pal,mern_stack_developer,general,0.8364,0.8636,17,2,3,0.3092,0.805,1.0,0.6,0.75,0,0,3,4,-1
friend_aniket_pal,php_fullstack_developer,general,0.681,0.8095,12,3,4,0.394,0.805,1.0,0.6,0.75,0,0,3,4,-1
friend_aniket_pal,software_engineer_general,general,0.7136,0.8182,13,5,4,0.3676,0.925,1.0,1.0,0.75,0,0,3,3,-1
friend_anirudha_chaudhary,android_developer,general,0.27,0.3,2,1,7,0.2636,0.68,0.5,0.6,1.0,0,1,3,4,0
friend_anirudha_chaudhary,backend_swe_fullstack,general,0.4077,0.5385,6,8,12,0.4258,0.8,0.5,1.0,1.0,0,1,3,3,1
friend_anirudha_chaudhary,data_scientist,general,0.3214,0.4286,3,2,8,0.3526,0.88,1.0,0.6,1.0,0,0,3,4,-1
friend_anirudha_chaudhary,flutter_developer_fresher,general,0.125,0.1667,1,1,10,0.3637,0.88,1.0,0.6,1.0,0,0,3,4,-1
friend_anirudha_chaudhary,frontend_developer_fresher,general,0.5636,0.7273,4,4,3,0.4459,1.0,1.0,1.0,1.0,0,0,3,3,1
friend_anirudha_chaudhary,fullstack_developer_fresher,general,0.5583,0.7083,9,8,7,0.4506,1.0,1.0,1.0,1.0,0,0,3,3,1
friend_anirudha_chaudhary,fullstack_developer_general,general,0.4594,0.5938,10,8,13,0.3587,0.88,1.0,0.6,1.0,0,0,3,4,-1
friend_anirudha_chaudhary,golang_backend_developer,general,0.6071,0.7143,7,2,4,0.3148,1.0,1.0,1.0,1.0,0,0,3,3,-1
friend_anirudha_chaudhary,google_ml_engineer,general,0.445,0.6,5,7,8,0.3797,0.8,0.5,1.0,1.0,0,1,3,3,-1
friend_anirudha_chaudhary,google_swe_early_career,general,0.57,0.7,4,3,3,0.3295,0.8,0.5,1.0,1.0,0,1,3,3,-1
friend_anirudha_chaudhary,google_swe_generalist,general,0.66,0.8,7,5,3,0.3492,0.8,0.5,1.0,1.0,0,1,3,3,-1
friend_anirudha_chaudhary,java_backend_developer,general,0.38,0.65,3,7,7,0.3538,1.0,1.0,1.0,1.0,0,0,3,3,-1
friend_anirudha_chaudhary,junior_ml_engineer,general,0.35,0.55,3,6,9,0.2971,0.68,0.5,0.6,1.0,0,3,3,4,-1
friend_anirudha_chaudhary,laravel_developer,general,0.4833,0.6667,5,7,6,0.2771,0.88,1.0,0.6,1.0,0,0,3,4,-1
friend_anirudha_chaudhary,mern_stack_developer,general,0.5636,0.6364,10,4,8,0.4247,0.88,1.0,0.6,1.0,0,0,3,4,1
friend_anirudha_chaudhary,php_fullstack_developer,general,0.4571,0.7143,5,7,6,0.4731,0.88,1.0,0.6,1.0,0,0,3,4,1
friend_anirudha_chaudhary,software_engineer_general,general,0.4227,0.5909,6,5,9,0.3887,1.0,1.0,1.0,1.0,0,0,3,3,-1
friend_anup_singh,android_developer,general,0.3,0.3,3,0,7,0.3056,0.68,0.5,0.6,1.0,0,1,3,4,-1
friend_anup_singh,backend_swe_fullstack,general,0.4846,0.6154,8,8,10,0.4744,0.8,0.5,1.0,1.0,0,1,3,3,1
friend_anup_singh,data_scientist,general,0.4071,0.5714,3,5,6,0.2446,0.88,1.0,0.6,1.0,0,0,3,4,-1
friend_anup_singh,flutter_developer_fresher,general,0.1083,0.1667,1,0,10,0.415,0.88,1.0,0.6,1.0,0,0,3,4,-1
friend_anup_singh,frontend_developer_fresher,general,0.5909,0.7273,5,3,3,0.5262,1.0,1.0,1.0,1.0,0,0,3,3,1
friend_anup_singh,fullstack_developer_fresher,general,0.5167,0.625,9,6,9,0.5132,1.0,1.0,1.0,1.0,0,0,3,3,1
friend_anup_singh,fullstack_developer_general,general,0.5156,0.625,13,5,12,0.388,0.88,1.0,0.6,1.0,0,0,3,4,-1
friend_anup_singh,golang_backend_developer,general,0.7143,0.8571,8,3,2,0.3425,1.0,1.0,1.0,1.0,0,0,3,3,-1
friend_anup_singh,google_ml_engineer,general,0.405,0.6,5,6,8,0.3441,0.8,0.5,1.0,1.0,0,1,3,3,-1
friend_anup_singh,google_swe_early_career,general,0.7,0.8,6,2,2,0.3834,0.8,0.5,1.0,1.0,0,1,3,3,-1
friend_anup_singh,google_swe_generalist,general,0.7267,0.8667,8,5,2,0.3811,0.8,0.5,1.0,1.0,0,1,3,3,-1
friend_anup_singh,java_backend_developer,general,0.395,0.6,5,3,8,0.3801,1.0,1.0,1.0,1.0,0,0,3,3,-1
friend_anup_singh,junior_ml_engineer,general,0.38,0.6,4,7,8,0.2041,0.68,0.5,0.6,1.0,0,3,3,4,-1
friend_anup_singh,laravel_developer,general,0.4278,0.5,6,3,9,0.2826,0.88,1.0,0.6,1.0,0,0,3,4,-1
friend_anup_singh,mern_stack_developer,general,0.4591,0.5455,7,5,10,0.4651,0.88,1.0,0.6,1.0,0,0,3,4,1
friend_anup_singh,php_fullstack_developer,general,0.4571,0.6667,6,5,7,0.4842,0.88,1.0,0.6,1.0,0,0,3,4,1
friend_anup_singh,software_engineer_general,general,0.5,0.6818,7,6,7,0.3787,1.0,1.0,1.0,1.0,0,0,3,3,-1
friend_arshit_singla,android_developer,general,0.34,0.4,2,2,6,0.168,0.68,0.5,0.6,1.0,0,1,3,4,-1
friend_arshit_singla,backend_swe_fullstack,general,0.4923,0.5769,9,6,11,0.3712,0.8,0.5,1.0,1.0,0,1,3,3,-1
friend_arshit_singla,data_scientist,general,0.3214,0.5,2,3,7,0.4756,0.88,1.0,0.6,1.0,0,0,3,4,-1
friend_arshit_singla,flutter_developer_fresher,general,0.3083,0.3333,3,1,8,0.2084,0.88,1.0,0.6,1.0,0,0,3,4,-1
friend_arshit_singla,frontend_developer_fresher,general,0.7455,0.9091,6,4,1,0.3294,1.0,1.0,1.0,1.0,0,0,3,3,-1
friend_arshit_singla,fullstack_developer_fresher,general,0.3208,0.4583,4,6,13,0.2448,1.0,1.0,1.0,1.0,0,0,3,3,-1
friend_arshit_singla,fullstack_developer_general,general,0.35,0.5,6,8,16,0.1904,0.88,1.0,0.6,1.0,0,0,3,4,-1
friend_arshit_singla,golang_backend_developer,general,0.5071,0.6429,4,4,5,0.1967,1.0,1.0,1.0,1.0,0,0,3,3,-1
friend_arshit_singla,google_ml_engineer,general,0.485,0.6,7,3,8,0.2845,0.8,0.5,1.0,1.0,0,1,3,3,-1
friend_arshit_singla,google_swe_early_career,general,0.49,0.7,2,4,3,0.2043,0.8,0.5,1.0,1.0,0,1,3,3,-1
friend_arshit_singla,google_swe_generalist,general,0.7533,0.9333,7,6,1,0.2126,0.8,0.5,1.0,1.0,0,1,3,3,-1
friend_arshit_singla,java_backend_developer,general,0.27,0.35,3,3,13,0.1669,1.0,1.0,1.0,1.0,0,0,3,3,0
friend_arshit_singla,junior_ml_engineer,general,0.515,0.65,8,2,7,0.3248,0.68,0.5,0.6,1.0,0,3,3,4,-1
friend_arshit_singla,laravel_developer,general,0.3556,0.3889,5,2,11,0.1533,0.88,1.0,0.6,1.0,0,0,3,4,-1
friend_arshit_singla,mern_stack_developer,general,0.3364,0.4545,4,5,12,0.2386,0.88,1.0,0.6,1.0,0,0,3,4,-1
friend_arshit_singla,php_fullstack_developer,general,0.1667,0.2381,2,2,16,0.3064,0.88,1.0,0.6,1.0,0,0,3,4,-1
friend_arshit_singla,software_engineer_general,general,0.3364,0.4091,5,3,13,0.2656,1.0,1.0,1.0,1.0,0,0,3,3,-1
friend_aryaman_khokhar,android_developer,general,0.34,0.4,2,2,6,0.1298,0.53,0.5,0.6,0.5,0,1,3,4,-1
friend_aryaman_khokhar,backend_swe_fullstack,general,0.2692,0.3462,5,3,17,0.3056,0.65,0.5,1.0,0.5,0,1,3,3,-1
friend_aryaman_khokhar,data_scientist,general,0.6143,0.7143,8,0,4,0.2695,0.73,1.0,0.6,0.5,0,0,3,4,-1
friend_aryaman_khokhar,flutter_developer_fresher,general,0.1,0.1667,0,2,10,0.0978,0.73,1.0,0.6,0.5,0,0,3,4,0
friend_aryaman_khokhar,frontend_developer_fresher,general,0.0909,0.0909,1,0,10,0.2901,0.85,1.0,1.0,0.5,0,0,3,3,0
friend_aryaman_khokhar,fullstack_developer_fresher,general,0.05,0.0833,0,2,22,0.1163,0.85,1.0,1.0,0.5,0,0,3,3,0
friend_aryaman_khokhar,fullstack_developer_general,general,0.1844,0.25,3,5,24,0.0963,0.73,1.0,0.6,0.5,0,0,3,4,0
friend_aryaman_khokhar,golang_backend_developer,general,0.3714,0.4286,4,2,8,0.1584,0.85,1.0,1.0,0.5,0,0,3,3,-1
friend_aryaman_khokhar,google_ml_engineer,general,0.49,0.6,7,5,8,0.3512,0.65,0.5,1.0,0.5,0,1,3,3,-1
friend_aryaman_khokhar,google_swe_early_career,general,0.5,0.6,4,1,4,0.2141,0.65,0.5,1.0,0.5,0,1,3,3,-1
friend_aryaman_khokhar,google_swe_generalist,general,0.5333,0.6,7,1,6,0.2498,0.65,0.5,1.0,0.5,0,1,3,3,-1
friend_aryaman_khokhar,java_backend_developer,general,0.235,0.3,3,3,14,0.0903,0.85,1.0,1.0,0.5,0,0,3,3,0
friend_aryaman_khokhar,junior_ml_engineer,general,0.555,0.7,8,6,6,0.4087,0.53,0.5,0.6,0.5,0,3,3,4,1
friend_aryaman_khokhar,laravel_developer,general,0.1056,0.1667,0,3,15,0.0804,0.73,1.0,0.6,0.5,0,0,3,4,0
friend_aryaman_khokhar,mern_stack_developer,general,0.0773,0.0909,1,1,20,0.1226,0.73,1.0,0.6,0.5,0,0,3,4,0
friend_aryaman_khokhar,php_fullstack_developer,general,0.1143,0.1905,0,4,17,0.1699,0.73,1.0,0.6,0.5,0,0,3,4,0
friend_aryaman_khokhar,software_engineer_general,general,0.2136,0.2727,3,3,16,0.148,0.85,1.0,1.0,0.5,0,0,3,3,0
friend_aryan_gahlaut,android_developer,general,0.17,0.2,1,1,8,0.3429,0.925,1.0,1.0,0.75,4,1,4,4,-1
friend_aryan_gahlaut,backend_swe_fullstack,general,0.3385,0.4231,7,3,15,0.5054,0.925,1.0,1.0,0.75,4,1,4,3,-1
friend_aryan_gahlaut,data_scientist,general,0.4286,0.4286,6,0,8,0.3962,0.925,1.0,1.0,0.75,4,0,4,4,-1
friend_aryan_gahlaut,flutter_developer_fresher,general,0.0,0.0,0,0,12,0.3232,0.925,1.0,1.0,0.75,4,0,4,4,-1
friend_aryan_gahlaut,frontend_developer_fresher,general,0.6364,0.8182,5,4,2,0.486,0.925,1.0,1.0,0.75,4,0,4,3,1
friend_aryan_gahlaut,fullstack_developer_fresher,general,0.325,0.4583,5,5,13,0.4321,0.925,1.0,1.0,0.75,4,0,4,3,-1
friend_aryan_gahlaut,fullstack_developer_general,general,0.2344,0.3125,5,5,22,0.4901,0.925,1.0,1.0,0.75,4,0,4,4,-1
friend_aryan_gahlaut,golang_backend_developer,general,0.3214,0.3571,4,1,9,0.4021,0.925,1.0,1.0,0.75,4,0,4,3,-1
friend_aryan_gahlaut,google_ml_engineer,general,0.44,0.55,7,3,9,0.48,0.925,1.0,1.0,0.75,4,1,4,3,1
friend_aryan_gahlaut,google_swe_early_career,general,0.48,0.6,4,1,4,0.3827,0.925,1.0,1.0,0.75,4,1,4,3,-1
friend_aryan_gahlaut,google_swe_generalist,general,0.6533,0.7333,9,1,4,0.3549,0.925,1.0,1.0,0.75,4,1,4,3,-1
friend_aryan_gahlaut,java_backend_developer,general,0.1,0.15,1,2,17,0.3812,0.925,1.0,1.0,0.75,4,0,4,3,-1
friend_aryan_gahlaut,junior_ml_engineer,general,0.52,0.7,8,3,6,0.3503,0.925,1.0,1.0,0.75,4,3,4,4,-1
friend_aryan_gahlaut,laravel_developer,general,0.3333,0.4444,4,4,10,0.3159,0.925,1.0,1.0,0.75,4,0,4,4,-1
friend_aryan_gahlaut,mern_stack_developer,general,0.2864,0.3636,5,2,14,0.4599,0.925,1.0,1.0,0.75,4,0,4,4,-1
friend_aryan_gahlaut,php_fullstack_developer,general,0.1429,0.2381,1,4,16,0.373,0.925,1.0,1.0,0.75,4,0,4,4,-1
friend_aryan_gahlaut,software_engineer_general,general,0.1591,0.1818,3,1,18,0.478,0.925,1.0,1.0,0.75,4,0,4,3,-1
friend_aryan_kaushik,android_developer,general,0.4,0.4,4,0,6,0.1415,0.68,0.5,0.6,1.0,0,1,3,4,-1
friend_aryan_kaushik,backend_swe_fullstack,general,0.6115,0.7308,12,6,7,0.3127,0.8,0.5,1.0,1.0,0,1,3,3,-1
friend_aryan_kaushik,data_scientist,general,0.3714,0.5,3,4,7,0.2902,0.88,1.0,0.6,1.0,0,0,3,4,-1
friend_aryan_kaushik,flutter_developer_fresher,general,0.1917,0.25,2,0,9,0.3391,0.88,1.0,0.6,1.0,0,0,3,4,-1
friend_aryan_kaushik,frontend_developer_fresher,general,0.7727,0.9091,7,3,1,0.3559,1.0,1.0,1.0,1.0,0,0,3,3,-1
friend_aryan_kaushik,fullstack_developer_fresher,general,0.6417,0.7083,13,4,7,0.3073,1.0,1.0,1.0,1.0,0,0,3,3,-1
friend_aryan_kaushik,fullstack_developer_general,general,0.6312,0.7188,17,5,9,0.3116,0.88,1.0,0.6,1.0,0,0,3,4,-1
friend_aryan_kaushik,golang_backend_developer,general,0.75,0.8571,9,2,2,0.2934,1.0,1.0,1.0,1.0,0,0,3,3,-1
friend_aryan_kaushik,google_ml_engineer,general,0.615,0.75,10,5,5,0.3955,0.8,0.5,1.0,1.0,0,1,3,3,-1
friend_aryan_kaushik,google_swe_early_career,general,0.68,0.8,6,1,2,0.2266,0.8,0.5,1.0,1.0,0,1,3,3,-1
friend_aryan_kaushik,google_swe_generalist,general,0.8133,0.9333,10,3,1,0.2867,0.8,0.5,1.0,1.0,0,1,3,3,-1
friend_aryan_kaushik,java_backend_developer,general,0.505,0.65,8,2,7,0.3398,1.0,1.0,1.0,1.0,0,0,3,3,-1
friend_aryan_kaushik,junior_ml_engineer,general,0.64,0.8,10,6,4,0.4054,0.68,0.5,0.6,1.0,0,3,3,4,1
friend_aryan_kaushik,laravel_developer,general,0.5667,0.6111,9,2,7,0.2091,0.88,1.0,0.6,1.0,0,0,3,4,-1
friend_aryan_kaushik,mern_stack_developer,general,0.5955,0.6364,11,3,8,0.2544,0.88,1.0,0.6,1.0,0,0,3,4,-1
friend_aryan_kaushik,php_fullstack_developer,general,0.5762,0.7619,9,4,5,0.2517,0.88,1.0,0.6,1.0,0,0,3,4,-1
friend_aryan_kaushik,software_engineer_general,general,0.6,0.7727,9,7,5,0.3246,1.0,1.0,1.0,1.0,0,0,3,3,-1
friend_ashish_,android_developer,general,0.3,0.3,3,0,7,0.3046,0.68,0.5,0.6,1.0,0,1,3,4,-1
friend_ashish_,backend_swe_fullstack,general,0.5231,0.6538,9,7,9,0.5012,0.8,0.5,1.0,1.0,0,1,3,3,1
friend_ashish_,data_scientist,general,0.3857,0.5,3,4,7,0.2657,0.88,1.0,0.6,1.0,0,0,3,4,-1
friend_ashish_,flutter_developer_fresher,general,0.275,0.3333,3,0,8,0.4315,0.88,1.0,0.6,1.0,0,0,3,4,-1
friend_ashish_,frontend_developer_fresher,general,0.7273,0.9091,6,4,1,0.5791,1.0,1.0,1.0,1.0,0,0,3,3,1
friend_ashish_,fullstack_developer_fresher,general,0.5708,0.6667,11,5,8,0.5903,1.0,1.0,1.0,1.0,0,0,3,3,1
friend_ashish_,fullstack_developer_general,general,0.4813,0.5938,11,7,13,0.4544,0.88,1.0,0.6,1.0,0,0,3,4,1
friend_ashish_,golang_backend_developer,general,0.5857,0.6429,7,2,5,0.4729,1.0,1.0,1.0,1.0,0,0,3,3,1
friend_ashish_,google_ml_engineer,general,0.475,0.65,6,6,7,0.438,0.8,0.5,1.0,1.0,0,1,3,3,1
friend_ashish_,google_swe_early_career,general,0.58,0.7,5,1,3,0.3585,0.8,0.5,1.0,1.0,0,1,3,3,-1
friend_ashish_,google_swe_generalist,general,0.7467,0.8667,9,3,2,0.3664,0.8,0.5,1.0,1.0,0,1,3,3,-1
friend_ashish_,java_backend_developer,general,0.3,0.4,4,3,12,0.4351,1.0,1.0,1.0,1.0,0,0,3,3,-1
friend_ashish_,junior_ml_engineer,general,0.455,0.7,5,6,6,0.286,0.68,0.5,0.6,1.0,0,3,3,4,-1
friend_ashish_,laravel_developer,general,0.5556,0.6667,8,4,6,0.3321,0.88,1.0,0.6,1.0,0,0,3,4,-1
friend_ashish_,mern_stack_developer,general,0.5864,0.6364,11,3,8,0.5559,0.88,1.0,0.6,1.0,0,0,3,4,1
friend_ashish_,php_fullstack_developer,general,0.4905,0.6667,7,5,7,0.5345,0.88,1.0,0.6,1.0,0,0,3,4,1
friend_ashish_,software_engineer_general,general,0.4591,0.5455,7,5,10,0.4856,1.0,1.0,1.0,1.0,0,0,3,3,1
friend_ashish_raj_singh,android_developer,general,0.4,0.4,4,0,6,0.3793,0.605,0.5,0.6,0.75,0,1,3,4,-1
friend_ashish_raj_singh,backend_swe_fullstack,general,0.5115,0.6538,10,6,9,0.6304,0.725,0.5,1.0,0.75,0,1,3,3,1
friend_ashish_raj_singh,data_scientist,general,0.3429,0.4286,4,1,8,0.4422,0.805,1.0,0.6,0.75,0,0,3,4,-1
friend_ashish_raj_singh,flutter_developer_fresher,general,0.2083,0.25,2,1,9,0.4017,0.805,1.0,0.6,0.75,0,0,3,4,-1
friend_ashish_raj_singh,frontend_developer_fresher,general,0.6364,0.8182,5,4,2,0.5701,0.925,1.0,1.0,0.75,0,0,3,3,1
friend_ashish_raj_singh,fullstack_developer_fresher,general,0.5,0.625,9,5,9,0.5979,0.925,1.0,1.0,0.75,0,0,3,3,1
friend_ashish_raj_singh,fullstack_developer_general,general,0.5031,0.6562,12,7,11,0.5444,0.805,1.0,0.6,0.75,0,0,3,4,1
friend_ashish_raj_singh,golang_backend_developer,general,0.5214,0.6429,6,2,5,0.4631,0.925,1.0,1.0,0.75,0,0,3,3,1
friend_ashish_raj_singh,google_ml_engineer,general,0.315,0.45,4,4,11,0.5318,0.725,0.5,1.0,0.75,0,1,3,3,-1
friend_ashish_raj_singh,google_swe_early_career,general,0.53,0.7,4,2,3,0.4588,0.725,0.5,1.0,0.75,0,1,3,3,1
friend_ashish_raj_singh,google_swe_generalist,general,0.7667,0.9333,9,4,1,0.4543,0.725,0.5,1.0,0.75,0,1,3,3,1
friend_ashish_raj_singh,java_backend_developer,general,0.42,0.6,6,3,8,0.4398,0.925,1.0,1.0,0.75,0,0,3,3,1
friend_ashish_raj_singh,junior_ml_engineer,general,0.345,0.55,4,4,9,0.3538,0.605,0.5,0.6,0.75,0,3,3,4,-1
friend_ashish_raj_singh,laravel_developer,general,0.4278,0.5,6,3,9,0.4516,0.805,1.0,0.6,0.75,0,0,3,4,1
friend_ashish_raj_singh,mern_stack_developer,general,0.4545,0.5455,8,3,10,0.6011,0.805,1.0,0.6,0.75,0,0,3,4,1
friend_ashish_raj_singh,php_fullstack_developer,general,0.4143,0.6667,5,5,7,0.5555,0.805,1.0,0.6,0.75,0,0,3,4,1
friend_ashish_raj_singh,software_engineer_general,general,0.4273,0.6364,6,5,8,0.6169,0.925,1.0,1.0,0.75,0,0,3,3,1
friend_ayaan_mozahir,android_developer,general,0.4,0.4,4,0,6,0.252,0.605,0.5,0.6,0.75,0,1,3,4,-1
friend_ayaan_mozahir,backend_swe_fullstack,general,0.5,0.6154,10,5,10,0.4719,0.725,0.5,1.0,0.75,0,1,3,3,1
friend_ayaan_mozahir,data_scientist,general,0.1786,0.2143,2,1,11,0.302,0.805,1.0,0.6,0.75,0,0,3,4,-1
friend_ayaan_mozahir,flutter_developer_fresher,general,0.1917,0.25,2,0,9,0.3792,0.805,1.0,0.6,0.75,0,0,3,4,-1
friend_ayaan_mozahir,frontend_developer_fresher,general,0.7273,0.8182,7,2,2,0.493,0.925,1.0,1.0,0.75,0,0,3,3,1
friend_ayaan_mozahir,fullstack_developer_fresher,general,0.55,0.6667,10,5,8,0.6193,0.925,1.0,1.0,0.75,0,0,3,3,1
friend_ayaan_mozahir,fullstack_developer_general,general,0.5188,0.6562,13,5,11,0.4537,0.805,1.0,0.6,0.75,0,0,3,4,1
friend_ayaan_mozahir,golang_backend_developer,general,0.5929,0.7143,7,2,4,0.3429,0.925,1.0,1.0,0.75,0,0,3,3,-1
friend_ayaan_mozahir,google_ml_engineer,general,0.325,0.4,5,3,12,0.3097,0.725,0.5,1.0,0.75,0,1,3,3,-1
friend_ayaan_mozahir,google_swe_early_career,general,0.48,0.6,4,1,4,0.36,0.725,0.5,1.0,0.75,0,1,3,3,-1
friend_ayaan_mozahir,google_swe_generalist,general,0.6,0.7333,7,3,4,0.3815,0.725,0.5,1.0,0.75,0,1,3,3,-1
friend_ayaan_mozahir,java_backend_developer,general,0.35,0.6,4,3,8,0.3656,0.925,1.0,1.0,0.75,0,0,3,3,-1
friend_ayaan_mozahir,junior_ml_engineer,general,0.2,0.25,3,2,15,0.2364,0.605,0.5,0.6,0.75,0,3,3,4,0
friend_ayaan_mozahir,laravel_developer,general,0.4722,0.5556,7,2,8,0.4003,0.805,1.0,0.6,0.75,0,0,3,4,1
friend_ayaan_mozahir,mern_stack_developer,general,0.5636,0.6364,10,4,8,0.5327,0.805,1.0,0.6,0.75,0,0,3,4,1
friend_ayaan_mozahir,php_fullstack_developer,general,0.4714,0.7143,6,5,6,0.5184,0.805,1.0,0.6,0.75,0,0,3,4,1
friend_ayaan_mozahir,software_engineer_general,general,0.4136,0.6364,5,6,8,0.4324,0.925,1.0,1.0,0.75,0,0,3,3,1
friend_ayush_,android_developer,general,0.2,0.2,2,0,8,0.1374,0.605,0.5,0.6,0.75,0,1,3,4,0
friend_ayush_,backend_swe_fullstack,general,0.4192,0.5,8,4,13,0.3468,0.725,0.5,1.0,0.75,0,1,3,3,-1
friend_ayush_,data_scientist,general,0.4429,0.5,5,2,7,0.1656,0.805,1.0,0.6,0.75,0,0,3,4,-1
friend_ayush_,flutter_developer_fresher,general,0.1667,0.1667,2,0,10,0.3005,0.805,1.0,0.6,0.75,0,0,3,4,-1
friend_ayush_,frontend_developer_fresher,general,0.4,0.5455,2,4,5,0.395,0.925,1.0,1.0,0.75,0,0,3,3,-1
friend_ayush_,fullstack_developer_fresher,general,0.225,0.25,4,2,18,0.3396,0.925,1.0,1.0,0.75,0,0,3,3,-1
friend_ayush_,fullstack_developer_general,general,0.2781,0.3125,7,3,22,0.2749,0.805,1.0,0.6,0.75,0,0,3,4,0
friend_ayush_,golang_backend_developer,general,0.4929,0.5714,5,3,6,0.2548,0.925,1.0,1.0,0.75,0,0,3,3,-1
friend_ayush_,google_ml_engineer,general,0.41,0.5,6,4,10,0.2693,0.725,0.5,1.0,0.75,0,1,3,3,-1
friend_ayush_,google_swe_early_career,general,0.6,0.7,5,1,3,0.2133,0.725,0.5,1.0,0.75,0,1,3,3,-1
friend_ayush_,google_swe_generalist,general,0.6733,0.8,7,4,3,0.2237,0.725,0.5,1.0,0.75,0,1,3,3,-1
friend_ayush_,java_backend_developer,general,0.235,0.25,4,1,15,0.161,0.925,1.0,1.0,0.75,0,0,3,3,0
friend_ayush_,junior_ml_engineer,general,0.46,0.6,6,6,8,0.2611,0.605,0.5,0.6,0.75,0,3,3,4,-1
friend_ayush_,laravel_developer,general,0.2722,0.3333,3,3,12,0.102,0.805,1.0,0.6,0.75,0,0,3,4,0
friend_ayush_,mern_stack_developer,general,0.2318,0.2727,3,3,16,0.2589,0.805,1.0,0.6,0.75,0,0,3,4,0
friend_ayush_,php_fullstack_developer,general,0.1524,0.1905,2,2,17,0.2332,0.805,1.0,0.6,0.75,0,0,3,4,0
friend_ayush_,software_engineer_general,general,0.3136,0.3636,5,3,14,0.2207,0.925,1.0,1.0,0.75,0,0,3,3,-1
friend_ayush_garg,android_developer,general,0.2,0.2,2,0,8,0.3441,0.53,0.5,0.6,0.5,0,1,3,4,-1
friend_ayush_garg,backend_swe_fullstack,general,0.5269,0.6154,11,5,10,0.5022,0.65,0.5,1.0,0.5,0,1,3,3,1
friend_ayush_garg,data_scientist,general,0.3786,0.5,4,1,7,0.3037,0.73,1.0,0.6,0.5,0,0,3,4,-1
friend_ayush_garg,flutter_developer_fresher,general,0.3167,0.4167,3,1,7,0.3276,0.73,1.0,0.6,0.5,0,0,3,4,-1
friend_ayush_garg,frontend_developer_fresher,general,0.6364,0.8182,5,4,2,0.4263,0.85,1.0,1.0,0.5,0,0,3,3,1
friend_ayush_garg,fullstack_developer_fresher,general,0.4708,0.625,8,5,9,0.4129,0.85,1.0,1.0,0.5,0,0,3,3,1
friend_ayush_garg,fullstack_developer_general,general,0.425,0.5938,9,7,13,0.4053,0.73,1.0,0.6,0.5,0,0,3,4,1
friend_ayush_garg,golang_backend_developer,general,0.6286,0.7143,8,1,4,0.3641,0.85,1.0,1.0,0.5,0,0,3,3,-1
friend_ayush_garg,google_ml_engineer,general,0.3,0.35,5,2,13,0.4166,0.65,0.5,1.0,0.5,0,1,3,3,-1
friend_ayush_garg,google_swe_early_career,general,0.45,0.5,4,1,5,0.4006,0.65,0.5,1.0,0.5,0,1,3,3,1
friend_ayush_garg,google_swe_generalist,general,0.5933,0.6667,7,3,5,0.4128,0.65,0.5,1.0,0.5,0,1,3,3,1
friend_ayush_garg,java_backend_developer,general,0.265,0.35,4,1,13,0.3575,0.85,1.0,1.0,0.5,0,0,3,3,-1
friend_ayush_garg,junior_ml_engineer,general,0.35,0.4,6,2,12,0.2945,0.53,0.5,0.6,0.5,0,3,3,4,-1
friend_ayush_garg,laravel_developer,general,0.5111,0.5556,8,2,8,0.3098,0.73,1.0,0.6,0.5,0,0,3,4,-1
friend_ayush_garg,mern_stack_developer,general,0.4773,0.6364,7,5,8,0.3639,0.73,1.0,0.6,0.5,0,0,3,4,-1
friend_ayush_garg,php_fullstack_developer,general,0.3905,0.619,5,4,8,0.4008,0.73,1.0,0.6,0.5,0,0,3,4,-1
friend_ayush_garg,software_engineer_general,general,0.3545,0.5,5,4,11,0.4615,0.85,1.0,1.0,0.5,0,0,3,3,-1
friend_ayush_kishor,android_developer,general,0.28,0.4,0,4,6,0.0226,0.88,1.0,0.6,1.0,2,1,3,4,0
friend_ayush_kishor,backend_swe_fullstack,general,0.3385,0.3846,6,4,16,0.2054,1.0,1.0,1.0,1.0,2,1,3,3,-1
friend_ayush_kishor,data_scientist,general,0.4357,0.5,4,3,7,0.1232,0.88,1.0,0.6,1.0,2,0,3,4,-1
friend_ayush_kishor,flutter_developer_fresher,general,0.1417,0.1667,1,1,10,0.0626,0.88,1.0,0.6,1.0,2,0,3,4,0
friend_ayush_kishor,frontend_developer_fresher,general,0.1273,0.1818,0,2,9,0.1562,1.0,1.0,1.0,1.0,2,0,3,3,0
friend_ayush_kishor,fullstack_developer_fresher,general,0.2417,0.2917,3,4,17,0.1287,1.0,1.0,1.0,1.0,2,0,3,3,0
friend_ayush_kishor,fullstack_developer_general,general,0.275,0.3125,6,4,22,0.126,0.88,1.0,0.6,1.0,2,0,3,4,0
friend_ayush_kishor,golang_backend_developer,general,0.4857,0.5714,4,4,6,0.1666,1.0,1.0,1.0,1.0,2,0,3,3,-1
friend_ayush_kishor,google_ml_engineer,general,0.48,0.55,7,4,9,0.2587,1.0,1.0,1.0,1.0,2,1,3,3,-1
friend_ayush_kishor,google_swe_early_career,general,0.45,0.6,2,4,4,0.1014,1.0,1.0,1.0,1.0,2,1,3,3,-1
friend_ayush_kishor,google_swe_generalist,general,0.3667,0.4667,3,4,8,0.1397,1.0,1.0,1.0,1.0,2,1,3,3,-1
friend_ayush_kishor,java_backend_developer,general,0.205,0.25,2,3,15,0.168,1.0,1.0,1.0,1.0,2,0,3,3,0
friend_ayush_kishor,junior_ml_engineer,general,0.515,0.6,8,4,8,0.2223,0.76,0.7,0.6,1.0,2,3,3,4,-1
friend_ayush_kishor,laravel_developer,general,0.15,0.1667,2,1,15,0.1219,0.88,1.0,0.6,1.0,2,0,3,4,0
friend_ayush_kishor,mern_stack_developer,general,0.2318,0.2727,3,3,16,0.1813,0.88,1.0,0.6,1.0,2,0,3,4,0
friend_ayush_kishor,php_fullstack_developer,general,0.2571,0.2857,4,2,15,0.1836,0.88,1.0,0.6,1.0,2,0,3,4,0
friend_ayush_kishor,software_engineer_general,general,0.3818,0.4545,6,4,12,0.1249,1.0,1.0,1.0,1.0,2,0,3,3,-1
friend_ayush_raghuvanshi,android_developer,general,0.47,0.5,4,1,5,0.3321,0.605,0.5,0.6,0.75,0,1,3,4,-1
friend_ayush_raghuvanshi,backend_swe_fullstack,general,0.4808,0.5769,10,4,11,0.5857,0.725,0.5,1.0,0.75,0,1,3,3,1
friend_ayush_raghuvanshi,data_scientist,general,0.1786,0.2143,2,1,11,0.3132,0.805,1.0,0.6,0.75,0,0,3,4,-1
friend_ayush_raghuvanshi,flutter_developer_fresher,general,0.2917,0.3333,3,1,8,0.4489,0.805,1.0,0.6,0.75,0,0,3,4,-1
friend_ayush_raghuvanshi,frontend_developer_fresher,general,0.5909,0.7273,5,3,3,0.5117,0.925,1.0,1.0,0.75,0,0,3,3,1
friend_ayush_raghuvanshi,fullstack_developer_fresher,general,0.4875,0.625,8,6,9,0.6437,0.925,1.0,1.0,0.75,0,0,3,3,1
friend_ayush_raghuvanshi,fullstack_developer_general,general,0.5062,0.625,12,7,12,0.4883,0.805,1.0,0.6,0.75,0,0,3,4,1
friend_ayush_raghuvanshi,golang_backend_developer,general,0.4071,0.5,4,3,7,0.4402,0.925,1.0,1.0,0.75,0,0,3,3,1
friend_ayush_raghuvanshi,google_ml_engineer,general,0.205,0.3,3,1,14,0.4334,0.725,0.5,1.0,0.75,0,1,3,3,-1
friend_ayush_raghuvanshi,google_swe_early_career,general,0.28,0.4,2,1,6,0.439,0.725,0.5,1.0,0.75,0,1,3,3,-1
friend_ayush_raghuvanshi,google_swe_generalist,general,0.5,0.6,6,2,6,0.4516,0.725,0.5,1.0,0.75,0,1,3,3,1
friend_ayush_raghuvanshi,java_backend_developer,general,0.41,0.45,7,2,11,0.6429,0.925,1.0,1.0,0.75,0,0,3,3,1
friend_ayush_raghuvanshi,junior_ml_engineer,general,0.205,0.3,3,1,14,0.2284,0.605,0.5,0.6,0.75,0,3,3,4,0
friend_ayush_raghuvanshi,laravel_developer,general,0.4278,0.5,6,3,9,0.3875,0.805,1.0,0.6,0.75,0,0,3,4,-1
friend_ayush_raghuvanshi,mern_stack_developer,general,0.4773,0.5455,9,2,10,0.5458,0.805,1.0,0.6,0.75,0,0,3,4,1
friend_ayush_raghuvanshi,php_fullstack_developer,general,0.4476,0.619,7,3,8,0.643,0.805,1.0,0.6,0.75,0,0,3,4,1
friend_ayush_raghuvanshi,software_engineer_general,general,0.4091,0.5455,6,5,10,0.5249,0.925,1.0,1.0,0.75,0,0,3,3,1
friend_bhargav_gupta,android_developer,general,0.37,0.4,3,1,6,0.3335,0.8,0.5,1.0,1.0,0,1,4,4,-1
friend_bhargav_gupta,backend_swe_fullstack,general,0.5038,0.5769,10,5,11,0.4855,0.8,0.5,1.0,1.0,0,1,4,3,1
friend_bhargav_gupta,data_scientist,general,0.25,0.3571,2,2,9,0.2958,1.0,1.0,1.0,1.0,0,0,4,4,0
friend_bhargav_gupta,flutter_developer_fresher,general,0.2083,0.25,2,1,9,0.4528,1.0,1.0,1.0,1.0,0,0,4,4,-1
friend_bhargav_gupta,frontend_developer_fresher,general,0.7727,0.9091,7,3,1,0.531,1.0,1.0,1.0,1.0,0,0,4,3,1
friend_bhargav_gupta,fullstack_developer_fresher,general,0.5792,0.6667,11,5,8,0.6231,1.0,1.0,1.0,1.0,0,0,4,3,1
friend_bhargav_gupta,fullstack_developer_general,general,0.5531,0.6562,14,6,11,0.567,1.0,1.0,1.0,1.0,0,0,4,4,1
friend_bhargav_gupta,golang_backend_developer,general,0.6071,0.7143,7,2,4,0.4181,1.0,1.0,1.0,1.0,0,0,4,3,1
friend_bhargav_gupta,google_ml_engineer,general,0.41,0.55,5,5,9,0.317,0.8,0.5,1.0,1.0,0,1,4,3,-1
friend_bhargav_gupta,google_swe_early_career,general,0.59,0.7,4,3,3,0.3635,0.8,0.5,1.0,1.0,0,1,4,3,-1
friend_bhargav_gupta,google_swe_generalist,general,0.74,0.8667,8,5,2,0.3999,0.8,0.5,1.0,1.0,0,1,4,3,-1
friend_bhargav_gupta,java_backend_developer,general,0.445,0.6,6,5,8,0.4198,1.0,1.0,1.0,1.0,0,0,4,3,1
friend_bhargav_gupta,junior_ml_engineer,general,0.33,0.55,3,5,9,0.2794,0.8,0.5,1.0,1.0,0,3,4,4,-1
friend_bhargav_gupta,laravel_developer,general,0.4667,0.5556,6,4,8,0.3279,1.0,1.0,1.0,1.0,0,0,4,4,-1
friend_bhargav_gupta,mern_stack_developer,general,0.5409,0.5909,10,3,9,0.5678,1.0,1.0,1.0,1.0,0,0,4,4,1
friend_bhargav_gupta,php_fullstack_developer,general,0.4238,0.5238,6,4,10,0.4693,1.0,1.0,1.0,1.0,0,0,4,4,1
friend_bhargav_gupta,software_engineer_general,general,0.4318,0.5455,7,3,10,0.4738,1.0,1.0,1.0,1.0,0,0,4,3,1
friend_bhavy_gupta,android_developer,general,0.44,0.5,3,2,5,0.2219,0.68,0.5,0.6,1.0,0,1,3,4,-1
friend_bhavy_gupta,backend_swe_fullstack,general,0.4846,0.5769,9,6,11,0.384,0.8,0.5,1.0,1.0,0,1,3,3,-1
friend_bhavy_gupta,data_scientist,general,0.3,0.4286,2,4,8,0.2573,0.88,1.0,0.6,1.0,0,0,3,4,-1
friend_bhavy_gupta,flutter_developer_fresher,general,0.2083,0.25,2,1,9,0.2902,0.88,1.0,0.6,1.0,0,0,3,4,0
friend_bhavy_gupta,frontend_developer_fresher,general,0.7273,0.9091,6,4,1,0.4545,1.0,1.0,1.0,1.0,0,0,3,3,1
friend_bhavy_gupta,fullstack_developer_fresher,general,0.5792,0.7083,10,7,7,0.4013,1.0,1.0,1.0,1.0,0,0,3,3,1
friend_bhavy_gupta,fullstack_developer_general,general,0.4813,0.625,10,9,12,0.2646,0.88,1.0,0.6,1.0,0,0,3,4,-1
friend_bhavy_gupta,golang_backend_developer,general,0.4786,0.5714,5,2,6,0.2569,1.0,1.0,1.0,1.0,0,0,3,3,-1
friend_bhavy_gupta,google_ml_engineer,general,0.365,0.5,5,4,10,0.2997,0.8,0.5,1.0,1.0,0,1,3,3,-1
friend_bhavy_gupta,google_swe_early_career,general,0.52,0.6,4,2,4,0.2696,0.8,0.5,1.0,1.0,0,1,3,3,-1
friend_bhavy_gupta,google_swe_generalist,general,0.8133,0.8667,11,2,2,0.293,0.8,0.5,1.0,1.0,0,1,3,3,-1
friend_bhavy_gupta,java_backend_developer,general,0.435,0.6,5,6,8,0.2773,1.0,1.0,1.0,1.0,0,0,3,3,-1
friend_bhavy_gupta,junior_ml_engineer,general,0.34,0.5,4,5,10,0.3119,0.68,0.5,0.6,1.0,0,3,3,4,-1
friend_bhavy_gupta,laravel_developer,general,0.5111,0.6667,6,6,6,0.2641,0.88,1.0,0.6,1.0,0,0,3,4,-1
friend_bhavy_gupta,mern_stack_developer,general,0.5545,0.5909,11,2,9,0.3859,0.88,1.0,0.6,1.0,0,0,3,4,-1
friend_bhavy_gupta,php_fullstack_developer,general,0.3905,0.5238,5,5,10,0.4115,0.88,1.0,0.6,1.0,0,0,3,4,-1
friend_bhavy_gupta,software_engineer_general,general,0.3409,0.4091,6,2,13,0.3189,1.0,1.0,1.0,1.0,0,0,3,3,-1
friend_chiranshu_kumar_kapil,android_developer,general,0.4,0.4,4,0,6,0.2165,0.68,0.5,0.6,1.0,0,1,3,4,-1
friend_chiranshu_kumar_kapil,backend_swe_fullstack,general,0.5423,0.6923,9,9,8,0.4643,0.8,0.5,1.0,1.0,0,1,3,3,1
friend_chiranshu_kumar_kapil,data_scientist,general,0.2286,0.2857,2,2,10,0.3248,0.88,1.0,0.6,1.0,0,0,3,4,-1
friend_chiranshu_kumar_kapil,flutter_developer_fresher,general,0.1917,0.25,2,0,9,0.4142,0.88,1.0,0.6,1.0,0,0,3,4,-1
friend_chiranshu_kumar_kapil,frontend_developer_fresher,general,0.6364,0.8182,5,4,2,0.4649,1.0,1.0,1.0,1.0,0,0,3,3,1
friend_chiranshu_kumar_kapil,fullstack_developer_fresher,general,0.6625,0.75,13,5,6,0.647,1.0,1.0,1.0,1.0,0,0,3,3,1
friend_chiranshu_kumar_kapil,fullstack_developer_general,general,0.5,0.6562,11,8,11,0.3981,0.88,1.0,0.6,1.0,0,0,3,4,-1
friend_chiranshu_kumar_kapil,golang_backend_developer,general,0.6429,0.8571,6,5,2,0.3876,1.0,1.0,1.0,1.0,0,0,3,3,-1
friend_chiranshu_kumar_kapil,google_ml_engineer,general,0.33,0.45,5,2,11,0.3265,0.8,0.5,1.0,1.0,0,1,3,3,-1
friend_chiranshu_kumar_kapil,google_swe_early_career,general,0.45,0.6,3,3,4,0.3075,0.8,0.5,1.0,1.0,0,1,3,3,-1
friend_chiranshu_kumar_kapil,google_swe_generalist,general,0.5933,0.7333,6,5,4,0.3022,0.8,0.5,1.0,1.0,0,1,3,3,-1
friend_chiranshu_kumar_kapil,java_backend_developer,general,0.445,0.65,6,3,7,0.4555,1.0,1.0,1.0,1.0,0,0,3,3,1
friend_chiranshu_kumar_kapil,junior_ml_engineer,general,0.155,0.25,2,1,15,0.2125,0.68,0.5,0.6,1.0,0,3,3,4,0
friend_chiranshu_kumar_kapil,laravel_developer,general,0.5944,0.6667,9,3,6,0.4363,0.88,1.0,0.6,1.0,0,0,3,4,1
friend_chiranshu_kumar_kapil,mern_stack_developer,general,0.6182,0.6818,11,4,7,0.5628,0.88,1.0,0.6,1.0,0,0,3,4,1
friend_chiranshu_kumar_kapil,php_fullstack_developer,general,0.5524,0.7619,8,5,5,0.5995,0.88,1.0,0.6,1.0,0,0,3,4,1
friend_chiranshu_kumar_kapil,software_engineer_general,general,0.4318,0.6364,5,7,8,0.4594,1.0,1.0,1.0,1.0,0,0,3,3,1
friend_daksh_khare,android_developer,general,0.4,0.4,4,0,6,0.2734,0.68,0.5,0.6,1.0,0,1,3,4,-1
friend_daksh_khare,backend_swe_fullstack,general,0.4808,0.6154,9,6,10,0.4835,0.8,0.5,1.0,1.0,0,1,3,3,1
friend_daksh_khare,data_scientist,general,0.3071,0.4286,3,2,8,0.2255,0.88,1.0,0.6,1.0,0,0,3,4,-1
friend_daksh_khare,flutter_developer_fresher,general,0.2083,0.25,2,1,9,0.391,0.88,1.0,0.6,1.0,0,0,3,4,-1
friend_daksh_khare,frontend_developer_fresher,general,0.6818,0.8182,6,3,2,0.5014,1.0,1.0,1.0,1.0,0,0,3,3,1
friend_daksh_khare,fullstack_developer_fresher,general,0.5375,0.6667,9,7,8,0.5418,1.0,1.0,1.0,1.0,0,0,3,3,1
friend_daksh_khare,fullstack_developer_general,general,0.5,0.625,12,7,12,0.3723,0.88,1.0,0.6,1.0,0,0,3,4,-1
friend_daksh_khare,golang_backend_developer,general,0.7,0.8571,8,3,2,0.3964,1.0,1.0,1.0,1.0,0,0,3,3,-1
friend_daksh_khare,google_ml_engineer,general,0.37,0.55,5,3,9,0.3339,0.8,0.5,1.0,1.0,0,1,3,3,-1
friend_daksh_khare,google_swe_early_career,general,0.58,0.8,4,3,2,0.3536,0.8,0.5,1.0,1.0,0,1,3,3,-1
friend_daksh_khare,google_swe_generalist,general,0.6667,0.8667,7,5,2,0.376,0.8,0.5,1.0,1.0,0,1,3,3,-1
friend_daksh_khare,java_backend_developer,general,0.395,0.6,5,4,8,0.3279,1.0,1.0,1.0,1.0,0,0,3,3,-1
friend_daksh_khare,junior_ml_engineer,general,0.3,0.55,3,3,9,0.345,0.68,0.5,0.6,1.0,0,3,3,4,-1
friend_daksh_khare,laravel_developer,general,0.4556,0.5556,6,4,8,0.2698,0.88,1.0,0.6,1.0,0,0,3,4,-1
friend_daksh_khare,mern_stack_developer,general,0.5182,0.5909,9,4,9,0.422,0.88,1.0,0.6,1.0,0,0,3,4,1
friend_daksh_khare,php_fullstack_developer,general,0.481,0.7143,6,6,6,0.4462,0.88,1.0,0.6,1.0,0,0,3,4,1
friend_daksh_khare,software_engineer_general,general,0.4227,0.6364,5,7,8,0.3855,1.0,1.0,1.0,1.0,0,0,3,3,-1
friend_deepanshu_singh,android_developer,general,0.3,0.3,3,0,7,0.3799,0.53,0.5,0.6,0.5,0,1,3,4,-1
friend_deepanshu_singh,backend_swe_fullstack,general,0.5,0.6538,9,7,9,0.4953,0.65,0.5,1.0,0.5,0,1,3,3,1
friend_deepanshu_singh,data_scientist,general,0.2357,0.3571,2,2,9,0.3739,0.73,1.0,0.6,0.5,0,0,3,4,-1
friend_deepanshu_singh,flutter_developer_fresher,general,0.125,0.1667,1,1,10,0.4923,0.73,1.0,0.6,0.5,0,0,3,4,-1
friend_deepanshu_singh,frontend_developer_fresher,general,0.6818,0.8182,6,3,2,0.6352,0.85,1.0,1.0,0.5,0,0,3,3,1
friend_deepanshu_singh,fullstack_developer_fresher,general,0.5917,0.7083,11,6,7,0.6018,0.85,1.0,1.0,0.5,0,0,3,3,1
friend_deepanshu_singh,fullstack_developer_general,general,0.5469,0.6562,14,6,11,0.5811,0.73,1.0,0.6,0.5,0,0,3,4,1
friend_deepanshu_singh,golang_backend_developer,general,0.5571,0.7143,6,3,4,0.4488,0.85,1.0,1.0,0.5,0,0,3,3,1
friend_deepanshu_singh,google_ml_engineer,general,0.345,0.55,4,4,9,0.4243,0.65,0.5,1.0,0.5,0,1,3,3,-1
friend_deepanshu_singh,google_swe_early_career,general,0.58,0.8,4,3,2,0.4584,0.65,0.5,1.0,0.5,0,1,3,3,1
friend_deepanshu_singh,google_swe_generalist,general,0.7533,0.9333,9,4,1,0.4607,0.65,0.5,1.0,0.5,0,1,3,3,1
friend_deepanshu_singh,java_backend_developer,general,0.445,0.65,6,4,7,0.4064,0.85,1.0,1.0,0.5,0,0,3,3,1
friend_deepanshu_singh,junior_ml_engineer,general,0.25,0.5,2,3,10,0.3454,0.53,0.5,0.6,0.5,0,3,3,4,-1
friend_deepanshu_singh,laravel_developer,general,0.5278,0.6667,7,5,6,0.3705,0.73,1.0,0.6,0.5,0,0,3,4,-1
friend_deepanshu_singh,mern_stack_developer,general,0.5545,0.5909,11,2,9,0.556,0.73,1.0,0.6,0.5,0,0,3,4,1
friend_deepanshu_singh,php_fullstack_developer,general,0.5048,0.7619,6,7,5,0.52,0.73,1.0,0.6,0.5,0,0,3,4,1
friend_deepanshu_singh,software_engineer_general,general,0.5227,0.7273,7,8,6,0.4958,0.85,1.0,1.0,0.5,0,0,3,3,1
friend_dev_sharma,android_developer,general,0.37,0.4,3,1,6,0.3226,0.68,0.5,0.6,1.0,0,1,3,4,-1
friend_dev_sharma,backend_swe_fullstack,general,0.4885,0.6154,9,6,10,0.4922,0.8,0.5,1.0,1.0,0,1,3,3,1
friend_dev_sharma,data_scientist,general,0.1786,0.2143,2,1,11,0.4318,0.88,1.0,0.6,1.0,0,0,3,4,-1
friend_dev_sharma,flutter_developer_fresher,general,0.375,0.4167,4,1,7,0.4265,0.88,1.0,0.6,1.0,0,0,3,4,-1
friend_dev_sharma,frontend_developer_fresher,general,0.4091,0.5455,3,3,5,0.5069,1.0,1.0,1.0,1.0,0,0,3,3,1
friend_dev_sharma,fullstack_developer_fresher,general,0.5375,0.6667,9,7,8,0.4704,1.0,1.0,1.0,1.0,0,0,3,3,1
friend_dev_sharma,fullstack_developer_general,general,0.5031,0.625,11,9,12,0.4988,0.88,1.0,0.6,1.0,0,0,3,4,1
friend_dev_sharma,golang_backend_developer,general,0.5143,0.6429,5,4,5,0.4292,1.0,1.0,1.0,1.0,0,0,3,3,1
friend_dev_sharma,google_ml_engineer,general,0.23,0.35,3,2,13,0.4381,0.8,0.5,1.0,1.0,0,1,3,3,-1
friend_dev_sharma,google_swe_early_career,general,0.38,0.5,3,1,5,0.403,0.8,0.5,1.0,1.0,0,1,3,3,-1
friend_dev_sharma,google_swe_generalist,general,0.52,0.6,7,1,6,0.4193,0.8,0.5,1.0,1.0,0,1,3,3,1
friend_dev_sharma,java_backend_developer,general,0.56,0.65,9,4,7,0.4323,1.0,1.0,1.0,1.0,0,0,3,3,1
friend_dev_sharma,junior_ml_engineer,general,0.205,0.3,3,1,14,0.349,0.68,0.5,0.6,1.0,0,3,3,4,-1
friend_dev_sharma,laravel_developer,general,0.4556,0.6111,5,6,7,0.3433,0.88,1.0,0.6,1.0,0,0,3,4,-1
friend_dev_sharma,mern_stack_developer,general,0.5318,0.5909,10,3,9,0.4144,0.88,1.0,0.6,1.0,0,0,3,4,1
friend_dev_sharma,php_fullstack_developer,general,0.4476,0.5714,6,6,9,0.4395,0.88,1.0,0.6,1.0,0,0,3,4,1
friend_dev_sharma,software_engineer_general,general,0.4864,0.5909,8,5,9,0.5647,1.0,1.0,1.0,1.0,0,0,3,3,1
friend_dheeraj_rathore,android_developer,general,0.4,0.4,4,0,6,0.3067,0.685,1.0,0.2,0.75,4,1,2,4,-1
friend_dheeraj_rathore,backend_swe_fullstack,general,0.4615,0.5769,9,5,11,0.2388,0.925,1.0,1.0,0.75,4,1,2,3,-1
friend_dheeraj_rathore,data_scientist,general,0.4357,0.5714,5,1,6,0.1947,0.685,1.0,0.2,0.75,4,0,2,4,-1
friend_dheeraj_rathore,flutter_developer_fresher,general,0.125,0.1667,1,1,10,0.3176,0.685,1.0,0.2,0.75,4,0,2,4,-1
friend_dheeraj_rathore,frontend_developer_fresher,general,0.6091,0.7273,5,3,3,0.3436,0.925,1.0,1.0,0.75,4,0,2,3,-1
friend_dheeraj_rathore,fullstack_developer_fresher,general,0.3292,0.375,6,3,15,0.3566,0.925,1.0,1.0,0.75,4,0,2,3,-1
friend_dheeraj_rathore,fullstack_developer_general,general,0.3969,0.5,9,6,16,0.5518,0.685,1.0,0.2,0.75,4,0,2,4,-1
friend_dheeraj_rathore,golang_backend_developer,general,0.45,0.5714,5,2,6,0.3281,0.925,1.0,1.0,0.75,4,0,2,3,-1
friend_dheeraj_rathore,google_ml_engineer,general,0.42,0.6,6,3,8,0.2194,0.925,1.0,1.0,0.75,4,1,2,3,-1
friend_dheeraj_rathore,google_swe_early_career,general,0.43,0.6,3,2,4,0.3068,0.925,1.0,1.0,0.75,4,1,2,3,-1
friend_dheeraj_rathore,google_swe_generalist,general,0.7133,0.8667,8,4,2,0.2967,0.925,1.0,1.0,0.75,4,1,2,3,-1
friend_dheeraj_rathore,java_backend_developer,general,0.47,0.65,7,3,7,0.2542,0.925,1.0,1.0,0.75,4,0,2,3,-1
friend_dheeraj_rathore,junior_ml_engineer,general,0.4,0.65,5,3,7,0.1982,0.685,1.0,0.2,0.75,4,3,2,4,-1
friend_dheeraj_rathore,laravel_developer,general,0.3944,0.5,4,5,9,0.3004,0.685,1.0,0.2,0.75,4,0,2,4,-1
friend_dheeraj_rathore,mern_stack_developer,general,0.3136,0.3636,5,3,14,0.3298,0.685,1.0,0.2,0.75,4,0,2,4,-1
friend_dheeraj_rathore,php_fullstack_developer,general,0.2476,0.381,2,5,13,0.2034,0.685,1.0,0.2,0.75,4,0,2,4,0
friend_dheeraj_rathore,software_engineer_general,general,0.3091,0.4545,4,4,12,0.3373,0.925,1.0,1.0,0.75,4,0,2,3,-1
friend_dinesh_ahirwar,android_developer,general,0.37,0.4,3,1,6,0.314,0.605,0.5,0.6,0.75,0,1,3,4,-1
friend_dinesh_ahirwar,backend_swe_fullstack,general,0.5308,0.6538,9,8,9,0.3702,0.725,0.5,1.0,0.75,0,1,3,3,-1
friend_dinesh_ahirwar,data_scientist,general,0.2286,0.3571,1,3,9,0.275,0.805,1.0,0.6,0.75,0,0,3,4,0
friend_dinesh_ahirwar,flutter_developer_fresher,general,0.25,0.25,3,0,9,0.3042,0.805,1.0,0.6,0.75,0,0,3,4,-1
friend_dinesh_ahirwar,frontend_developer_fresher,general,0.7727,0.9091,7,3,1,0.4334,0.925,1.0,1.0,0.75,0,0,3,3,1
friend_dinesh_ahirwar,fullstack_developer_fresher,general,0.5792,0.6667,11,5,8,0.4143,0.925,1.0,1.0,0.75,0,0,3,3,1
friend_dinesh_ahirwar,fullstack_developer_general,general,0.475,0.5938,11,7,13,0.4155,0.805,1.0,0.6,0.75,0,0,3,4,1
friend_dinesh_ahirwar,golang_backend_developer,general,0.6571,0.7857,7,3,3,0.3263,0.925,1.0,1.0,0.75,0,0,3,3,-1
friend_dinesh_ahirwar,google_ml_engineer,general,0.4,0.55,5,5,9,0.3562,0.725,0.5,1.0,0.75,0,1,3,3,-1
friend_dinesh_ahirwar,google_swe_early_career,general,0.57,0.7,4,3,3,0.3452,0.725,0.5,1.0,0.75,0,1,3,3,-1
friend_dinesh_ahirwar,google_swe_generalist,general,0.7067,0.8667,7,6,2,0.3828,0.725,0.5,1.0,0.75,0,1,3,3,-1
friend_dinesh_ahirwar,java_backend_developer,general,0.365,0.55,4,4,9,0.2732,0.925,1.0,1.0,0.75,0,0,3,3,-1
friend_dinesh_ahirwar,junior_ml_engineer,general,0.38,0.6,4,5,8,0.2924,0.605,0.5,0.6,0.75,0,3,3,4,-1
friend_dinesh_ahirwar,laravel_developer,general,0.4278,0.5,6,3,9,0.3013,0.805,1.0,0.6,0.75,0,0,3,4,-1
friend_dinesh_ahirwar,mern_stack_developer,general,0.5273,0.5909,9,4,9,0.3618,0.805,1.0,0.6,0.75,0,0,3,4,-1
friend_dinesh_ahirwar,php_fullstack_developer,general,0.381,0.4762,6,3,11,0.3321,0.805,1.0,0.6,0.75,0,0,3,4,-1
friend_dinesh_ahirwar,software_engineer_general,general,0.4091,0.5455,6,4,10,0.4306,0.925,1.0,1.0,0.75,0,0,3,3,1
friend_divyanjali_ray,android_developer,general,0.14,0.2,0,2,8,0.3027,0.53,0.5,0.6,0.5,0,1,3,4,-1
friend_divyanjali_ray,backend_swe_fullstack,general,0.3308,0.4231,5,6,15,0.3541,0.65,0.5,1.0,0.5,0,1,3,3,-1
friend_divyanjali_ray,data_scientist,general,0.1929,0.2143,2,1,11,0.1782,0.73,1.0,0.6,0.5,0,0,3,4,0
friend_divyanjali_ray,flutter_developer_fresher,general,0.1,0.1667,0,2,10,0.3864,0.73,1.0,0.6,0.5,0,0,3,4,-1
friend_divyanjali_ray,frontend_developer_fresher,general,0.5455,0.7273,4,4,3,0.434,0.85,1.0,1.0,0.5,0,0,3,3,1
friend_divyanjali_ray,fullstack_developer_fresher,general,0.5375,0.6667,9,7,8,0.4723,0.85,1.0,1.0,0.5,0,0,3,3,1
friend_divyanjali_ray,fullstack_developer_general,general,0.3875,0.5312,7,9,15,0.4154,0.73,1.0,0.6,0.5,0,0,3,4,-1
friend_divyanjali_ray,golang_backend_developer,general,0.3357,0.4286,3,2,8,0.3156,0.85,1.0,1.0,0.5,0,0,3,3,-1
friend_divyanjali_ray,google_ml_engineer,general,0.145,0.2,1,3,16,0.2814,0.65,0.5,1.0,0.5,0,1,3,3,0
friend_divyanjali_ray,google_swe_early_career,general,0.29,0.4,1,3,6,0.3428,0.65,0.5,1.0,0.5,0,1,3,3,-1
friend_divyanjali_ray,google_swe_generalist,general,0.5267,0.6,6,3,6,0.3589,0.65,0.5,1.0,0.5,0,1,3,3,-1
friend_divyanjali_ray,java_backend_developer,general,0.235,0.4,1,6,12,0.3199,0.85,1.0,1.0,0.5,0,0,3,3,-1
friend_divyanjali_ray,junior_ml_engineer,general,0.035,0.05,0,1,19,0.1758,0.53,0.5,0.6,0.5,0,3,3,4,0
friend_divyanjali_ray,laravel_developer,general,0.4944,0.6667,5,7,6,0.2976,0.73,1.0,0.6,0.5,0,0,3,4,-1
friend_divyanjali_ray,mern_stack_developer,general,0.5409,0.5909,10,3,9,0.4046,0.73,1.0,0.6,0.5,0,0,3,4,1
friend_divyanjali_ray,php_fullstack_developer,general,0.3286,0.4762,3,6,11,0.3549,0.73,1.0,0.6,0.5,0,0,3,4,-1
friend_divyanjali_ray,software_engineer_general,general,0.2818,0.3636,4,3,14,0.3458,0.85,1.0,1.0,0.5,0,0,3,3,-1
friend_divyansh_kathuria,android_developer,general,0.34,0.4,2,2,6,0.2359,0.53,0.5,0.6,0.5,0,1,3,4,-1
friend_divyansh_kathuria,backend_swe_fullstack,general,0.4538,0.5769,7,8,11,0.4239,0.65,0.5,1.0,0.5,0,1,3,3,1
friend_divyansh_kathuria,data_scientist,general,0.4286,0.5714,3,5,6,0.2291,0.73,1.0,0.6,0.5,0,0,3,4,-1
friend_divyansh_kathuria,flutter_developer_fresher,general,0.225,0.25,2,1,9,0.3137,0.73,1.0,0.6,0.5,0,0,3,4,-1
friend_divyansh_kathuria,frontend_developer_fresher,general,0.5182,0.6364,4,3,4,0.5217,0.85,1.0,1.0,0.5,0,0,3,3,1
friend_divyansh_kathuria,fullstack_developer_fresher,general,0.525,0.625,9,6,9,0.49,0.85,1.0,1.0,0.5,0,0,3,3,1
friend_divyansh_kathuria,fullstack_developer_general,general,0.4344,0.5625,9,8,14,0.3616,0.73,1.0,0.6,0.5,0,0,3,4,-1
friend_divyansh_kathuria,golang_backend_developer,general,0.6571,0.7857,7,3,3,0.3987,0.85,1.0,1.0,0.5,0,0,3,3,-1
friend_divyansh_kathuria,google_ml_engineer,general,0.505,0.65,7,6,7,0.3633,0.65,0.5,1.0,0.5,0,1,3,3,-1
friend_divyansh_kathuria,google_swe_early_career,general,0.57,0.7,4,3,3,0.3472,0.65,0.5,1.0,0.5,0,1,3,3,-1
friend_divyansh_kathuria,google_swe_generalist,general,0.64,0.8,6,6,3,0.3597,0.65,0.5,1.0,0.5,0,1,3,3,-1
friend_divyansh_kathuria,java_backend_developer,general,0.35,0.55,3,5,9,0.342,0.85,1.0,1.0,0.5,0,0,3,3,-1
friend_divyansh_kathuria,junior_ml_engineer,general,0.62,0.85,8,7,3,0.2933,0.53,0.5,0.6,0.5,0,3,3,4,-1
friend_divyansh_kathuria,laravel_developer,general,0.3278,0.3889,4,3,11,0.2993,0.73,1.0,0.6,0.5,0,0,3,4,-1
friend_divyansh_kathuria,mern_stack_developer,general,0.5136,0.5909,8,5,9,0.4094,0.73,1.0,0.6,0.5,0,0,3,4,1
friend_divyansh_kathuria,php_fullstack_developer,general,0.319,0.4286,4,4,12,0.4588,0.73,1.0,0.6,0.5,0,0,3,4,-1
friend_divyansh_kathuria,software_engineer_general,general,0.3636,0.5,5,4,11,0.3083,0.85,1.0,1.0,0.5,0,0,3,3,-1
friend_divyansh_singh,android_developer,general,0.27,0.3,2,1,7,0.1976,0.605,0.5,0.6,0.75,0,1,3,4,0
friend_divyansh_singh,backend_swe_fullstack,general,0.3808,0.4615,7,4,14,0.3448,0.725,0.5,1.0,0.75,0,1,3,3,-1
friend_divyansh_singh,data_scientist,general,0.4786,0.5,6,1,7,0.1752,0.805,1.0,0.6,0.75,0,0,3,4,-1
friend_divyansh_singh,flutter_developer_fresher,general,0.0833,0.0833,1,0,11,0.2883,0.805,1.0,0.6,0.75,0,0,3,4,0
friend_divyansh_singh,frontend_developer_fresher,general,0.5909,0.7273,5,3,3,0.3841,0.925,1.0,1.0,0.75,0,0,3,3,-1
friend_divyansh_singh,fullstack_developer_fresher,general,0.4125,0.5,7,5,12,0.2779,0.925,1.0,1.0,0.75,0,0,3,3,-1
friend_divyansh_singh,fullstack_developer_general,general,0.3406,0.4062,8,5,19,0.1878,0.805,1.0,0.6,0.75,0,0,3,4,-1
friend_divyansh_singh,golang_backend_developer,general,0.5357,0.5714,7,1,6,0.2697,0.925,1.0,1.0,0.75,0,0,3,3,-1
friend_divyansh_singh,google_ml_engineer,general,0.605,0.7,9,5,6,0.3537,0.725,0.5,1.0,0.75,0,1,3,3,-1
friend_divyansh_singh,google_swe_early_career,general,0.65,0.8,5,2,2,0.2836,0.725,0.5,1.0,0.75,0,1,3,3,-1
friend_divyansh_singh,google_swe_generalist,general,0.66,0.8,7,4,3,0.3266,0.725,0.5,1.0,0.75,0,1,3,3,-1
friend_divyansh_singh,java_backend_developer,general,0.17,0.2,3,1,16,0.2083,0.925,1.0,1.0,0.75,0,0,3,3,0
friend_divyansh_singh,junior_ml_engineer,general,0.49,0.65,7,4,7,0.4365,0.605,0.5,0.6,0.75,0,3,3,4,1
friend_divyansh_singh,laravel_developer,general,0.2889,0.3333,4,2,12,0.1614,0.805,1.0,0.6,0.75,0,0,3,4,0
friend_divyansh_singh,mern_stack_developer,general,0.4045,0.4545,7,3,12,0.2693,0.805,1.0,0.6,0.75,0,0,3,4,-1
friend_divyansh_singh,php_fullstack_developer,general,0.281,0.3333,4,3,14,0.3037,0.805,1.0,0.6,0.75,0,0,3,4,-1
friend_divyansh_singh,software_engineer_general,general,0.3909,0.4545,6,4,12,0.3145,0.925,1.0,1.0,0.75,0,0,3,3,-1
friend_dupen_sachdeva,android_developer,general,0.4,0.4,4,0,6,0.2983,0.56,0.5,0.2,1.0,0,1,2,4,-1
friend_dupen_sachdeva,backend_swe_fullstack,general,0.5538,0.6154,12,4,10,0.4531,0.8,0.5,1.0,1.0,0,1,2,3,1
friend_dupen_sachdeva,data_scientist,general,0.1786,0.2143,2,1,11,0.2372,0.76,1.0,0.2,1.0,0,0,2,4,0
friend_dupen_sachdeva,flutter_developer_fresher,general,0.2083,0.25,2,1,9,0.475,0.76,1.0,0.2,1.0,0,0,2,4,-1
friend_dupen_sachdeva,frontend_developer_fresher,general,0.3636,0.4545,3,2,6,0.523,1.0,1.0,1.0,1.0,0,0,2,3,-1
friend_dupen_sachdeva,fullstack_developer_fresher,general,0.5583,0.625,11,4,9,0.5503,1.0,1.0,1.0,1.0,0,0,2,3,1
friend_dupen_sachdeva,fullstack_developer_general,general,0.5531,0.625,15,5,12,0.343,0.76,1.0,0.2,1.0,0,0,2,4,-1
friend_dupen_sachdeva,golang_backend_developer,general,0.6571,0.7857,7,4,3,0.3503,1.0,1.0,1.0,1.0,0,0,2,3,-1
friend_dupen_sachdeva,google_ml_engineer,general,0.355,0.45,6,1,11,0.2738,0.8,0.5,1.0,1.0,0,1,2,3,-1
friend_dupen_sachdeva,google_swe_early_career,general,0.55,0.6,5,1,4,0.3856,0.8,0.5,1.0,1.0,0,1,2,3,-1
friend_dupen_sachdeva,google_swe_generalist,general,0.5467,0.6,7,2,6,0.4143,0.8,0.5,1.0,1.0,0,1,2,3,1
friend_dupen_sachdeva,java_backend_developer,general,0.55,0.65,9,4,7,0.4178,1.0,1.0,1.0,1.0,0,0,2,3,1
friend_dupen_sachdeva,junior_ml_engineer,general,0.155,0.25,2,1,15,0.1931,0.56,0.5,0.2,1.0,0,3,2,4,0
friend_dupen_sachdeva,laravel_developer,general,0.4278,0.4444,7,1,10,0.327,0.76,1.0,0.2,1.0,0,0,2,4,-1
friend_dupen_sachdeva,mern_stack_developer,general,0.5182,0.5455,10,2,10,0.446,0.76,1.0,0.2,1.0,0,0,2,4,1
friend_dupen_sachdeva,php_fullstack_developer,general,0.6333,0.7619,11,3,5,0.5265,0.76,1.0,0.2,1.0,0,0,2,4,1
friend_dupen_sachdeva,software_engineer_general,general,0.5773,0.6818,10,5,7,0.3747,1.0,1.0,1.0,1.0,0,0,2,3,-1
friend_gagan_,android_developer,general,0.3,0.3,3,0,7,0.2944,0.68,0.5,0.6,1.0,0,1,3,4,-1
friend_gagan_,backend_swe_fullstack,general,0.5,0.6538,9,7,9,0.5304,0.8,0.5,1.0,1.0,0,1,3,3,1
friend_gagan_,data_scientist,general,0.3286,0.5,3,2,7,0.2434,0.88,1.0,0.6,1.0,0,0,3,4,-1
friend_gagan_,flutter_developer_fresher,general,0.125,0.1667,1,1,10,0.3412,0.88,1.0,0.6,1.0,0,0,3,4,-1
friend_gagan_,frontend_developer_fresher,general,0.6091,0.8182,4,5,2,0.507,1.0,1.0,1.0,1.0,0,0,3,3,1
friend_gagan_,fullstack_developer_fresher,general,0.5708,0.7083,10,7,7,0.5577,1.0,1.0,1.0,1.0,0,0,3,3,1
friend_gagan_,fullstack_developer_general,general,0.4688,0.625,10,9,12,0.3759,0.88,1.0,0.6,1.0,0,0,3,4,-1
friend_gagan_,golang_backend_developer,general,0.5357,0.7143,5,4,4,0.3762,1.0,1.0,1.0,1.0,0,0,3,3,-1
friend_gagan_,google_ml_engineer,general,0.37,0.6,4,4,8,0.3275,0.8,0.5,1.0,1.0,0,1,3,3,-1
friend_gagan_,google_swe_early_career,general,0.53,0.8,3,3,2,0.3726,0.8,0.5,1.0,1.0,0,1,3,3,-1
friend_gagan_,google_swe_generalist,general,0.7533,0.9333,9,3,1,0.3854,0.8,0.5,1.0,1.0,0,1,3,3,-1
friend_gagan_,java_backend_developer,general,0.395,0.65,4,6,7,0.3595,1.0,1.0,1.0,1.0,0,0,3,3,-1
friend_gagan_,junior_ml_engineer,general,0.335,0.55,4,2,9,0.255,0.68,0.5,0.6,1.0,0,3,3,4,-1
friend_gagan_,laravel_developer,general,0.5,0.6667,6,6,6,0.3696,0.88,1.0,0.6,1.0,0,0,3,4,-1
friend_gagan_,mern_stack_developer,general,0.5318,0.5909,10,3,9,0.4955,0.88,1.0,0.6,1.0,0,0,3,4,1
friend_gagan_,php_fullstack_developer,general,0.481,0.7619,5,8,5,0.5385,0.88,1.0,0.6,1.0,0,0,3,4,1
friend_gagan_,software_engineer_general,general,0.4227,0.6364,5,7,8,0.3787,1.0,1.0,1.0,1.0,0,0,3,3,-1
friend_gaurav_sharma,android_developer,general,0.4,0.4,4,0,6,0.1638,0.335,0.5,0.2,0.25,0,1,1,4,-1
friend_gaurav_sharma,backend_swe_fullstack,general,0.4423,0.5385,9,5,12,0.0489,0.575,0.5,1.0,0.25,0,1,1,3,-1
friend_gaurav_sharma,data_scientist,general,0.2857,0.2857,4,0,10,0.1219,0.535,1.0,0.2,0.25,0,0,1,4,0
friend_gaurav_sharma,flutter_developer_fresher,general,0.2083,0.25,2,1,9,0.2695,0.535,1.0,0.2,0.25,0,0,1,4,0
friend_gaurav_sharma,frontend_developer_fresher,general,0.3636,0.4545,3,2,6,0.1416,0.775,1.0,1.0,0.25,0,0,1,3,-1
friend_gaurav_sharma,fullstack_developer_fresher,general,0.5292,0.625,10,5,9,0.1839,0.775,1.0,1.0,0.25,0,0,1,3,-1
friend_gaurav_sharma,fullstack_developer_general,general,0.4625,0.5938,11,7,13,0.298,0.535,1.0,0.2,0.25,0,0,1,4,-1
friend_gaurav_sharma,golang_backend_developer,general,0.6643,0.7857,8,2,3,0.1801,0.775,1.0,1.0,0.25,0,0,1,3,-1
friend_gaurav_sharma,google_ml_engineer,general,0.325,0.4,5,3,12,0.0636,0.575,0.5,1.0,0.25,0,1,1,3,-1
friend_gaurav_sharma,google_swe_early_career,general,0.5,0.6,4,2,4,0.0562,0.575,0.5,1.0,0.25,0,1,1,3,-1
friend_gaurav_sharma,google_swe_generalist,general,0.5133,0.6,6,3,6,0.0669,0.575,0.5,1.0,0.25,0,1,1,3,-1
friend_gaurav_sharma,java_backend_developer,general,0.395,0.6,5,4,8,0.1604,0.775,1.0,1.0,0.25,0,0,1,3,-1
friend_gaurav_sharma,junior_ml_engineer,general,0.2,0.25,3,2,15,0.0946,0.335,0.5,0.2,0.25,0,3,1,4,0
friend_gaurav_sharma,laravel_developer,general,0.3722,0.4444,5,3,10,0.1612,0.535,1.0,0.2,0.25,0,0,1,4,-1
friend_gaurav_sharma,mern_stack_developer,general,0.5545,0.5909,11,2,9,0.1165,0.535,1.0,0.2,0.25,0,0,1,4,-1
friend_gaurav_sharma,php_fullstack_developer,general,0.5143,0.7143,7,7,6,0.1128,0.535,1.0,0.2,0.25,0,0,1,4,-1
friend_gaurav_sharma,software_engineer_general,general,0.4591,0.6364,7,5,8,0.1561,0.775,1.0,1.0,0.25,0,0,1,3,-1
friend_gautam_kumar,android_developer,general,0.65,0.7,6,1,3,0.3706,0.605,0.5,0.6,0.75,0,1,3,4,-1
friend_gautam_kumar,backend_swe_fullstack,general,0.3192,0.4231,6,4,15,0.4035,0.725,0.5,1.0,0.75,0,1,3,3,-1
friend_gautam_kumar,data_scientist,general,0.2143,0.2143,3,0,11,0.2179,0.805,1.0,0.6,0.75,0,0,3,4,0
friend_gautam_kumar,flutter_developer_fresher,general,0.5417,0.5833,6,1,5,0.6922,0.805,1.0,0.6,0.75,0,0,3,4,1
friend_gautam_kumar,frontend_developer_fresher,general,0.0,0.0,0,0,11,0.4247,0.925,1.0,1.0,0.75,0,0,3,3,-1
friend_gautam_kumar,fullstack_developer_fresher,general,0.1458,0.1667,3,1,20,0.4495,0.925,1.0,1.0,0.75,0,0,3,3,-1
friend_gautam_kumar,fullstack_developer_general,general,0.2656,0.3438,6,4,21,0.3041,0.805,1.0,0.6,0.75,0,0,3,4,-1
friend_gautam_kumar,golang_backend_developer,general,0.45,0.5714,5,2,6,0.3019,0.925,1.0,1.0,0.75,0,0,3,3,-1
friend_gautam_kumar,google_ml_engineer,general,0.225,0.3,3,3,14,0.2249,0.725,0.5,1.0,0.75,0,1,3,3,0
friend_gautam_kumar,google_swe_early_career,general,0.58,0.7,5,1,3,0.3526,0.725,0.5,1.0,0.75,0,1,3,3,-1
friend_gautam_kumar,google_swe_generalist,general,0.3867,0.4667,5,1,8,0.3535,0.725,0.5,1.0,0.75,0,1,3,3,-1
friend_gautam_kumar,java_backend_developer,general,0.42,0.6,6,3,8,0.3646,0.925,1.0,1.0,0.75,0,0,3,3,-1
friend_gautam_kumar,junior_ml_engineer,general,0.15,0.2,2,2,16,0.1854,0.605,0.5,0.6,0.75,0,3,3,4,0
friend_gautam_kumar,laravel_developer,general,0.1778,0.2222,2,2,14,0.2462,0.805,1.0,0.6,0.75,0,0,3,4,0
friend_gautam_kumar,mern_stack_developer,general,0.1136,0.1364,2,1,19,0.3244,0.805,1.0,0.6,0.75,0,0,3,4,-1
friend_gautam_kumar,php_fullstack_developer,general,0.2143,0.3333,2,4,14,0.431,0.805,1.0,0.6,0.75,0,0,3,4,-1
friend_gautam_kumar,software_engineer_general,general,0.3227,0.4545,5,3,12,0.3736,0.925,1.0,1.0,0.75,0,0,3,3,-1
friend_ghani_garg,android_developer,general,0.24,0.3,1,2,7,0.2064,0.605,0.5,0.6,0.75,0,1,3,4,0
friend_ghani_garg,backend_swe_fullstack,general,0.3808,0.5,6,6,13,0.5155,0.725,0.5,1.0,0.75,0,1,3,3,-1
friend_ghani_garg,data_scientist,general,0.1929,0.2143,2,1,11,0.4499,0.805,1.0,0.6,0.75,0,0,3,4,-1
friend_ghani_garg,flutter_developer_fresher,general,0.0833,0.1667,0,1,10,0.2531,0.805,1.0,0.6,0.75,0,0,3,4,0
friend_ghani_garg,frontend_developer_fresher,general,0.5,0.6364,4,3,4,0.3877,0.925,1.0,1.0,0.75,0,0,3,3,-1
friend_ghani_garg,fullstack_developer_fresher,general,0.3917,0.5417,5,7,11,0.4175,0.925,1.0,1.0,0.75,0,0,3,3,-1
friend_ghani_garg,fullstack_developer_general,general,0.3969,0.5625,7,9,14,0.3541,0.805,1.0,0.6,0.75,0,0,3,4,-1
friend_ghani_garg,golang_backend_developer,general,0.4571,0.5714,4,4,6,0.2626,0.925,1.0,1.0,0.75,0,0,3,3,-1
friend_ghani_garg,google_ml_engineer,general,0.285,0.35,4,3,13,0.3879,0.725,0.5,1.0,0.75,0,1,3,3,-1
friend_ghani_garg,google_swe_early_career,general,0.5,0.6,4,1,4,0.2964,0.725,0.5,1.0,0.75,0,1,3,3,-1
friend_ghani_garg,google_swe_generalist,general,0.56,0.6667,6,3,5,0.3458,0.725,0.5,1.0,0.75,0,1,3,3,-1
friend_ghani_garg,java_backend_developer,general,0.295,0.45,2,6,11,0.3387,0.925,1.0,1.0,0.75,0,0,3,3,-1
friend_ghani_garg,junior_ml_engineer,general,0.25,0.3,4,2,14,0.3531,0.605,0.5,0.6,0.75,0,3,3,4,-1
friend_ghani_garg,laravel_developer,general,0.3278,0.3889,4,3,11,0.236,0.805,1.0,0.6,0.75,0,0,3,4,-1
friend_ghani_garg,mern_stack_developer,general,0.3364,0.4545,4,5,12,0.4343,0.805,1.0,0.6,0.75,0,0,3,4,-1
friend_ghani_garg,php_fullstack_developer,general,0.4095,0.619,5,5,8,0.4328,0.805,1.0,0.6,0.75,0,0,3,4,1
friend_ghani_garg,software_engineer_general,general,0.3955,0.5455,5,6,10,0.3954,0.925,1.0,1.0,0.75,0,0,3,3,-1
friend_harish_kumar,android_developer,general,0.3,0.3,3,0,7,0.2615,0.41,0.5,0.2,0.5,0,1,2,4,-1
friend_harish_kumar,backend_swe_fullstack,general,0.5538,0.6538,11,6,9,0.4139,0.65,0.5,1.0,0.5,0,1,2,3,1
friend_harish_kumar,data_scientist,general,0.3429,0.5,3,2,7,0.503,0.61,1.0,0.2,0.5,0,0,2,4,-1
friend_harish_kumar,flutter_developer_fresher,general,0.1917,0.25,2,0,9,0.3339,0.61,1.0,0.2,0.5,0,0,2,4,-1
friend_harish_kumar,frontend_developer_fresher,general,0.6818,0.8182,6,3,2,0.4867,0.85,1.0,1.0,0.5,0,0,2,3,1
friend_harish_kumar,fullstack_developer_fresher,general,0.5708,0.6667,11,5,8,0.4336,0.85,1.0,1.0,0.5,0,0,2,3,1
friend_harish_kumar,fullstack_developer_general,general,0.5,0.625,12,6,12,0.3805,0.61,1.0,0.2,0.5,0,0,2,4,-1
friend_harish_kumar,golang_backend_developer,general,0.4857,0.5714,6,1,6,0.3345,0.85,1.0,1.0,0.5,0,0,2,3,-1
friend_harish_kumar,google_ml_engineer,general,0.47,0.65,7,3,7,0.2639,0.65,0.5,1.0,0.5,0,1,2,3,-1
friend_harish_kumar,google_swe_early_career,general,0.6,0.7,5,2,3,0.2984,0.65,0.5,1.0,0.5,0,1,2,3,-1
friend_harish_kumar,google_swe_generalist,general,0.8467,0.9333,11,3,1,0.3126,0.65,0.5,1.0,0.5,0,1,2,3,-1
friend_harish_kumar,java_backend_developer,general,0.365,0.5,5,3,10,0.3049,0.85,1.0,1.0,0.5,0,0,2,3,-1
friend_harish_kumar,junior_ml_engineer,general,0.55,0.8,8,3,4,0.3184,0.41,0.5,0.2,0.5,0,3,2,4,-1
friend_harish_kumar,laravel_developer,general,0.5556,0.6667,8,4,6,0.3607,0.61,1.0,0.2,0.5,0,0,2,4,-1
friend_harish_kumar,mern_stack_developer,general,0.5409,0.5909,10,3,9,0.4482,0.61,1.0,0.2,0.5,0,0,2,4,1
friend_harish_kumar,php_fullstack_developer,general,0.4571,0.6667,6,5,7,0.4674,0.61,1.0,0.2,0.5,0,0,2,4,1
friend_harish_kumar,software_engineer_general,general,0.4864,0.5909,8,4,9,0.4047,0.85,1.0,1.0,0.5,0,0,2,3,1
friend_harmit_kour,android_developer,general,0.27,0.3,2,1,7,0.1766,0.8,0.5,1.0,1.0,0,1,4,4,0
friend_harmit_kour,backend_swe_fullstack,general,0.2769,0.3077,6,2,18,0.3202,0.8,0.5,1.0,1.0,0,1,4,3,-1
friend_harmit_kour,data_scientist,general,0.3429,0.5,3,2,7,0.4819,1.0,1.0,1.0,1.0,0,0,4,4,-1
friend_harmit_kour,flutter_developer_fresher,general,0.125,0.1667,1,1,10,0.2721,1.0,1.0,1.0,1.0,0,0,4,4,0
friend_harmit_kour,frontend_developer_fresher,general,0.0636,0.0909,0,1,10,0.3384,1.0,1.0,1.0,1.0,0,0,4,3,-1
friend_harmit_kour,fullstack_developer_fresher,general,0.1167,0.1667,2,1,20,0.2511,1.0,1.0,1.0,1.0,0,0,4,3,0
friend_harmit_kour,fullstack_developer_general,general,0.2281,0.2812,6,2,23,0.2763,1.0,1.0,1.0,1.0,0,0,4,4,0
friend_harmit_kour,golang_backend_developer,general,0.3857,0.4286,4,2,8,0.1933,1.0,1.0,1.0,1.0,0,0,4,3,-1
friend_harmit_kour,google_ml_engineer,general,0.45,0.6,6,4,8,0.2906,0.8,0.5,1.0,1.0,0,1,4,3,-1
friend_harmit_kour,google_swe_early_career,general,0.47,0.6,3,2,4,0.2402,0.8,0.5,1.0,1.0,0,1,4,3,-1
friend_harmit_kour,google_swe_generalist,general,0.5133,0.6,6,2,6,0.2519,0.8,0.5,1.0,1.0,0,1,4,3,-1
friend_harmit_kour,java_backend_developer,general,0.26,0.3,4,2,14,0.2833,1.0,1.0,1.0,1.0,0,0,4,3,0
friend_harmit_kour,junior_ml_engineer,general,0.365,0.55,4,4,9,0.3802,0.8,0.5,1.0,1.0,0,3,4,4,-1
friend_harmit_kour,laravel_developer,general,0.1667,0.1667,3,0,15,0.2785,1.0,1.0,1.0,1.0,0,0,4,4,0
friend_harmit_kour,mern_stack_developer,general,0.1273,0.1818,2,1,18,0.2788,1.0,1.0,1.0,1.0,0,0,4,4,0
friend_harmit_kour,php_fullstack_developer,general,0.2333,0.381,3,2,13,0.3209,1.0,1.0,1.0,1.0,0,0,4,4,-1
friend_harmit_kour,software_engineer_general,general,0.3318,0.4091,6,2,13,0.313,1.0,1.0,1.0,1.0,0,0,4,3,-1
friend_harsh_,android_developer,general,0.37,0.4,3,1,6,0.3379,0.605,0.5,0.6,0.75,0,1,3,4,-1
friend_harsh_,backend_swe_fullstack,general,0.5346,0.6538,10,6,9,0.5758,0.725,0.5,1.0,0.75,0,1,3,3,1
friend_harsh_,data_scientist,general,0.3214,0.4286,3,2,8,0.3474,0.805,1.0,0.6,0.75,0,0,3,4,-1
friend_harsh_,flutter_developer_fresher,general,0.3167,0.4167,3,1,7,0.4269,0.805,1.0,0.6,0.75,0,0,3,4,-1
friend_harsh_,frontend_developer_fresher,general,0.8636,1.0,8,3,0,0.5194,0.925,1.0,1.0,0.75,0,0,3,3,1
friend_harsh_,fullstack_developer_fresher,general,0.5875,0.6667,11,5,8,0.6479,0.925,1.0,1.0,0.75,0,0,3,3,1
friend_harsh_,fullstack_developer_general,general,0.5281,0.6562,12,8,11,0.4534,0.805,1.0,0.6,0.75,0,0,3,4,1
friend_harsh_,golang_backend_developer,general,0.6929,0.7857,8,3,3,0.3774,0.925,1.0,1.0,0.75,0,0,3,3,-1
friend_harsh_,google_ml_engineer,general,0.44,0.55,7,3,9,0.3656,0.725,0.5,1.0,0.75,0,1,3,3,-1
friend_harsh_,google_swe_early_career,general,0.68,0.8,6,1,2,0.4206,0.725,0.5,1.0,0.75,0,1,3,3,1
friend_harsh_,google_swe_generalist,general,0.78,0.9333,9,4,1,0.4155,0.725,0.5,1.0,0.75,0,1,3,3,1
friend_harsh_,java_backend_developer,general,0.41,0.55,5,5,9,0.4615,0.925,1.0,1.0,0.75,0,0,3,3,1
friend_harsh_,junior_ml_engineer,general,0.395,0.6,5,4,8,0.1931,0.605,0.5,0.6,0.75,0,3,3,4,-1
friend_harsh_,laravel_developer,general,0.5111,0.5556,8,2,8,0.401,0.805,1.0,0.6,0.75,0,0,3,4,1
friend_harsh_,mern_stack_developer,general,0.5727,0.6364,10,4,8,0.5642,0.805,1.0,0.6,0.75,0,0,3,4,1
friend_harsh_,php_fullstack_developer,general,0.5619,0.7143,9,4,6,0.5972,0.805,1.0,0.6,0.75,0,0,3,4,1
friend_harsh_,software_engineer_general,general,0.45,0.5455,7,5,10,0.4588,0.925,1.0,1.0,0.75,0,0,3,3,1
friend_harsh_kanoo,android_developer,general,0.3,0.3,3,0,7,0.2664,0.53,0.5,0.6,0.5,0,1,3,4,-1
friend_harsh_kanoo,backend_swe_fullstack,general,0.5269,0.6154,11,5,10,0.3833,0.65,0.5,1.0,0.5,0,1,3,3,-1
friend_harsh_kanoo,data_scientist,general,0.4643,0.5714,5,3,6,0.3731,0.73,1.0,0.6,0.5,0,0,3,4,-1
friend_harsh_kanoo,flutter_developer_fresher,general,0.2083,0.25,2,1,9,0.2012,0.73,1.0,0.6,0.5,0,0,3,4,0
friend_harsh_kanoo,frontend_developer_fresher,general,0.8182,0.9091,8,2,1,0.3196,0.85,1.0,1.0,0.5,0,0,3,3,-1
friend_harsh_kanoo,fullstack_developer_fresher,general,0.625,0.7083,13,4,7,0.2497,0.85,1.0,1.0,0.5,0,0,3,3,-1
friend_harsh_kanoo,fullstack_developer_general,general,0.5219,0.625,13,6,12,0.3054,0.73,1.0,0.6,0.5,0,0,3,4,-1
friend_harsh_kanoo,golang_backend_developer,general,0.6786,0.7857,8,2,3,0.2969,0.85,1.0,1.0,0.5,0,0,3,3,-1
friend_harsh_kanoo,google_ml_engineer,general,0.565,0.7,9,5,6,0.3759,0.65,0.5,1.0,0.5,0,1,3,3,-1
friend_harsh_kanoo,google_swe_early_career,general,0.6,0.7,5,2,3,0.2728,0.65,0.5,1.0,0.5,0,1,3,3,-1
friend_harsh_kanoo,google_swe_generalist,general,0.8,0.8667,11,2,2,0.2807,0.65,0.5,1.0,0.5,0,1,3,3,-1
friend_harsh_kanoo,java_backend_developer,general,0.365,0.45,6,2,11,0.2395,0.85,1.0,1.0,0.5,0,0,3,3,-1
friend_harsh_kanoo,junior_ml_engineer,general,0.545,0.75,8,5,5,0.353,0.53,0.5,0.6,0.5,0,3,3,4,-1
friend_harsh_kanoo,laravel_developer,general,0.6222,0.7222,9,4,5,0.2306,0.73,1.0,0.6,0.5,0,0,3,4,-1
friend_harsh_kanoo,mern_stack_developer,general,0.6136,0.6364,13,1,8,0.2828,0.73,1.0,0.6,0.5,0,0,3,4,-1
friend_harsh_kanoo,php_fullstack_developer,general,0.5,0.6667,7,6,7,0.2488,0.73,1.0,0.6,0.5,0,0,3,4,-1
friend_harsh_kanoo,software_engineer_general,general,0.4318,0.5,8,2,11,0.3484,0.85,1.0,1.0,0.5,0,0,3,3,-1
friend_harsh_kumar,android_developer,general,0.14,0.2,0,2,8,0.2886,0.68,0.5,0.6,1.0,0,1,3,4,0
friend_harsh_kumar,backend_swe_fullstack,general,0.4269,0.5,8,5,13,0.4876,0.8,0.5,1.0,1.0,0,1,3,3,1
friend_harsh_kumar,data_scientist,general,0.1786,0.2857,1,2,10,0.2497,0.88,1.0,0.6,1.0,0,0,3,4,0
friend_harsh_kumar,flutter_developer_fresher,general,0.225,0.3333,1,3,8,0.4181,0.88,1.0,0.6,1.0,0,0,3,4,-1
friend_harsh_kumar,frontend_developer_fresher,general,0.7727,0.9091,7,3,1,0.5594,1.0,1.0,1.0,1.0,0,0,3,3,1
friend_harsh_kumar,fullstack_developer_fresher,general,0.5792,0.7083,10,7,7,0.6344,1.0,1.0,1.0,1.0,0,0,3,3,1
friend_harsh_kumar,fullstack_developer_general,general,0.4781,0.5938,10,9,13,0.4198,0.88,1.0,0.6,1.0,0,0,3,4,1
friend_harsh_kumar,golang_backend_developer,general,0.3857,0.4286,4,2,8,0.4106,1.0,1.0,1.0,1.0,0,0,3,3,-1
friend_harsh_kumar,google_ml_engineer,general,0.285,0.4,3,4,12,0.311,0.8,0.5,1.0,1.0,0,1,3,3,-1
friend_harsh_kumar,google_swe_early_career,general,0.39,0.5,2,3,5,0.3613,0.8,0.5,1.0,1.0,0,1,3,3,-1
friend_harsh_kumar,google_swe_generalist,general,0.6267,0.7333,7,4,4,0.3974,0.8,0.5,1.0,1.0,0,1,3,3,-1
friend_harsh_kumar,java_backend_developer,general,0.32,0.45,3,6,11,0.3944,1.0,1.0,1.0,1.0,0,0,3,3,-1
friend_harsh_kumar,junior_ml_engineer,general,0.28,0.45,3,3,11,0.299,0.68,0.5,0.6,1.0,0,3,3,4,0
friend_harsh_kumar,laravel_developer,general,0.55,0.7222,6,7,5,0.3749,0.88,1.0,0.6,1.0,0,0,3,4,-1
friend_harsh_kumar,mern_stack_developer,general,0.6091,0.6818,11,4,7,0.5874,0.88,1.0,0.6,1.0,0,0,3,4,1
friend_harsh_kumar,php_fullstack_developer,general,0.3619,0.4762,4,6,11,0.5229,0.88,1.0,0.6,1.0,0,0,3,4,-1
friend_harsh_kumar,software_engineer_general,general,0.3909,0.4545,6,4,12,0.4672,1.0,1.0,1.0,1.0,0,0,3,3,-1
friend_harshit_jaiswal,android_developer,general,0.8,0.8,8,0,2,0.3632,0.56,0.5,0.2,1.0,0,1,1,4,-1
friend_harshit_jaiswal,backend_swe_fullstack,general,0.7077,0.8462,14,8,4,0.3349,0.8,0.5,1.0,1.0,0,1,1,3,-1
friend_harshit_jaiswal,data_scientist,general,0.3286,0.5,3,2,7,0.1436,0.76,1.0,0.2,1.0,0,0,1,4,-1
friend_harshit_jaiswal,flutter_developer_fresher,general,0.6917,0.75,8,0,3,0.5896,0.76,1.0,0.2,1.0,0,0,1,4,1
friend_harshit_jaiswal,frontend_developer_fresher,general,0.7273,0.9091,6,4,1,0.4013,1.0,1.0,1.0,1.0,0,0,1,3,1
friend_harshit_jaiswal,fullstack_developer_fresher,general,0.6333,0.75,12,5,6,0.4628,1.0,1.0,1.0,1.0,0,0,1,3,1
friend_harshit_jaiswal,fullstack_developer_general,general,0.55,0.7188,13,7,9,0.2657,0.76,1.0,0.2,1.0,0,0,1,4,-1
friend_harshit_jaiswal,golang_backend_developer,general,0.7143,0.8571,8,3,2,0.2468,1.0,1.0,1.0,1.0,0,0,1,3,-1
friend_harshit_jaiswal,google_ml_engineer,general,0.52,0.7,8,3,6,0.184,0.8,0.5,1.0,1.0,0,1,1,3,-1
friend_harshit_jaiswal,google_swe_early_career,general,0.85,1.0,7,3,0,0.2661,0.8,0.5,1.0,1.0,0,1,1,3,-1
friend_harshit_jaiswal,google_swe_generalist,general,0.8467,1.0,10,5,0,0.2588,0.8,0.5,1.0,1.0,0,1,1,3,-1
friend_harshit_jaiswal,java_backend_developer,general,0.45,0.7,6,3,6,0.3111,1.0,1.0,1.0,1.0,0,0,1,3,-1
friend_harshit_jaiswal,junior_ml_engineer,general,0.45,0.7,6,3,6,0.1618,0.56,0.5,0.2,1.0,0,3,1,4,-1
friend_harshit_jaiswal,laravel_developer,general,0.5556,0.6667,8,3,6,0.1902,0.76,1.0,0.2,1.0,0,0,1,4,-1
friend_harshit_jaiswal,mern_stack_developer,general,0.6091,0.6818,11,4,7,0.3141,0.76,1.0,0.2,1.0,0,0,1,4,-1
friend_harshit_jaiswal,php_fullstack_developer,general,0.5667,0.8095,8,5,4,0.3802,0.76,1.0,0.2,1.0,0,0,1,4,-1
friend_harshit_jaiswal,software_engineer_general,general,0.5045,0.7273,7,6,6,0.2599,1.0,1.0,1.0,1.0,0,0,1,3,-1
friend_himanshu_,android_developer,general,0.14,0.2,0,2,8,0.2678,0.68,0.5,0.6,1.0,0,1,3,4,0
friend_himanshu_,backend_swe_fullstack,general,0.3885,0.4231,8,3,15,0.5238,0.8,0.5,1.0,1.0,0,1,3,3,-1
friend_himanshu_,data_scientist,general,0.4143,0.5714,4,2,6,0.3875,0.88,1.0,0.6,1.0,0,0,3,4,-1
friend_himanshu_,flutter_developer_fresher,general,0.225,0.3333,1,3,8,0.4031,0.88,1.0,0.6,1.0,0,0,3,4,-1
friend_himanshu_,frontend_developer_fresher,general,0.6545,0.8182,5,4,2,0.5491,1.0,1.0,1.0,1.0,0,0,3,3,1
friend_himanshu_,fullstack_developer_fresher,general,0.4833,0.5833,8,6,10,0.634,1.0,1.0,1.0,1.0,0,0,3,3,1
friend_himanshu_,fullstack_developer_general,general,0.45,0.5312,11,6,15,0.4086,0.88,1.0,0.6,1.0,0,0,3,4,1
friend_himanshu_,golang_backend_developer,general,0.5071,0.5714,5,3,6,0.4099,1.0,1.0,1.0,1.0,0,0,3,3,1
friend_himanshu_,google_ml_engineer,general,0.335,0.5,3,5,10,0.3648,0.8,0.5,1.0,1.0,0,1,3,3,-1
friend_himanshu_,google_swe_early_career,general,0.44,0.6,2,3,4,0.373,0.8,0.5,1.0,1.0,0,1,3,3,-1
friend_himanshu_,google_swe_generalist,general,0.6067,0.7333,6,4,4,0.4134,0.8,0.5,1.0,1.0,0,1,3,3,1
friend_himanshu_,java_backend_developer,general,0.22,0.3,2,4,14,0.4413,1.0,1.0,1.0,1.0,0,0,3,3,-1
friend_himanshu_,junior_ml_engineer,general,0.315,0.5,3,4,10,0.2872,0.68,0.5,0.6,1.0,0,3,3,4,-1
friend_himanshu_,laravel_developer,general,0.4111,0.5,5,4,9,0.4226,0.88,1.0,0.6,1.0,0,0,3,4,1
friend_himanshu_,mern_stack_developer,general,0.5727,0.6364,10,4,8,0.5231,0.88,1.0,0.6,1.0,0,0,3,4,1
friend_himanshu_,php_fullstack_developer,general,0.381,0.5238,5,4,10,0.6349,0.88,1.0,0.6,1.0,0,0,3,4,-1
friend_himanshu_,software_engineer_general,general,0.3364,0.4091,5,4,13,0.4556,1.0,1.0,1.0,1.0,0,0,3,3,-1
friend_himanshu_bhandari,android_developer,general,0.3,0.3,3,0,7,0.3988,0.605,0.5,0.6,0.75,0,1,3,4,-1
friend_himanshu_bhandari,backend_swe_fullstack,general,0.5923,0.6923,12,6,8,0.4934,0.725,0.5,1.0,0.75,0,1,3,3,1
friend_himanshu_bhandari,data_scientist,general,0.3429,0.5,3,2,7,0.3586,0.805,1.0,0.6,0.75,0,0,3,4,-1
friend_himanshu_bhandari,flutter_developer_fresher,general,0.275,0.3333,3,0,8,0.4084,0.805,1.0,0.6,0.75,0,0,3,4,-1
friend_himanshu_bhandari,frontend_developer_fresher,general,0.7455,0.9091,6,4,1,0.5139,0.925,1.0,1.0,0.75,0,0,3,3,1
friend_himanshu_bhandari,fullstack_developer_fresher,general,0.5917,0.6667,12,4,8,0.5251,0.925,1.0,1.0,0.75,0,0,3,3,1
friend_himanshu_bhandari,fullstack_developer_general,general,0.4688,0.5938,11,6,13,0.4537,0.805,1.0,0.6,0.75,0,0,3,4,1
friend_himanshu_bhandari,golang_backend_developer,general,0.6071,0.7143,7,2,4,0.3866,0.925,1.0,1.0,0.75,0,0,3,3,-1
friend_himanshu_bhandari,google_ml_engineer,general,0.44,0.6,6,4,8,0.3879,0.725,0.5,1.0,0.75,0,1,3,3,-1
friend_himanshu_bhandari,google_swe_early_career,general,0.55,0.7,4,2,3,0.4287,0.725,0.5,1.0,0.75,0,1,3,3,1
friend_himanshu_bhandari,google_swe_generalist,general,0.7467,0.8667,9,3,2,0.4469,0.725,0.5,1.0,0.75,0,1,3,3,1
friend_himanshu_bhandari,java_backend_developer,general,0.315,0.45,4,3,11,0.3641,0.925,1.0,1.0,0.75,0,0,3,3,-1
friend_himanshu_bhandari,junior_ml_engineer,general,0.38,0.55,5,3,9,0.3042,0.605,0.5,0.6,0.75,0,3,3,4,-1
friend_himanshu_bhandari,laravel_developer,general,0.5833,0.6667,9,3,6,0.3495,0.805,1.0,0.6,0.75,0,0,3,4,-1
friend_himanshu_bhandari,mern_stack_developer,general,0.5636,0.5909,11,2,9,0.4444,0.805,1.0,0.6,0.75,0,0,3,4,1
friend_himanshu_bhandari,php_fullstack_developer,general,0.5286,0.7143,8,4,6,0.4821,0.805,1.0,0.6,0.75,0,0,3,4,1
friend_himanshu_bhandari,software_engineer_general,general,0.3955,0.5,6,4,11,0.4725,0.925,1.0,1.0,0.75,0,0,3,3,-1
friend_himanshu_kumar,android_developer,general,0.37,0.4,3,1,6,0.1779,0.68,0.5,0.6,1.0,0,1,3,4,-1
friend_himanshu_kumar,backend_swe_fullstack,general,0.4615,0.5769,9,6,11,0.3498,0.8,0.5,1.0,1.0,0,1,3,3,-1
friend_himanshu_kumar,data_scientist,general,0.4643,0.5,6,1,7,0.3661,0.88,1.0,0.6,1.0,0,0,3,4,-1
friend_himanshu_kumar,flutter_developer_fresher,general,0.125,0.1667,1,1,10,0.2186,0.88,1.0,0.6,1.0,0,0,3,4,0
friend_himanshu_kumar,frontend_developer_fresher,general,0.2909,0.4545,1,4,6,0.2934,1.0,1.0,1.0,1.0,0,0,3,3,0
friend_himanshu_kumar,fullstack_developer_fresher,general,0.3417,0.4583,5,6,13,0.2261,1.0,1.0,1.0,1.0,0,0,3,3,-1
friend_himanshu_kumar,fullstack_developer_general,general,0.3531,0.5,7,7,16,0.2114,0.88,1.0,0.6,1.0,0,0,3,4,-1
friend_himanshu_kumar,golang_backend_developer,general,0.6429,0.7857,7,3,3,0.228,1.0,1.0,1.0,1.0,0,0,3,3,-1
friend_himanshu_kumar,google_ml_engineer,general,0.435,0.55,6,5,9,0.2635,0.8,0.5,1.0,1.0,0,1,3,3,-1
friend_himanshu_kumar,google_swe_early_career,general,0.67,0.8,5,3,2,0.2603,0.8,0.5,1.0,1.0,0,1,3,3,-1
friend_himanshu_kumar,google_swe_generalist,general,0.6933,0.8,8,4,3,0.2626,0.8,0.5,1.0,1.0,0,1,3,3,-1
friend_himanshu_kumar,java_backend_developer,general,0.37,0.55,5,3,9,0.2404,1.0,1.0,1.0,1.0,0,0,3,3,-1
friend_himanshu_kumar,junior_ml_engineer,general,0.41,0.55,5,6,9,0.3247,0.68,0.5,0.6,1.0,0,3,3,4,-1
friend_himanshu_kumar,laravel_developer,general,0.2444,0.3333,2,4,12,0.2251,0.88,1.0,0.6,1.0,0,0,3,4,0
friend_himanshu_kumar,mern_stack_developer,general,0.3045,0.3636,5,3,14,0.246,0.88,1.0,0.6,1.0,0,0,3,4,-1
friend_himanshu_kumar,php_fullstack_developer,general,0.2857,0.4286,3,5,12,0.3312,0.88,1.0,0.6,1.0,0,0,3,4,-1
friend_himanshu_kumar,software_engineer_general,general,0.3455,0.5,5,4,11,0.2876,1.0,1.0,1.0,1.0,0,0,3,3,-1
friend_himanshu_singh,android_developer,general,0.5,0.5,5,0,5,0.2898,0.88,1.0,0.6,1.0,1,1,3,4,-1
friend_himanshu_singh,backend_swe_fullstack,general,0.5654,0.6538,12,4,9,0.4775,1.0,1.0,1.0,1.0,1,1,3,3,1
friend_himanshu_singh,data_scientist,general,0.3929,0.5,4,3,7,0.2912,0.88,1.0,0.6,1.0,1,0,3,4,-1
friend_himanshu_singh,flutter_developer_fresher,general,0.2917,0.3333,3,1,8,0.3991,0.88,1.0,0.6,1.0,1,0,3,4,-1
friend_himanshu_singh,frontend_developer_fresher,general,0.6091,0.7273,5,3,3,0.6636,1.0,1.0,1.0,1.0,1,0,3,3,1
friend_himanshu_singh,fullstack_developer_fresher,general,0.5667,0.6667,10,6,8,0.5979,1.0,1.0,1.0,1.0,1,0,3,3,1
friend_himanshu_singh,fullstack_developer_general,general,0.5906,0.6875,15,6,10,0.4087,0.88,1.0,0.6,1.0,1,0,3,4,1
friend_himanshu_singh,golang_backend_developer,general,0.7,0.7857,9,1,3,0.4019,1.0,1.0,1.0,1.0,1,0,3,3,1
friend_himanshu_singh,google_ml_engineer,general,0.58,0.7,10,3,6,0.3952,1.0,1.0,1.0,1.0,1,1,3,3,-1
friend_himanshu_singh,google_swe_early_career,general,0.63,0.8,5,2,2,0.3871,1.0,1.0,1.0,1.0,1,1,3,3,-1
friend_himanshu_singh,google_swe_generalist,general,0.7133,0.8667,8,4,2,0.4357,1.0,1.0,1.0,1.0,1,1,3,3,1
friend_himanshu_singh,java_backend_developer,general,0.48,0.65,7,3,7,0.3453,1.0,1.0,1.0,1.0,1,0,3,3,-1
friend_himanshu_singh,junior_ml_engineer,general,0.46,0.65,7,3,7,0.3504,0.64,0.4,0.6,1.0,1,3,3,4,-1
friend_himanshu_singh,laravel_developer,general,0.3833,0.4444,5,3,10,0.3255,0.88,1.0,0.6,1.0,1,0,3,4,-1
friend_himanshu_singh,mern_stack_developer,general,0.5955,0.6364,11,3,8,0.4646,0.88,1.0,0.6,1.0,1,0,3,4,1
friend_himanshu_singh,php_fullstack_developer,general,0.5762,0.7619,9,4,5,0.5177,0.88,1.0,0.6,1.0,1,0,3,4,1
friend_himanshu_singh,software_engineer_general,general,0.5773,0.7273,9,6,6,0.3693,1.0,1.0,1.0,1.0,1,0,3,3,-1
friend_himanshu_yadav,android_developer,general,0.37,0.4,3,1,6,0.3007,0.68,0.5,0.6,1.0,0,1,3,4,-1
friend_himanshu_yadav,backend_swe_fullstack,general,0.45,0.6154,7,9,10,0.4657,0.8,0.5,1.0,1.0,0,1,3,3,1
friend_himanshu_yadav,data_scientist,general,0.25,0.2857,3,1,10,0.275,0.88,1.0,0.6,1.0,0,0,3,4,0
friend_himanshu_yadav,flutter_developer_fresher,general,0.1667,0.25,1,1,9,0.4599,0.88,1.0,0.6,1.0,0,0,3,4,-1
friend_himanshu_yadav,frontend_developer_fresher,general,0.5909,0.7273,5,3,3,0.4769,1.0,1.0,1.0,1.0,0,0,3,3,1
friend_himanshu_yadav,fullstack_developer_fresher,general,0.5333,0.75,8,8,6,0.5159,1.0,1.0,1.0,1.0,0,0,3,3,1
friend_himanshu_yadav,fullstack_developer_general,general,0.4406,0.6562,8,9,11,0.3596,0.88,1.0,0.6,1.0,0,0,3,4,-1
friend_himanshu_yadav,golang_backend_developer,general,0.6429,0.7857,7,3,3,0.3395,1.0,1.0,1.0,1.0,0,0,3,3,-1
friend_himanshu_yadav,google_ml_engineer,general,0.335,0.45,4,5,11,0.3286,0.8,0.5,1.0,1.0,0,1,3,3,-1
friend_himanshu_yadav,google_swe_early_career,general,0.47,0.6,3,3,4,0.3135,0.8,0.5,1.0,1.0,0,1,3,3,-1
friend_himanshu_yadav,google_swe_generalist,general,0.5467,0.6667,6,4,5,0.3145,0.8,0.5,1.0,1.0,0,1,3,3,-1
friend_himanshu_yadav,java_backend_developer,general,0.385,0.7,3,6,6,0.3577,1.0,1.0,1.0,1.0,0,0,3,3,-1
friend_himanshu_yadav,junior_ml_engineer,general,0.2,0.25,3,2,15,0.2055,0.68,0.5,0.6,1.0,0,3,3,4,0
friend_himanshu_yadav,laravel_developer,general,0.5278,0.7222,6,6,5,0.2967,0.88,1.0,0.6,1.0,0,0,3,4,-1
friend_himanshu_yadav,mern_stack_developer,general,0.4773,0.6364,7,6,8,0.465,0.88,1.0,0.6,1.0,0,0,3,4,1
friend_himanshu_yadav,php_fullstack_developer,general,0.4619,0.8095,4,8,4,0.4424,0.88,1.0,0.6,1.0,0,0,3,4,1
friend_himanshu_yadav,software_engineer_general,general,0.4364,0.7273,4,8,6,0.4064,1.0,1.0,1.0,1.0,0,0,3,3,1
friend_ishant_singh,android_developer,general,0.14,0.2,0,2,8,0.277,0.605,0.5,0.6,0.75,0,1,3,4,0
friend_ishant_singh,backend_swe_fullstack,general,0.3615,0.4231,7,4,15,0.4819,0.725,0.5,1.0,0.75,0,1,3,3,-1
friend_ishant_singh,data_scientist,general,0.3214,0.4286,3,2,8,0.3349,0.805,1.0,0.6,0.75,0,0,3,4,-1
friend_ishant_singh,flutter_developer_fresher,general,0.1,0.1667,0,2,10,0.3698,0.805,1.0,0.6,0.75,0,0,3,4,-1
friend_ishant_singh,frontend_developer_fresher,general,0.6818,0.8182,6,3,2,0.6004,0.925,1.0,1.0,0.75,0,0,3,3,1
friend_ishant_singh,fullstack_developer_fresher,general,0.3625,0.5,5,6,12,0.5198,0.925,1.0,1.0,0.75,0,0,3,3,-1
friend_ishant_singh,fullstack_developer_general,general,0.3719,0.5,7,9,16,0.4682,0.805,1.0,0.6,0.75,0,0,3,4,-1
friend_ishant_singh,golang_backend_developer,general,0.3857,0.4286,4,2,8,0.3921,0.925,1.0,1.0,0.75,0,0,3,3,-1
friend_ishant_singh,google_ml_engineer,general,0.36,0.5,4,5,10,0.3663,0.725,0.5,1.0,0.75,0,1,3,3,-1
friend_ishant_singh,google_swe_early_career,general,0.49,0.6,3,3,4,0.4209,0.725,0.5,1.0,0.75,0,1,3,3,1
friend_ishant_singh,google_swe_generalist,general,0.6733,0.8,7,5,3,0.4834,0.725,0.5,1.0,0.75,0,1,3,3,1
friend_ishant_singh,java_backend_developer,general,0.22,0.3,2,4,14,0.3437,0.925,1.0,1.0,0.75,0,0,3,3,-1
friend_ishant_singh,junior_ml_engineer,general,0.28,0.5,2,5,10,0.395,0.605,0.5,0.6,0.75,0,3,3,4,-1
friend_ishant_singh,laravel_developer,general,0.3944,0.5,4,5,9,0.3581,0.805,1.0,0.6,0.75,0,0,3,4,-1
friend_ishant_singh,mern_stack_developer,general,0.3727,0.4545,6,3,12,0.4906,0.805,1.0,0.6,0.75,0,0,3,4,-1
friend_ishant_singh,php_fullstack_developer,general,0.2095,0.2857,2,4,15,0.4782,0.805,1.0,0.6,0.75,0,0,3,4,-1
friend_ishant_singh,software_engineer_general,general,0.2818,0.3182,5,2,15,0.4065,0.925,1.0,1.0,0.75,0,0,3,3,-1
friend_jai_bhatia,android_developer,general,0.2,0.2,2,0,8,0.3059,0.485,0.5,0.2,0.75,0,1,1,4,-1
friend_jai_bhatia,backend_swe_fullstack,general,0.4,0.5,7,6,13,0.447,0.725,0.5,1.0,0.75,0,1,1,3,-1
friend_jai_bhatia,data_scientist,general,0.2643,0.2857,3,1,10,0.2099,0.685,1.0,0.2,0.75,0,0,1,4,0
friend_jai_bhatia,flutter_developer_fresher,general,0.1083,0.1667,1,0,10,0.4196,0.685,1.0,0.2,0.75,0,0,1,4,-1
friend_jai_bhatia,frontend_developer_fresher,general,0.5909,0.7273,5,3,3,0.5497,0.925,1.0,1.0,0.75,0,0,1,3,1
friend_jai_bhatia,fullstack_developer_fresher,general,0.5708,0.6667,11,5,8,0.6242,0.925,1.0,1.0,0.75,0,0,1,3,1
friend_jai_bhatia,fullstack_developer_general,general,0.4375,0.5625,10,6,14,0.4444,0.685,1.0,0.2,0.75,0,0,1,4,1
friend_jai_bhatia,golang_backend_developer,general,0.4857,0.5714,6,1,6,0.3775,0.925,1.0,1.0,0.75,0,0,1,3,-1
friend_jai_bhatia,google_ml_engineer,general,0.275,0.35,4,3,13,0.259,0.725,0.5,1.0,0.75,0,1,1,3,0
friend_jai_bhatia,google_swe_early_career,general,0.45,0.5,4,1,5,0.3619,0.725,0.5,1.0,0.75,0,1,1,3,-1
friend_jai_bhatia,google_swe_generalist,general,0.6133,0.6667,8,2,5,0.3963,0.725,0.5,1.0,0.75,0,1,1,3,-1
friend_jai_bhatia,java_backend_developer,general,0.265,0.4,3,3,12,0.3173,0.925,1.0,1.0,0.75,0,0,1,3,-1
friend_jai_bhatia,junior_ml_engineer,general,0.15,0.2,2,2,16,0.1669,0.485,0.5,0.2,0.75,0,3,1,4,0
friend_jai_bhatia,laravel_developer,general,0.5556,0.6667,8,4,6,0.3108,0.685,1.0,0.2,0.75,0,0,1,4,-1
friend_jai_bhatia,mern_stack_developer,general,0.5409,0.5909,10,3,9,0.5311,0.685,1.0,0.2,0.75,0,0,1,4,1
friend_jai_bhatia,php_fullstack_developer,general,0.4571,0.6667,6,5,7,0.4791,0.685,1.0,0.2,0.75,0,0,1,4,1
friend_jai_bhatia,software_engineer_general,general,0.3955,0.5,6,4,11,0.425,0.925,1.0,1.0,0.75,0,0,1,3,-1
friend_jalaj_dabas,android_developer,general,0.57,0.6,5,1,4,0.2706,0.68,0.5,0.6,1.0,0,1,3,4,-1
friend_jalaj_dabas,backend_swe_fullstack,general,0.7923,0.9231,16,8,2,0.5263,0.8,0.5,1.0,1.0,0,1,3,3,1
friend_jalaj_dabas,data_scientist,general,0.4071,0.5714,3,5,6,0.3135,0.88,1.0,0.6,1.0,0,0,3,4,-1
friend_jalaj_dabas,flutter_developer_fresher,general,0.3333,0.3333,4,0,8,0.3451,0.88,1.0,0.6,1.0,0,0,3,4,-1
friend_jalaj_dabas,frontend_developer_fresher,general,0.7273,0.9091,6,4,1,0.6163,1.0,1.0,1.0,1.0,0,0,3,3,1
friend_jalaj_dabas,fullstack_developer_fresher,general,0.775,0.875,15,6,3,0.5528,1.0,1.0,1.0,1.0,0,0,3,3,1
friend_jalaj_dabas,fullstack_developer_general,general,0.6969,0.8125,17,9,6,0.3935,0.88,1.0,0.6,1.0,0,0,3,4,-1
friend_jalaj_dabas,golang_backend_developer,general,0.8357,0.9286,10,3,1,0.3916,1.0,1.0,1.0,1.0,0,0,3,3,-1
friend_jalaj_dabas,google_ml_engineer,general,0.675,0.85,10,7,3,0.427,0.8,0.5,1.0,1.0,0,1,3,3,1
friend_jalaj_dabas,google_swe_early_career,general,0.75,0.8,7,1,2,0.4254,0.8,0.5,1.0,1.0,0,1,3,3,1
friend_jalaj_dabas,google_swe_generalist,general,0.8933,1.0,11,4,0,0.4594,0.8,0.5,1.0,1.0,0,1,3,3,1
friend_jalaj_dabas,java_backend_developer,general,0.655,0.8,9,7,4,0.3803,1.0,1.0,1.0,1.0,0,0,3,3,-1
friend_jalaj_dabas,junior_ml_engineer,general,0.53,0.8,6,8,4,0.3516,0.68,0.5,0.6,1.0,0,3,3,4,-1
friend_jalaj_dabas,laravel_developer,general,0.65,0.7222,10,3,5,0.3622,0.88,1.0,0.6,1.0,0,0,3,4,-1
friend_jalaj_dabas,mern_stack_developer,general,0.7545,0.8182,14,4,4,0.5199,0.88,1.0,0.6,1.0,0,0,3,4,1
friend_jalaj_dabas,php_fullstack_developer,general,0.5571,0.619,10,3,8,0.4776,0.88,1.0,0.6,1.0,0,0,3,4,1
friend_jalaj_dabas,software_engineer_general,general,0.7318,0.8636,12,7,3,0.441,1.0,1.0,1.0,1.0,0,0,3,3,1
friend_jalaj_sharma,android_developer,general,0.24,0.3,1,2,7,0.2219,0.68,0.5,0.6,1.0,0,1,3,4,0
friend_jalaj_sharma,backend_swe_fullstack,general,0.3538,0.4615,6,5,14,0.4635,0.8,0.5,1.0,1.0,0,1,3,3,-1
friend_jalaj_sharma,data_scientist,general,0.4143,0.5,4,3,7,0.5386,0.88,1.0,0.6,1.0,0,0,3,4,1
friend_jalaj_sharma,flutter_developer_fresher,general,0.2667,0.3333,2,2,8,0.316,0.88,1.0,0.6,1.0,0,0,3,4,-1
friend_jalaj_sharma,frontend_developer_fresher,general,0.3636,0.4545,3,2,6,0.479,1.0,1.0,1.0,1.0,0,0,3,3,-1
friend_jalaj_sharma,fullstack_developer_fresher,general,0.3,0.375,5,3,15,0.4009,1.0,1.0,1.0,1.0,0,0,3,3,-1
friend_jalaj_sharma,fullstack_developer_general,general,0.35,0.4688,7,6,17,0.3759,0.88,1.0,0.6,1.0,0,0,3,4,-1
friend_jalaj_sharma,golang_backend_developer,general,0.4429,0.5,5,2,7,0.3472,1.0,1.0,1.0,1.0,0,0,3,3,-1
friend_jalaj_sharma,google_ml_engineer,general,0.33,0.4,5,3,12,0.3888,0.8,0.5,1.0,1.0,0,1,3,3,-1
friend_jalaj_sharma,google_swe_early_career,general,0.44,0.6,3,2,4,0.3558,0.8,0.5,1.0,1.0,0,1,3,3,-1
friend_jalaj_sharma,google_swe_generalist,general,0.4733,0.6,5,3,6,0.4063,0.8,0.5,1.0,1.0,0,1,3,3,1
friend_jalaj_sharma,java_backend_developer,general,0.235,0.3,3,2,14,0.3485,1.0,1.0,1.0,1.0,0,0,3,3,-1
friend_jalaj_sharma,junior_ml_engineer,general,0.415,0.5,7,3,10,0.3919,0.68,0.5,0.6,1.0,0,3,3,4,-1
friend_jalaj_sharma,laravel_developer,general,0.3444,0.3889,5,2,11,0.3448,0.88,1.0,0.6,1.0,0,0,3,4,-1
friend_jalaj_sharma,mern_stack_developer,general,0.3364,0.4545,4,5,12,0.3906,0.88,1.0,0.6,1.0,0,0,3,4,-1
friend_jalaj_sharma,php_fullstack_developer,general,0.3238,0.5238,3,5,10,0.4695,0.88,1.0,0.6,1.0,0,0,3,4,-1
friend_jalaj_sharma,software_engineer_general,general,0.2818,0.4091,3,5,13,0.4397,1.0,1.0,1.0,1.0,0,0,3,3,-1
friend_jatin_soni,android_developer,general,0.37,0.4,3,1,6,0.1669,0.88,1.0,0.6,1.0,6,1,3,4,-1
friend_jatin_soni,backend_swe_fullstack,general,0.4192,0.5,8,5,13,0.3589,1.0,1.0,1.0,1.0,6,1,3,3,-1
friend_jatin_soni,data_scientist,general,0.6571,0.7143,8,2,4,0.3282,0.88,1.0,0.6,1.0,6,0,3,4,-1
friend_jatin_soni,flutter_developer_fresher,general,0.2083,0.25,2,1,9,0.1852,0.88,1.0,0.6,1.0,6,0,3,4,0
friend_jatin_soni,frontend_developer_fresher,general,0.5636,0.6364,5,2,4,0.2759,1.0,1.0,1.0,1.0,6,0,3,3,-1
friend_jatin_soni,fullstack_developer_fresher,general,0.35,0.375,7,2,15,0.1699,1.0,1.0,1.0,1.0,6,0,3,3,-1
friend_jatin_soni,fullstack_developer_general,general,0.3719,0.4375,9,4,18,0.2139,0.88,1.0,0.6,1.0,6,0,3,4,-1
friend_jatin_soni,golang_backend_developer,general,0.5571,0.6429,7,1,5,0.2095,1.0,1.0,1.0,1.0,6,0,3,3,-1
friend_jatin_soni,google_ml_engineer,general,0.445,0.55,6,5,9,0.2871,1.0,1.0,1.0,1.0,6,1,3,3,-1
friend_jatin_soni,google_swe_early_career,general,0.5,0.6,4,2,4,0.2459,1.0,1.0,1.0,1.0,6,1,3,3,-1
friend_jatin_soni,google_swe_generalist,general,0.6733,0.8,7,5,3,0.2139,1.0,1.0,1.0,1.0,6,1,3,3,-1
friend_jatin_soni,java_backend_developer,general,0.315,0.35,6,0,13,0.176,1.0,1.0,1.0,1.0,6,0,3,3,-1
friend_jatin_soni,junior_ml_engineer,general,0.415,0.6,5,5,8,0.3489,0.88,1.0,0.6,1.0,6,3,3,4,-1
friend_jatin_soni,laravel_developer,general,0.5056,0.5556,7,3,8,0.0969,0.88,1.0,0.6,1.0,6,0,3,4,-1
friend_jatin_soni,mern_stack_developer,general,0.3364,0.3636,6,2,14,0.2056,0.88,1.0,0.6,1.0,6,0,3,4,-1
friend_jatin_soni,php_fullstack_developer,general,0.2476,0.3333,3,3,14,0.231,0.88,1.0,0.6,1.0,6,0,3,4,0
friend_jatin_soni,software_engineer_general,general,0.3727,0.4545,6,3,12,0.3032,1.0,1.0,1.0,1.0,6,0,3,3,-1
friend_jitender_verma,android_developer,general,0.3,0.3,3,0,7,0.2038,0.605,0.5,0.6,0.75,0,1,3,4,-1
friend_jitender_verma,backend_swe_fullstack,general,0.5462,0.6538,11,5,9,0.4665,0.725,0.5,1.0,0.75,0,1,3,3,1
friend_jitender_verma,data_scientist,general,0.4357,0.5714,5,1,6,0.2365,0.805,1.0,0.6,0.75,0,0,3,4,-1
friend_jitender_verma,flutter_developer_fresher,general,0.125,0.1667,1,1,10,0.3653,0.805,1.0,0.6,0.75,0,0,3,4,-1
friend_jitender_verma,frontend_developer_fresher,general,0.6818,0.8182,6,3,2,0.4327,0.925,1.0,1.0,0.75,0,0,3,3,1
friend_jitender_verma,fullstack_developer_fresher,general,0.6333,0.75,12,6,6,0.525,0.925,1.0,1.0,0.75,0,0,3,3,1
friend_jitender_verma,fullstack_developer_general,general,0.5312,0.625,14,5,12,0.3064,0.805,1.0,0.6,0.75,0,0,3,4,-1
friend_jitender_verma,golang_backend_developer,general,0.7,0.7857,9,1,3,0.3238,0.925,1.0,1.0,0.75,0,0,3,3,-1
friend_jitender_verma,google_ml_engineer,general,0.49,0.7,6,5,6,0.2967,0.725,0.5,1.0,0.75,0,1,3,3,-1
friend_jitender_verma,google_swe_early_career,general,0.65,0.8,5,2,2,0.3368,0.725,0.5,1.0,0.75,0,1,3,3,-1
friend_jitender_verma,google_swe_generalist,general,0.8333,0.9333,11,2,1,0.3262,0.725,0.5,1.0,0.75,0,1,3,3,-1
friend_jitender_verma,java_backend_developer,general,0.485,0.65,7,5,7,0.3679,0.925,1.0,1.0,0.75,0,0,3,3,-1
friend_jitender_verma,junior_ml_engineer,general,0.35,0.6,4,3,8,0.2366,0.605,0.5,0.6,0.75,0,3,3,4,-1
friend_jitender_verma,laravel_developer,general,0.5833,0.7222,8,5,5,0.3321,0.805,1.0,0.6,0.75,0,0,3,4,-1
friend_jitender_verma,mern_stack_developer,general,0.6,0.6364,12,2,8,0.4314,0.805,1.0,0.6,0.75,0,0,3,4,1
friend_jitender_verma,php_fullstack_developer,general,0.5381,0.7619,7,6,5,0.5197,0.805,1.0,0.6,0.75,0,0,3,4,1
friend_jitender_verma,software_engineer_general,general,0.5091,0.6364,8,5,8,0.3685,0.925,1.0,1.0,0.75,0,0,3,3,-1
friend_kartik_verma,android_developer,general,0.5,0.5,5,0,5,0.2154,0.68,0.5,0.6,1.0,0,1,3,4,-1
friend_kartik_verma,backend_swe_fullstack,general,0.6808,0.8462,13,8,4,0.4733,0.8,0.5,1.0,1.0,0,1,3,3,1
friend_kartik_verma,data_scientist,general,0.3643,0.5,4,1,7,0.2495,0.88,1.0,0.6,1.0,0,0,3,4,-1
friend_kartik_verma,flutter_developer_fresher,general,0.4333,0.5,4,2,6,0.3678,0.88,1.0,0.6,1.0,0,0,3,4,-1
friend_kartik_verma,frontend_developer_fresher,general,0.8364,1.0,7,4,0,0.4616,1.0,1.0,1.0,1.0,0,0,3,3,1
friend_kartik_verma,fullstack_developer_fresher,general,0.6833,0.8333,12,8,4,0.5829,1.0,1.0,1.0,1.0,0,0,3,3,1
friend_kartik_verma,fullstack_developer_general,general,0.5687,0.7188,13,9,9,0.3463,0.88,1.0,0.6,1.0,0,0,3,4,-1
friend_kartik_verma,golang_backend_developer,general,0.7857,0.9286,9,3,1,0.2798,1.0,1.0,1.0,1.0,0,0,3,3,-1
friend_kartik_verma,google_ml_engineer,general,0.52,0.75,7,5,5,0.2755,0.8,0.5,1.0,1.0,0,1,3,3,-1
friend_kartik_verma,google_swe_early_career,general,0.63,0.8,5,2,2,0.3027,0.8,0.5,1.0,1.0,0,1,3,3,-1
friend_kartik_verma,google_swe_generalist,general,0.82,0.9333,11,2,1,0.3082,0.8,0.5,1.0,1.0,0,1,3,3,-1
friend_kartik_verma,java_backend_developer,general,0.53,0.8,6,7,4,0.3526,1.0,1.0,1.0,1.0,0,0,3,3,-1
friend_kartik_verma,junior_ml_engineer,general,0.51,0.8,6,5,4,0.1941,0.68,0.5,0.6,1.0,0,3,3,4,-1
friend_kartik_verma,laravel_developer,general,0.65,0.8333,8,7,3,0.3169,0.88,1.0,0.6,1.0,0,0,3,4,-1
friend_kartik_verma,mern_stack_developer,general,0.6545,0.7273,12,4,6,0.5091,0.88,1.0,0.6,1.0,0,0,3,4,1
friend_kartik_verma,php_fullstack_developer,general,0.5619,0.8571,6,9,3,0.5316,0.88,1.0,0.6,1.0,0,0,3,4,1
friend_kartik_verma,software_engineer_general,general,0.4909,0.6818,7,6,7,0.3586,1.0,1.0,1.0,1.0,0,0,3,3,-1
friend_ketan_anand,android_developer,general,0.24,0.3,1,2,7,0.3442,0.53,0.5,0.6,0.5,0,1,3,4,-1
friend_ketan_anand,backend_swe_fullstack,general,0.4115,0.4615,9,3,14,0.595,0.65,0.5,1.0,0.5,0,1,3,3,1
friend_ketan_anand,data_scientist,general,0.4857,0.5714,5,3,6,0.4039,0.73,1.0,0.6,0.5,0,0,3,4,1
friend_ketan_anand,flutter_developer_fresher,general,0.25,0.3333,2,2,8,0.3899,0.73,1.0,0.6,0.5,0,0,3,4,-1
friend_ketan_anand,frontend_developer_fresher,general,0.7273,0.9091,6,4,1,0.6427,0.85,1.0,1.0,0.5,0,0,3,3,1
friend_ketan_anand,fullstack_developer_fresher,general,0.425,0.5,8,4,12,0.5764,0.85,1.0,1.0,0.5,0,0,3,3,1
friend_ketan_anand,fullstack_developer_general,general,0.4594,0.5625,11,6,14,0.5071,0.73,1.0,0.6,0.5,0,0,3,4,1
friend_ketan_anand,golang_backend_developer,general,0.5,0.5714,6,1,6,0.4859,0.85,1.0,1.0,0.5,0,0,3,3,1
friend_ketan_anand,google_ml_engineer,general,0.42,0.55,6,4,9,0.5174,0.65,0.5,1.0,0.5,0,1,3,3,1
friend_ketan_anand,google_swe_early_career,general,0.59,0.7,4,3,3,0.4622,0.65,0.5,1.0,0.5,0,1,3,3,1
friend_ketan_anand,google_swe_generalist,general,0.7733,0.8667,9,4,2,0.4598,0.65,0.5,1.0,0.5,0,1,3,3,1
friend_ketan_anand,java_backend_developer,general,0.275,0.35,4,2,13,0.4296,0.85,1.0,1.0,0.5,0,0,3,3,-1
friend_ketan_anand,junior_ml_engineer,general,0.575,0.75,8,6,5,0.3968,0.53,0.5,0.6,0.5,0,3,3,4,-1
friend_ketan_anand,laravel_developer,general,0.4389,0.5,6,3,9,0.3653,0.73,1.0,0.6,0.5,0,0,3,4,-1
friend_ketan_anand,mern_stack_developer,general,0.4409,0.5,8,3,11,0.4914,0.73,1.0,0.6,0.5,0,0,3,4,1
friend_ketan_anand,php_fullstack_developer,general,0.2857,0.3333,5,1,14,0.5331,0.73,1.0,0.6,0.5,0,0,3,4,-1
friend_ketan_anand,software_engineer_general,general,0.3182,0.3636,6,1,14,0.549,0.85,1.0,1.0,0.5,0,0,3,3,-1
friend_krish_,android_developer,general,0.47,0.5,4,1,5,0.1372,0.68,0.5,0.6,1.0,0,1,3,4,-1
friend_krish_,backend_swe_fullstack,general,0.6192,0.7308,12,7,7,0.3804,0.8,0.5,1.0,1.0,0,1,3,3,-1
friend_krish_,data_scientist,general,0.4143,0.5,4,3,7,0.3768,0.88,1.0,0.6,1.0,0,0,3,4,-1
friend_krish_,flutter_developer_fresher,general,0.1917,0.25,2,0,9,0.2043,0.88,1.0,0.6,1.0,0,0,3,4,0
friend_krish_,frontend_developer_fresher,general,0.7,0.9091,5,5,1,0.3856,1.0,1.0,1.0,1.0,0,0,3,3,-1
friend_krish_,fullstack_developer_fresher,general,0.6333,0.75,12,6,6,0.2641,1.0,1.0,1.0,1.0,0,0,3,3,-1
friend_krish_,fullstack_developer_general,general,0.5437,0.6875,12,9,10,0.2475,0.88,1.0,0.6,1.0,0,0,3,4,-1
friend_krish_,golang_backend_developer,general,0.7071,0.8571,7,5,2,0.2364,1.0,1.0,1.0,1.0,0,0,3,3,-1
friend_krish_,google_ml_engineer,general,0.555,0.65,9,4,7,0.3903,0.8,0.5,1.0,1.0,0,1,3,3,-1
friend_krish_,google_swe_early_career,general,0.77,0.8,7,1,2,0.2528,0.8,0.5,1.0,1.0,0,1,3,3,-1
friend_krish_,google_swe_generalist,general,0.8933,0.9333,12,2,1,0.248,0.8,0.5,1.0,1.0,0,1,3,3,-1
friend_krish_,java_backend_developer,general,0.475,0.7,5,8,6,0.2869,1.0,1.0,1.0,1.0,0,0,3,3,-1
friend_krish_,junior_ml_engineer,general,0.58,0.7,9,5,6,0.3957,0.68,0.5,0.6,1.0,0,3,3,4,-1
friend_krish_,laravel_developer,general,0.5833,0.7222,8,5,5,0.2198,0.88,1.0,0.6,1.0,0,0,3,4,-1
friend_krish_,mern_stack_developer,general,0.5636,0.6364,10,4,8,0.2736,0.88,1.0,0.6,1.0,0,0,3,4,-1
friend_krish_,php_fullstack_developer,general,0.5857,0.8095,8,7,4,0.3456,0.88,1.0,0.6,1.0,0,0,3,4,-1
friend_krish_,software_engineer_general,general,0.5182,0.6818,7,7,7,0.2876,1.0,1.0,1.0,1.0,0,0,3,3,-1
friend_kumar_utsav,android_developer,general,0.5,0.5,5,0,5,0.2839,0.68,0.5,0.6,1.0,0,1,3,4,-1
friend_kumar_utsav,backend_swe_fullstack,general,0.4923,0.6154,10,5,10,0.4793,0.8,0.5,1.0,1.0,0,1,3,3,1
friend_kumar_utsav,data_scientist,general,0.3429,0.5,3,3,7,0.2331,0.88,1.0,0.6,1.0,0,0,3,4,-1
friend_kumar_utsav,flutter_developer_fresher,general,0.2083,0.25,2,1,9,0.4025,0.88,1.0,0.6,1.0,0,0,3,4,-1
friend_kumar_utsav,frontend_developer_fresher,general,0.7273,0.9091,6,4,1,0.4863,1.0,1.0,1.0,1.0,0,0,3,3,1
friend_kumar_utsav,fullstack_developer_fresher,general,0.4583,0.5833,8,5,10,0.5,1.0,1.0,1.0,1.0,0,0,3,3,1
friend_kumar_utsav,fullstack_developer_general,general,0.4531,0.5938,10,8,13,0.362,0.88,1.0,0.6,1.0,0,0,3,4,-1
friend_kumar_utsav,golang_backend_developer,general,0.6643,0.7857,8,2,3,0.3454,1.0,1.0,1.0,1.0,0,0,3,3,-1
friend_kumar_utsav,google_ml_engineer,general,0.575,0.7,9,5,6,0.2943,0.8,0.5,1.0,1.0,0,1,3,3,-1
friend_kumar_utsav,google_swe_early_career,general,0.63,0.8,5,2,2,0.3516,0.8,0.5,1.0,1.0,0,1,3,3,-1
friend_kumar_utsav,google_swe_generalist,general,0.7667,0.9333,9,4,1,0.3588,0.8,0.5,1.0,1.0,0,1,3,3,-1
friend_kumar_utsav,java_backend_developer,general,0.47,0.65,7,3,7,0.339,1.0,1.0,1.0,1.0,0,0,3,3,-1
friend_kumar_utsav,junior_ml_engineer,general,0.455,0.65,6,5,7,0.3691,0.68,0.5,0.6,1.0,0,3,3,4,-1
friend_kumar_utsav,laravel_developer,general,0.4667,0.5556,6,4,8,0.2838,0.88,1.0,0.6,1.0,0,0,3,4,-1
friend_kumar_utsav,mern_stack_developer,general,0.4091,0.5,7,3,11,0.467,0.88,1.0,0.6,1.0,0,0,3,4,1
friend_kumar_utsav,php_fullstack_developer,general,0.3333,0.4762,4,5,11,0.4288,0.88,1.0,0.6,1.0,0,0,3,4,-1
friend_kumar_utsav,software_engineer_general,general,0.3682,0.5,6,3,11,0.3624,1.0,1.0,1.0,1.0,0,0,3,3,-1
friend_kunal_,android_developer,general,0.17,0.2,1,1,8,0.1654,0.68,0.5,0.6,1.0,0,1,3,4,0
friend_kunal_,backend_swe_fullstack,general,0.3615,0.4615,6,6,14,0.4111,0.8,0.5,1.0,1.0,0,1,3,3,-1
friend_kunal_,data_scientist,general,0.1429,0.1429,2,0,12,0.2548,0.88,1.0,0.6,1.0,0,0,3,4,0
friend_kunal_,flutter_developer_fresher,general,0.1,0.1667,0,2,10,0.3189,0.88,1.0,0.6,1.0,0,0,3,4,-1
friend_kunal_,frontend_developer_fresher,general,0.5455,0.7273,4,4,3,0.4837,1.0,1.0,1.0,1.0,0,0,3,3,1
friend_kunal_,fullstack_developer_fresher,general,0.6208,0.75,11,7,6,0.5509,1.0,1.0,1.0,1.0,0,0,3,3,1
friend_kunal_,fullstack_developer_general,general,0.45,0.5938,9,9,13,0.3297,0.88,1.0,0.6,1.0,0,0,3,4,-1
friend_kunal_,golang_backend_developer,general,0.3929,0.5,4,2,7,0.3014,1.0,1.0,1.0,1.0,0,0,3,3,-1
friend_kunal_,google_ml_engineer,general,0.135,0.2,1,3,16,0.2652,0.8,0.5,1.0,1.0,0,1,3,3,0
friend_kunal_,google_swe_early_career,general,0.22,0.3,1,2,7,0.2792,0.8,0.5,1.0,1.0,0,1,3,3,0
friend_kunal_,google_swe_generalist,general,0.48,0.5333,6,2,7,0.2924,0.8,0.5,1.0,1.0,0,1,3,3,-1
friend_kunal_,java_backend_developer,general,0.355,0.6,3,6,8,0.3563,1.0,1.0,1.0,1.0,0,0,3,3,-1
friend_kunal_,junior_ml_engineer,general,0.0,0.0,0,0,20,0.1599,0.68,0.5,0.6,1.0,0,3,3,4,0
friend_kunal_,laravel_developer,general,0.55,0.7222,6,7,5,0.3536,0.88,1.0,0.6,1.0,0,0,3,4,-1
friend_kunal_,mern_stack_developer,general,0.5636,0.6364,10,4,8,0.5361,0.88,1.0,0.6,1.0,0,0,3,4,1
friend_kunal_,php_fullstack_developer,general,0.4,0.5714,4,7,9,0.5697,0.88,1.0,0.6,1.0,0,0,3,4,-1
friend_kunal_,software_engineer_general,general,0.3636,0.5,5,4,11,0.3721,1.0,1.0,1.0,1.0,0,0,3,3,-1
friend_lakshay_saini,android_developer,general,0.37,0.4,3,1,6,0.2168,0.605,0.5,0.6,0.75,0,1,3,4,-1
friend_lakshay_saini,backend_swe_fullstack,general,0.4769,0.5769,9,6,11,0.3824,0.725,0.5,1.0,0.75,0,1,3,3,-1
friend_lakshay_saini,data_scientist,general,0.3429,0.5,3,2,7,0.2488,0.805,1.0,0.6,0.75,0,0,3,4,-1
friend_lakshay_saini,flutter_developer_fresher,general,0.1667,0.1667,2,0,10,0.3395,0.805,1.0,0.6,0.75,0,0,3,4,-1
friend_lakshay_saini,frontend_developer_fresher,general,0.7727,0.9091,7,3,1,0.4802,0.925,1.0,1.0,0.75,0,0,3,3,1
friend_lakshay_saini,fullstack_developer_fresher,general,0.5792,0.6667,11,5,8,0.4341,0.925,1.0,1.0,0.75,0,0,3,3,1
friend_lakshay_saini,fullstack_developer_general,general,0.4375,0.5312,11,5,15,0.3233,0.805,1.0,0.6,0.75,0,0,3,4,-1
friend_lakshay_saini,golang_backend_developer,general,0.6786,0.7857,8,2,3,0.2804,0.925,1.0,1.0,0.75,0,0,3,3,-1
friend_lakshay_saini,google_ml_engineer,general,0.455,0.65,6,4,7,0.2935,0.725,0.5,1.0,0.75,0,1,3,3,-1
friend_lakshay_saini,google_swe_early_career,general,0.62,0.8,4,4,2,0.3078,0.725,0.5,1.0,0.75,0,1,3,3,-1
friend_lakshay_saini,google_swe_generalist,general,0.7267,0.8667,8,5,2,0.3133,0.725,0.5,1.0,0.75,0,1,3,3,-1
friend_lakshay_saini,java_backend_developer,general,0.28,0.45,3,3,11,0.2287,0.925,1.0,1.0,0.75,0,0,3,3,0
friend_lakshay_saini,junior_ml_engineer,general,0.385,0.65,4,4,7,0.3416,0.605,0.5,0.6,0.75,0,3,3,4,-1
friend_lakshay_saini,laravel_developer,general,0.4278,0.5,6,3,9,0.2278,0.805,1.0,0.6,0.75,0,0,3,4,-1
friend_lakshay_saini,mern_stack_developer,general,0.5409,0.5909,10,3,9,0.3399,0.805,1.0,0.6,0.75,0,0,3,4,-1
friend_lakshay_saini,php_fullstack_developer,general,0.3333,0.4286,5,3,12,0.3847,0.805,1.0,0.6,0.75,0,0,3,4,-1
friend_lakshay_saini,software_engineer_general,general,0.3318,0.4545,5,3,12,0.317,0.925,1.0,1.0,0.75,0,0,3,3,-1
friend_lalit_kumar_yadav,android_developer,general,0.17,0.2,1,1,8,0.2927,0.605,0.5,0.6,0.75,0,1,3,4,0
friend_lalit_kumar_yadav,backend_swe_fullstack,general,0.4269,0.5,8,5,13,0.4109,0.725,0.5,1.0,0.75,0,1,3,3,1
friend_lalit_kumar_yadav,data_scientist,general,0.4143,0.5714,4,2,6,0.2521,0.805,1.0,0.6,0.75,0,0,3,4,-1
friend_lalit_kumar_yadav,flutter_developer_fresher,general,0.125,0.1667,1,1,10,0.3654,0.805,1.0,0.6,0.75,0,0,3,4,-1
friend_lalit_kumar_yadav,frontend_developer_fresher,general,0.6545,0.8182,5,4,2,0.4823,0.925,1.0,1.0,0.75,0,0,3,3,1
friend_lalit_kumar_yadav,fullstack_developer_fresher,general,0.4958,0.5833,9,5,10,0.5685,0.925,1.0,1.0,0.75,0,0,3,3,1
friend_lalit_kumar_yadav,fullstack_developer_general,general,0.4281,0.5625,9,8,14,0.5202,0.805,1.0,0.6,0.75,0,0,3,4,1
friend_lalit_kumar_yadav,golang_backend_developer,general,0.5286,0.6429,5,3,5,0.3402,0.925,1.0,1.0,0.75,0,0,3,3,-1
friend_lalit_kumar_yadav,google_ml_engineer,general,0.35,0.5,4,4,10,0.2963,0.725,0.5,1.0,0.75,0,1,3,3,-1
friend_lalit_kumar_yadav,google_swe_early_career,general,0.52,0.7,3,3,3,0.3499,0.725,0.5,1.0,0.75,0,1,3,3,-1
friend_lalit_kumar_yadav,google_swe_generalist,general,0.7267,0.8667,8,4,2,0.3867,0.725,0.5,1.0,0.75,0,1,3,3,-1
friend_lalit_kumar_yadav,java_backend_developer,general,0.2,0.3,2,3,14,0.2745,0.925,1.0,1.0,0.75,0,0,3,3,0
friend_lalit_kumar_yadav,junior_ml_engineer,general,0.365,0.55,4,4,9,0.1782,0.605,0.5,0.6,0.75,0,3,3,4,-1
friend_lalit_kumar_yadav,laravel_developer,general,0.4111,0.5,5,4,9,0.2913,0.805,1.0,0.6,0.75,0,0,3,4,-1
friend_lalit_kumar_yadav,mern_stack_developer,general,0.5182,0.5455,10,2,10,0.4624,0.805,1.0,0.6,0.75,0,0,3,4,1
friend_lalit_kumar_yadav,php_fullstack_developer,general,0.2952,0.381,4,3,13,0.4132,0.805,1.0,0.6,0.75,0,0,3,4,-1
friend_lalit_kumar_yadav,software_engineer_general,general,0.3409,0.4091,6,2,13,0.3707,0.925,1.0,1.0,0.75,0,0,3,3,-1
friend_lalit_kumar,android_developer,general,0.3,0.3,3,0,7,0.2412,0.41,0.5,0.2,0.5,0,1,1,4,-1
friend_lalit_kumar,backend_swe_fullstack,general,0.5154,0.6154,10,5,10,0.4243,0.65,0.5,1.0,0.5,0,1,1,3,1
friend_lalit_kumar,data_scientist,general,0.1929,0.2143,2,1,11,0.3778,0.61,1.0,0.2,0.5,0,0,1,4,-1
friend_lalit_kumar,flutter_developer_fresher,general,0.1917,0.25,2,0,9,0.3436,0.61,1.0,0.2,0.5,0,0,1,4,-1
friend_lalit_kumar,frontend_developer_fresher,general,0.6364,0.7273,6,2,3,0.4751,0.85,1.0,1.0,0.5,0,0,1,3,1
friend_lalit_kumar,fullstack_developer_fresher,general,0.5292,0.625,10,5,9,0.545,0.85,1.0,1.0,0.5,0,0,1,3,1
friend_lalit_kumar,fullstack_developer_general,general,0.475,0.5625,12,5,14,0.4547,0.61,1.0,0.2,0.5,0,0,1,4,1
friend_lalit_kumar,golang_backend_developer,general,0.4429,0.5,5,2,7,0.3309,0.85,1.0,1.0,0.5,0,0,1,3,-1
friend_lalit_kumar,google_ml_engineer,general,0.275,0.35,4,3,13,0.3437,0.65,0.5,1.0,0.5,0,1,1,3,-1
friend_lalit_kumar,google_swe_early_career,general,0.43,0.5,4,0,5,0.3175,0.65,0.5,1.0,0.5,0,1,1,3,-1
friend_lalit_kumar,google_swe_generalist,general,0.6667,0.7333,9,1,4,0.3345,0.65,0.5,1.0,0.5,0,1,1,3,-1
friend_lalit_kumar,java_backend_developer,general,0.3,0.4,4,3,12,0.3459,0.85,1.0,1.0,0.5,0,0,1,3,-1
friend_lalit_kumar,junior_ml_engineer,general,0.2,0.25,3,2,15,0.2097,0.41,0.5,0.2,0.5,0,3,1,4,0
friend_lalit_kumar,laravel_developer,general,0.5278,0.6111,8,3,7,0.3496,0.61,1.0,0.2,0.5,0,0,1,4,-1
friend_lalit_kumar,mern_stack_developer,general,0.4955,0.5455,9,3,10,0.4919,0.61,1.0,0.2,0.5,0,0,1,4,1
friend_lalit_kumar,php_fullstack_developer,general,0.4429,0.619,6,5,8,0.4984,0.61,1.0,0.2,0.5,0,0,1,4,1
friend_lalit_kumar,software_engineer_general,general,0.4273,0.5,7,4,11,0.4908,0.85,1.0,1.0,0.5,0,0,1,3,1
friend_lokesh_na,android_developer,general,0.37,0.4,3,1,6,0.2525,0.68,0.5,0.6,1.0,0,1,3,4,-1
friend_lokesh_na,backend_swe_fullstack,general,0.5423,0.6154,11,5,10,0.5236,0.8,0.5,1.0,1.0,0,1,3,3,1
friend_lokesh_na,data_scientist,general,0.1214,0.1429,1,1,12,0.3102,0.88,1.0,0.6,1.0,0,0,3,4,-1
friend_lokesh_na,flutter_developer_fresher,general,0.2083,0.25,2,1,9,0.3997,0.88,1.0,0.6,1.0,0,0,3,4,-1
friend_lokesh_na,frontend_developer_fresher,general,0.6364,0.8182,5,4,2,0.5878,1.0,1.0,1.0,1.0,0,0,3,3,1
friend_lokesh_na,fullstack_developer_fresher,general,0.6208,0.7083,12,5,7,0.6583,1.0,1.0,1.0,1.0,0,0,3,3,1
friend_lokesh_na,fullstack_developer_general,general,0.5281,0.6562,12,9,11,0.3937,0.88,1.0,0.6,1.0,0,0,3,4,-1
friend_lokesh_na,golang_backend_developer,general,0.5286,0.6429,5,4,5,0.3987,1.0,1.0,1.0,1.0,0,0,3,3,-1
friend_lokesh_na,google_ml_engineer,general,0.285,0.3,5,1,14,0.3515,0.8,0.5,1.0,1.0,0,1,3,3,-1
friend_lokesh_na,google_swe_early_career,general,0.47,0.5,4,1,5,0.3954,0.8,0.5,1.0,1.0,0,1,3,3,-1
friend_lokesh_na,google_swe_generalist,general,0.6267,0.6667,8,2,5,0.411,0.8,0.5,1.0,1.0,0,1,3,3,1
friend_lokesh_na,java_backend_developer,general,0.485,0.65,6,7,7,0.431,1.0,1.0,1.0,1.0,0,0,3,3,1
friend_lokesh_na,junior_ml_engineer,general,0.085,0.1,1,1,18,0.2715,0.68,0.5,0.6,1.0,0,3,3,4,0
friend_lokesh_na,laravel_developer,general,0.5222,0.6111,7,4,7,0.4102,0.88,1.0,0.6,1.0,0,0,3,4,1
friend_lokesh_na,mern_stack_developer,general,0.5864,0.6364,11,3,8,0.6413,0.88,1.0,0.6,1.0,0,0,3,4,1
friend_lokesh_na,php_fullstack_developer,general,0.4952,0.5714,8,4,9,0.5824,0.88,1.0,0.6,1.0,0,0,3,4,1
friend_lokesh_na,software_engineer_general,general,0.4545,0.5455,8,3,10,0.4566,1.0,1.0,1.0,1.0,0,0,3,3,1
friend_lovendra_kumar,android_developer,general,0.27,0.3,2,1,7,0.263,0.53,0.5,0.6,0.5,0,1,3,4,0
friend_lovendra_kumar,backend_swe_fullstack,general,0.5423,0.6154,11,5,10,0.5156,0.65,0.5,1.0,0.5,0,1,3,3,1
friend_lovendra_kumar,data_scientist,general,0.4143,0.5714,4,2,6,0.3058,0.73,1.0,0.6,0.5,0,0,3,4,-1
friend_lovendra_kumar,flutter_developer_fresher,general,0.4167,0.5,4,2,6,0.335,0.73,1.0,0.6,0.5,0,0,3,4,-1
friend_lovendra_kumar,frontend_developer_fresher,general,0.8364,1.0,7,4,0,0.4767,0.85,1.0,1.0,0.5,0,0,3,3,1
friend_lovendra_kumar,fullstack_developer_fresher,general,0.5792,0.6667,11,5,8,0.518,0.85,1.0,1.0,0.5,0,0,3,3,1
friend_lovendra_kumar,fullstack_developer_general,general,0.4906,0.625,11,8,12,0.3767,0.73,1.0,0.6,0.5,0,0,3,4,-1
friend_lovendra_kumar,golang_backend_developer,general,0.6714,0.7857,7,3,3,0.3976,0.85,1.0,1.0,0.5,0,0,3,3,-1
friend_lovendra_kumar,google_ml_engineer,general,0.4,0.55,5,4,9,0.4103,0.65,0.5,1.0,0.5,0,1,3,3,-1
friend_lovendra_kumar,google_swe_early_career,general,0.52,0.7,3,3,3,0.3335,0.65,0.5,1.0,0.5,0,1,3,3,-1
friend_lovendra_kumar,google_swe_generalist,general,0.7267,0.8667,8,4,2,0.3274,0.65,0.5,1.0,0.5,0,1,3,3,-1
friend_lovendra_kumar,java_backend_developer,general,0.3,0.4,4,3,12,0.3396,0.85,1.0,1.0,0.5,0,0,3,3,-1
friend_lovendra_kumar,junior_ml_engineer,general,0.515,0.7,7,4,6,0.2564,0.53,0.5,0.6,0.5,0,3,3,4,-1
friend_lovendra_kumar,laravel_developer,general,0.5222,0.6111,7,4,7,0.3223,0.73,1.0,0.6,0.5,0,0,3,4,-1
friend_lovendra_kumar,mern_stack_developer,general,0.6318,0.6818,12,3,7,0.5192,0.73,1.0,0.6,0.5,0,0,3,4,1
friend_lovendra_kumar,php_fullstack_developer,general,0.3905,0.4762,6,3,11,0.4318,0.73,1.0,0.6,0.5,0,0,3,4,-1
friend_lovendra_kumar,software_engineer_general,general,0.3409,0.4091,6,2,13,0.4214,0.85,1.0,1.0,0.5,0,0,3,3,-1
friend_madhavan_goel,android_developer,general,0.74,0.8,6,2,2,0.3095,0.68,0.5,0.6,1.0,0,1,3,4,-1
friend_madhavan_goel,backend_swe_fullstack,general,0.6885,0.7692,15,5,6,0.5252,0.8,0.5,1.0,1.0,0,1,3,3,1
friend_madhavan_goel,data_scientist,general,0.3429,0.5,3,2,7,0.4823,0.88,1.0,0.6,1.0,0,0,3,4,-1
friend_madhavan_goel,flutter_developer_fresher,general,0.5583,0.6667,5,3,4,0.4039,0.88,1.0,0.6,1.0,0,0,3,4,1
friend_madhavan_goel,frontend_developer_fresher,general,0.8636,1.0,8,3,0,0.4153,1.0,1.0,1.0,1.0,0,0,3,3,1
friend_madhavan_goel,fullstack_developer_fresher,general,0.6833,0.7917,13,6,5,0.3941,1.0,1.0,1.0,1.0,0,0,3,3,-1
friend_madhavan_goel,fullstack_developer_general,general,0.6781,0.7812,18,6,7,0.4791,0.88,1.0,0.6,1.0,0,0,3,4,1
friend_madhavan_goel,golang_backend_developer,general,0.75,0.8571,9,2,2,0.4452,1.0,1.0,1.0,1.0,0,0,3,3,1
friend_madhavan_goel,google_ml_engineer,general,0.455,0.65,6,4,7,0.4302,0.8,0.5,1.0,1.0,0,1,3,3,1
friend_madhavan_goel,google_swe_early_career,general,0.79,1.0,5,5,0,0.3774,0.8,0.5,1.0,1.0,0,1,3,3,-1
friend_madhavan_goel,google_swe_generalist,general,0.86,1.0,10,5,0,0.3963,0.8,0.5,1.0,1.0,0,1,3,3,-1
friend_madhavan_goel,java_backend_developer,general,0.555,0.75,8,4,5,0.4002,1.0,1.0,1.0,1.0,0,0,3,3,1
friend_madhavan_goel,junior_ml_engineer,general,0.435,0.7,5,4,6,0.3611,0.68,0.5,0.6,1.0,0,3,3,4,-1
friend_madhavan_goel,laravel_developer,general,0.6333,0.7222,9,4,5,0.294,0.88,1.0,0.6,1.0,0,0,3,4,-1
friend_madhavan_goel,mern_stack_developer,general,0.6318,0.7273,11,5,6,0.3728,0.88,1.0,0.6,1.0,0,0,3,4,-1
friend_madhavan_goel,php_fullstack_developer,general,0.5095,0.619,8,4,8,0.3932,0.88,1.0,0.6,1.0,0,0,3,4,-1
friend_madhavan_goel,software_engineer_general,general,0.5136,0.6364,9,3,8,0.5412,1.0,1.0,1.0,1.0,0,0,3,3,1
friend_manish_bisht,android_developer,general,0.44,0.5,3,2,5,0.1766,0.68,0.5,0.6,1.0,0,1,3,4,-1
friend_manish_bisht,backend_swe_fullstack,general,0.5923,0.6538,13,4,9,0.3793,0.8,0.5,1.0,1.0,0,1,3,3,-1
friend_manish_bisht,data_scientist,general,0.4786,0.5,6,1,7,0.2731,0.88,1.0,0.6,1.0,0,0,3,4,-1
friend_manish_bisht,flutter_developer_fresher,general,0.2083,0.25,2,1,9,0.2629,0.88,1.0,0.6,1.0,0,0,3,4,0
friend_manish_bisht,frontend_developer_fresher,general,0.7455,0.9091,6,4,1,0.3508,1.0,1.0,1.0,1.0,0,0,3,3,-1
friend_manish_bisht,fullstack_developer_fresher,general,0.6125,0.75,11,7,6,0.3511,1.0,1.0,1.0,1.0,0,0,3,3,-1
friend_manish_bisht,fullstack_developer_general,general,0.5219,0.6562,12,9,11,0.2735,0.88,1.0,0.6,1.0,0,0,3,4,-1
friend_manish_bisht,golang_backend_developer,general,0.6,0.7143,6,4,4,0.2646,1.0,1.0,1.0,1.0,0,0,3,3,-1
friend_manish_bisht,google_ml_engineer,general,0.57,0.65,9,4,7,0.2971,0.8,0.5,1.0,1.0,0,1,3,3,-1
friend_manish_bisht,google_swe_early_career,general,0.69,0.8,5,3,2,0.2081,0.8,0.5,1.0,1.0,0,1,3,3,-1
friend_manish_bisht,google_swe_generalist,general,0.86,0.9333,11,3,1,0.2267,0.8,0.5,1.0,1.0,0,1,3,3,-1
friend_manish_bisht,java_backend_developer,general,0.485,0.7,5,9,6,0.2793,1.0,1.0,1.0,1.0,0,0,3,3,-1
friend_manish_bisht,junior_ml_engineer,general,0.525,0.7,7,5,6,0.3413,0.68,0.5,0.6,1.0,0,3,3,4,-1
friend_manish_bisht,laravel_developer,general,0.5833,0.7222,8,5,5,0.2521,0.88,1.0,0.6,1.0,0,0,3,4,-1
friend_manish_bisht,mern_stack_developer,general,0.5773,0.6364,11,3,8,0.3058,0.88,1.0,0.6,1.0,0,0,3,4,-1
friend_manish_bisht,php_fullstack_developer,general,0.5619,0.7619,8,6,5,0.4161,0.88,1.0,0.6,1.0,0,0,3,4,1
friend_manish_bisht,software_engineer_general,general,0.4545,0.5909,7,5,9,0.2929,1.0,1.0,1.0,1.0,0,0,3,3,-1
friend_mannan_tanwar,android_developer,general,0.27,0.3,2,1,7,0.1664,0.68,0.5,0.6,1.0,0,1,3,4,0
friend_mannan_tanwar,backend_swe_fullstack,general,0.3462,0.4231,7,3,15,0.2376,0.8,0.5,1.0,1.0,0,1,3,3,-1
friend_mannan_tanwar,data_scientist,general,0.4429,0.5,5,2,7,0.1731,0.88,1.0,0.6,1.0,0,0,3,4,-1
friend_mannan_tanwar,flutter_developer_fresher,general,0.0833,0.0833,1,0,11,0.1487,0.88,1.0,0.6,1.0,0,0,3,4,0
friend_mannan_tanwar,frontend_developer_fresher,general,0.3364,0.4545,2,3,6,0.2334,1.0,1.0,1.0,1.0,0,0,3,3,-1
friend_mannan_tanwar,fullstack_developer_fresher,general,0.1667,0.1667,4,0,20,0.1696,1.0,1.0,1.0,1.0,0,0,3,3,0
friend_mannan_tanwar,fullstack_developer_general,general,0.2156,0.25,5,3,24,0.1762,0.88,1.0,0.6,1.0,0,0,3,4,0
friend_mannan_tanwar,golang_backend_developer,general,0.4429,0.5,5,2,7,0.1706,1.0,1.0,1.0,1.0,0,0,3,3,-1
friend_mannan_tanwar,google_ml_engineer,general,0.41,0.5,6,4,10,0.3182,0.8,0.5,1.0,1.0,0,1,3,3,-1
friend_mannan_tanwar,google_swe_early_career,general,0.55,0.7,4,2,3,0.2114,0.8,0.5,1.0,1.0,0,1,3,3,-1
friend_mannan_tanwar,google_swe_generalist,general,0.6133,0.7333,7,3,4,0.215,0.8,0.5,1.0,1.0,0,1,3,3,-1
friend_mannan_tanwar,java_backend_developer,general,0.22,0.25,3,2,15,0.1165,1.0,1.0,1.0,1.0,0,0,3,3,0
friend_mannan_tanwar,junior_ml_engineer,general,0.465,0.65,6,5,7,0.3185,0.68,0.5,0.6,1.0,0,3,3,4,-1
friend_mannan_tanwar,laravel_developer,general,0.25,0.2778,4,1,13,0.1232,0.88,1.0,0.6,1.0,0,0,3,4,0
friend_mannan_tanwar,mern_stack_developer,general,0.1682,0.1818,3,1,18,0.1369,0.88,1.0,0.6,1.0,0,0,3,4,0
friend_mannan_tanwar,php_fullstack_developer,general,0.119,0.1429,2,1,18,0.1221,0.88,1.0,0.6,1.0,0,0,3,4,0
friend_mannan_tanwar,software_engineer_general,general,0.2682,0.3182,4,3,15,0.1231,1.0,1.0,1.0,1.0,0,0,3,3,0
friend_manoj_,android_developer,general,0.41,0.5,2,3,5,0.1159,0.88,1.0,0.6,1.0,1,1,3,4,-1
friend_manoj_,backend_swe_fullstack,general,0.3423,0.3846,7,3,16,0.2306,1.0,1.0,1.0,1.0,1,1,3,3,-1
friend_manoj_,data_scientist,general,0.5929,0.7143,7,1,4,0.1696,0.88,1.0,0.6,1.0,1,0,3,4,-1
friend_manoj_,flutter_developer_fresher,general,0.125,0.1667,1,1,10,0.1355,0.88,1.0,0.6,1.0,1,0,3,4,0
friend_manoj_,frontend_developer_fresher,general,0.0909,0.0909,1,0,10,0.1562,1.0,1.0,1.0,1.0,1,0,3,3,0
friend_manoj_,fullstack_developer_fresher,general,0.1667,0.25,2,3,18,0.0307,1.0,1.0,1.0,1.0,1,0,3,3,0
friend_manoj_,fullstack_developer_general,general,0.2875,0.375,6,5,20,0.0405,0.88,1.0,0.6,1.0,1,0,3,4,0
friend_manoj_,golang_backend_developer,general,0.5286,0.5714,6,2,6,0.1244,1.0,1.0,1.0,1.0,1,0,3,3,-1
friend_manoj_,google_ml_engineer,general,0.585,0.65,10,3,7,0.224,1.0,1.0,1.0,1.0,1,1,3,3,-1
friend_manoj_,google_swe_early_career,general,0.57,0.6,5,1,4,0.0544,1.0,1.0,1.0,1.0,1,1,3,3,-1
friend_manoj_,google_swe_generalist,general,0.58,0.6,8,1,6,0.0367,1.0,1.0,1.0,1.0,1,1,3,3,-1
friend_manoj_,java_backend_developer,general,0.32,0.4,4,4,12,0.1262,1.0,1.0,1.0,1.0,1,0,3,3,-1
friend_manoj_,junior_ml_engineer,general,0.585,0.7,9,5,6,0.2512,0.64,0.4,0.6,1.0,1,3,3,4,-1
friend_manoj_,laravel_developer,general,0.1944,0.2222,3,1,14,0.0449,0.88,1.0,0.6,1.0,1,0,3,4,0
friend_manoj_,mern_stack_developer,general,0.1727,0.2273,3,1,17,0.057,0.88,1.0,0.6,1.0,1,0,3,4,0
friend_manoj_,php_fullstack_developer,general,0.2571,0.4286,3,3,12,0.1003,0.88,1.0,0.6,1.0,1,0,3,4,0
friend_manoj_,software_engineer_general,general,0.4545,0.5909,7,5,9,0.1229,1.0,1.0,1.0,1.0,1,0,3,3,-1
friend_mayank_,android_developer,general,0.4,0.4,4,0,6,0.1995,0.68,0.5,0.6,1.0,0,1,3,4,-1
friend_mayank_,backend_swe_fullstack,general,0.5192,0.6538,10,6,9,0.442,0.8,0.5,1.0,1.0,0,1,3,3,1
friend_mayank_,data_scientist,general,0.5,0.5714,6,2,6,0.3199,0.88,1.0,0.6,1.0,0,0,3,4,-1
friend_mayank_,flutter_developer_fresher,general,0.25,0.3333,2,2,8,0.2109,0.88,1.0,0.6,1.0,0,0,3,4,0
friend_mayank_,frontend_developer_fresher,general,0.6545,0.7273,6,2,3,0.3737,1.0,1.0,1.0,1.0,0,0,3,3,-1
friend_mayank_,fullstack_developer_fresher,general,0.4042,0.5,7,4,12,0.2885,1.0,1.0,1.0,1.0,0,0,3,3,-1
friend_mayank_,fullstack_developer_general,general,0.4313,0.5625,10,6,14,0.3488,0.88,1.0,0.6,1.0,0,0,3,4,-1
friend_mayank_,golang_backend_developer,general,0.6643,0.7857,8,2,3,0.3166,1.0,1.0,1.0,1.0,0,0,3,3,-1
friend_mayank_,google_ml_engineer,general,0.55,0.65,9,4,7,0.4246,0.8,0.5,1.0,1.0,0,1,3,3,1
friend_mayank_,google_swe_early_career,general,0.63,0.8,5,2,2,0.312,0.8,0.5,1.0,1.0,0,1,3,3,-1
friend_mayank_,google_swe_generalist,general,0.78,0.9333,9,4,1,0.3115,0.8,0.5,1.0,1.0,0,1,3,3,-1
friend_mayank_,java_backend_developer,general,0.42,0.6,6,3,8,0.2609,1.0,1.0,1.0,1.0,0,0,3,3,-1
friend_mayank_,junior_ml_engineer,general,0.63,0.8,10,4,4,0.3362,0.68,0.5,0.6,1.0,0,3,3,4,-1
friend_mayank_,laravel_developer,general,0.4667,0.5556,6,4,8,0.3038,0.88,1.0,0.6,1.0,0,0,3,4,-1
friend_mayank_,mern_stack_developer,general,0.4182,0.5455,6,5,10,0.3025,0.88,1.0,0.6,1.0,0,0,3,4,-1
friend_mayank_,php_fullstack_developer,general,0.4,0.6667,4,6,7,0.307,0.88,1.0,0.6,1.0,0,0,3,4,-1
friend_mayank_,software_engineer_general,general,0.4136,0.6364,5,6,8,0.3464,1.0,1.0,1.0,1.0,0,0,3,3,-1
friend_mayukh_sircar,android_developer,general,0.64,0.7,5,2,3,0.1842,0.68,0.5,0.6,1.0,0,1,3,4,-1
friend_mayukh_sircar,backend_swe_fullstack,general,0.6885,0.8077,14,7,5,0.359,0.8,0.5,1.0,1.0,0,1,3,3,-1
friend_mayukh_sircar,data_scientist,general,0.5929,0.7143,7,1,4,0.3718,0.88,1.0,0.6,1.0,0,0,3,4,-1
friend_mayukh_sircar,flutter_developer_fresher,general,0.4583,0.5,5,1,6,0.3206,0.88,1.0,0.6,1.0,0,0,3,4,-1
friend_mayukh_sircar,frontend_developer_fresher,general,0.9091,1.0,9,2,0,0.394,1.0,1.0,1.0,1.0,0,0,3,3,-1
friend_mayukh_sircar,fullstack_developer_fresher,general,0.6167,0.7917,11,7,5,0.4574,1.0,1.0,1.0,1.0,0,0,3,3,1
friend_mayukh_sircar,fullstack_developer_general,general,0.6562,0.8125,16,9,6,0.2922,0.88,1.0,0.6,1.0,0,0,3,4,-1
friend_mayukh_sircar,golang_backend_developer,general,0.7286,0.8571,8,3,2,0.2913,1.0,1.0,1.0,1.0,0,0,3,3,-1
friend_mayukh_sircar,google_ml_engineer,general,0.76,0.9,12,6,2,0.2933,0.8,0.5,1.0,1.0,0,1,3,3,-1
friend_mayukh_sircar,google_swe_early_career,general,0.62,0.8,4,4,2,0.2609,0.8,0.5,1.0,1.0,0,1,3,3,-1
friend_mayukh_sircar,google_swe_generalist,general,0.88,1.0,11,4,0,0.2906,0.8,0.5,1.0,1.0,0,1,3,3,-1
friend_mayukh_sircar,java_backend_developer,general,0.63,0.9,8,7,2,0.3576,1.0,1.0,1.0,1.0,0,0,3,3,-1
friend_mayukh_sircar,junior_ml_engineer,general,0.765,0.95,12,5,1,0.3123,0.68,0.5,0.6,1.0,0,3,3,4,-1
friend_mayukh_sircar,laravel_developer,general,0.6778,0.8333,9,6,3,0.2764,0.88,1.0,0.6,1.0,0,0,3,4,-1
friend_mayukh_sircar,mern_stack_developer,general,0.6045,0.7273,11,4,6,0.3657,0.88,1.0,0.6,1.0,0,0,3,4,-1
friend_mayukh_sircar,php_fullstack_developer,general,0.4286,0.619,5,7,8,0.4644,0.88,1.0,0.6,1.0,0,0,3,4,1
friend_mayukh_sircar,software_engineer_general,general,0.5955,0.7273,11,3,6,0.3705,1.0,1.0,1.0,1.0,0,0,3,3,-1
friend_md_shahab_uddin,android_developer,general,0.3,0.3,3,0,7,0.3568,0.605,0.5,0.6,0.75,0,1,3,4,-1
friend_md_shahab_uddin,backend_swe_fullstack,general,0.3462,0.4231,7,4,15,0.5217,0.725,0.5,1.0,0.75,0,1,3,3,-1
friend_md_shahab_uddin,data_scientist,general,0.2857,0.4286,2,4,8,0.3361,0.805,1.0,0.6,0.75,0,0,3,4,-1
friend_md_shahab_uddin,flutter_developer_fresher,general,0.2083,0.25,2,1,9,0.3657,0.805,1.0,0.6,0.75,0,0,3,4,-1
friend_md_shahab_uddin,frontend_developer_fresher,general,0.6818,0.8182,6,3,2,0.6228,0.925,1.0,1.0,0.75,0,0,3,3,1
friend_md_shahab_uddin,fullstack_developer_fresher,general,0.5167,0.625,9,6,9,0.5421,0.925,1.0,1.0,0.75,0,0,3,3,1
friend_md_shahab_uddin,fullstack_developer_general,general,0.4281,0.5625,9,8,14,0.5255,0.805,1.0,0.6,0.75,0,0,3,4,1
friend_md_shahab_uddin,golang_backend_developer,general,0.4857,0.5714,6,1,6,0.4771,0.925,1.0,1.0,0.75,0,0,3,3,1
friend_md_shahab_uddin,google_ml_engineer,general,0.255,0.4,3,4,12,0.4494,0.725,0.5,1.0,0.75,0,1,3,3,-1
friend_md_shahab_uddin,google_swe_early_career,general,0.45,0.5,4,1,5,0.421,0.725,0.5,1.0,0.75,0,1,3,3,1
friend_md_shahab_uddin,google_swe_generalist,general,0.6467,0.7333,8,3,4,0.3948,0.725,0.5,1.0,0.75,0,1,3,3,-1
friend_md_shahab_uddin,java_backend_developer,general,0.345,0.55,4,4,9,0.4206,0.925,1.0,1.0,0.75,0,0,3,3,-1
friend_md_shahab_uddin,junior_ml_engineer,general,0.23,0.4,2,5,12,0.3467,0.605,0.5,0.6,0.75,0,3,3,4,-1
friend_md_shahab_uddin,laravel_developer,general,0.4944,0.6111,6,5,7,0.3902,0.805,1.0,0.6,0.75,0,0,3,4,-1
friend_md_shahab_uddin,mern_stack_developer,general,0.4955,0.5455,9,3,10,0.4932,0.805,1.0,0.6,0.75,0,0,3,4,1
friend_md_shahab_uddin,php_fullstack_developer,general,0.2476,0.381,2,5,13,0.4742,0.805,1.0,0.6,0.75,0,0,3,4,-1
friend_md_shahab_uddin,software_engineer_general,general,0.3227,0.4545,5,3,12,0.476,0.925,1.0,1.0,0.75,0,0,3,3,-1
friend_monik_rayu,android_developer,general,0.44,0.5,3,2,5,0.2993,0.605,0.5,0.6,0.75,0,1,3,4,-1
friend_monik_rayu,backend_swe_fullstack,general,0.55,0.6538,10,7,9,0.361,0.725,0.5,1.0,0.75,0,1,3,3,-1
friend_monik_rayu,data_scientist,general,0.4643,0.5714,4,4,6,0.2232,0.805,1.0,0.6,0.75,0,0,3,4,-1
friend_monik_rayu,flutter_developer_fresher,general,0.1667,0.1667,2,0,10,0.3029,0.805,1.0,0.6,0.75,0,0,3,4,-1
friend_monik_rayu,frontend_developer_fresher,general,0.7727,0.9091,7,3,1,0.3852,0.925,1.0,1.0,0.75,0,0,3,3,-1
friend_monik_rayu,fullstack_developer_fresher,general,0.6625,0.75,13,5,6,0.324,0.925,1.0,1.0,0.75,0,0,3,3,-1
friend_monik_rayu,fullstack_developer_general,general,0.475,0.5938,11,7,13,0.3381,0.805,1.0,0.6,0.75,0,0,3,4,-1
friend_monik_rayu,golang_backend_developer,general,0.7286,0.8571,8,3,2,0.3521,0.925,1.0,1.0,0.75,0,0,3,3,-1
friend_monik_rayu,google_ml_engineer,general,0.52,0.65,8,4,7,0.2857,0.725,0.5,1.0,0.75,0,1,3,3,-1
friend_monik_rayu,google_swe_early_career,general,0.57,0.7,4,3,3,0.2937,0.725,0.5,1.0,0.75,0,1,3,3,-1
friend_monik_rayu,google_swe_generalist,general,0.74,0.8667,8,5,2,0.272,0.725,0.5,1.0,0.75,0,1,3,3,-1
friend_monik_rayu,java_backend_developer,general,0.365,0.55,4,4,9,0.2467,0.925,1.0,1.0,0.75,0,0,3,3,-1
friend_monik_rayu,junior_ml_engineer,general,0.5,0.7,7,4,6,0.2355,0.605,0.5,0.6,0.75,0,3,3,4,-1
friend_monik_rayu,laravel_developer,general,0.5389,0.6111,8,3,7,0.2452,0.805,1.0,0.6,0.75,0,0,3,4,-1
friend_monik_rayu,mern_stack_developer,general,0.6182,0.6818,11,4,7,0.3048,0.805,1.0,0.6,0.75,0,0,3,4,-1
friend_monik_rayu,php_fullstack_developer,general,0.4286,0.5238,7,3,10,0.2953,0.805,1.0,0.6,0.75,0,0,3,4,-1
friend_monik_rayu,software_engineer_general,general,0.4091,0.5455,6,4,10,0.2744,0.925,1.0,1.0,0.75,0,0,3,3,-1
friend_naman_rustagi,android_developer,general,0.37,0.4,3,1,6,0.2693,0.605,0.5,0.6,0.75,0,1,3,4,-1
friend_naman_rustagi,backend_swe_fullstack,general,0.6,0.6923,12,6,8,0.6298,0.725,0.5,1.0,0.75,0,1,3,3,1
friend_naman_rustagi,data_scientist,general,0.1929,0.2143,2,1,11,0.3627,0.805,1.0,0.6,0.75,0,0,3,4,-1
friend_naman_rustagi,flutter_developer_fresher,general,0.4167,0.5,4,2,6,0.4216,0.805,1.0,0.6,0.75,0,0,3,4,1
friend_naman_rustagi,frontend_developer_fresher,general,0.8182,0.9091,8,2,1,0.563,0.925,1.0,1.0,0.75,0,0,3,3,1
friend_naman_rustagi,fullstack_developer_fresher,general,0.6,0.7083,11,6,7,0.6577,0.925,1.0,1.0,0.75,0,0,3,3,1
friend_naman_rustagi,fullstack_developer_general,general,0.5781,0.6875,15,6,10,0.4912,0.805,1.0,0.6,0.75,0,0,3,4,1
friend_naman_rustagi,golang_backend_developer,general,0.6571,0.7857,7,3,3,0.4565,0.925,1.0,1.0,0.75,0,0,3,3,1
friend_naman_rustagi,google_ml_engineer,general,0.335,0.4,5,3,12,0.4396,0.725,0.5,1.0,0.75,0,1,3,3,-1
friend_naman_rustagi,google_swe_early_career,general,0.42,0.5,3,2,5,0.4258,0.725,0.5,1.0,0.75,0,1,3,3,1
friend_naman_rustagi,google_swe_generalist,general,0.5933,0.6667,7,3,5,0.4398,0.725,0.5,1.0,0.75,0,1,3,3,1
friend_naman_rustagi,java_backend_developer,general,0.455,0.65,6,4,7,0.5095,0.925,1.0,1.0,0.75,0,0,3,3,1
friend_naman_rustagi,junior_ml_engineer,general,0.31,0.35,5,2,13,0.3011,0.605,0.5,0.6,0.75,0,3,3,4,-1
friend_naman_rustagi,laravel_developer,general,0.5667,0.6111,9,2,7,0.4384,0.805,1.0,0.6,0.75,0,0,3,4,1
friend_naman_rustagi,mern_stack_developer,general,0.5864,0.6818,10,5,7,0.5525,0.805,1.0,0.6,0.75,0,0,3,4,1
friend_naman_rustagi,php_fullstack_developer,general,0.5286,0.7143,8,4,6,0.6729,0.805,1.0,0.6,0.75,0,0,3,4,1
friend_naman_rustagi,software_engineer_general,general,0.4455,0.5909,7,4,9,0.5461,0.925,1.0,1.0,0.75,0,0,3,3,1
friend_naman_singh,android_developer,general,0.37,0.4,3,1,6,0.1876,0.88,1.0,0.6,1.0,1,1,3,4,-1
friend_naman_singh,backend_swe_fullstack,general,0.5538,0.6538,11,6,9,0.3646,1.0,1.0,1.0,1.0,1,1,3,3,-1
friend_naman_singh,data_scientist,general,0.3429,0.5,3,2,7,0.2529,0.88,1.0,0.6,1.0,1,0,3,4,-1
friend_naman_singh,flutter_developer_fresher,general,0.2917,0.3333,3,1,8,0.3009,0.88,1.0,0.6,1.0,1,0,3,4,-1
friend_naman_singh,frontend_developer_fresher,general,0.6818,0.8182,6,3,2,0.5002,1.0,1.0,1.0,1.0,1,0,3,3,1
friend_naman_singh,fullstack_developer_fresher,general,0.6333,0.75,12,6,6,0.3556,1.0,1.0,1.0,1.0,1,0,3,3,-1
friend_naman_singh,fullstack_developer_general,general,0.575,0.6875,14,7,10,0.2668,0.88,1.0,0.6,1.0,1,0,3,4,-1
friend_naman_singh,golang_backend_developer,general,0.6071,0.7143,7,2,4,0.3165,1.0,1.0,1.0,1.0,1,0,3,3,-1
friend_naman_singh,google_ml_engineer,general,0.53,0.75,7,5,5,0.392,1.0,1.0,1.0,1.0,1,1,3,3,-1
friend_naman_singh,google_swe_early_career,general,0.57,0.7,4,3,3,0.2889,1.0,1.0,1.0,1.0,1,1,3,3,-1
friend_naman_singh,google_swe_generalist,general,0.7133,0.8,9,3,3,0.3148,1.0,1.0,1.0,1.0,1,1,3,3,-1
friend_naman_singh,java_backend_developer,general,0.53,0.75,7,5,5,0.2902,1.0,1.0,1.0,1.0,1,0,3,3,-1
friend_naman_singh,junior_ml_engineer,general,0.435,0.7,5,4,6,0.3079,0.64,0.4,0.6,1.0,1,3,3,4,-1
friend_naman_singh,laravel_developer,general,0.5667,0.7222,7,6,5,0.2278,0.88,1.0,0.6,1.0,1,0,3,4,-1
friend_naman_singh,mern_stack_developer,general,0.5773,0.6364,11,3,8,0.335,0.88,1.0,0.6,1.0,1,0,3,4,-1
friend_naman_singh,php_fullstack_developer,general,0.5095,0.6667,7,6,7,0.3424,0.88,1.0,0.6,1.0,1,0,3,4,-1
friend_naman_singh,software_engineer_general,general,0.5455,0.6818,9,4,7,0.2821,1.0,1.0,1.0,1.0,1,0,3,3,-1
friend_naveen_kumar_singh,android_developer,general,0.4,0.4,4,0,6,0.1959,0.68,0.5,0.6,1.0,0,1,3,4,-1
friend_naveen_kumar_singh,backend_swe_fullstack,general,0.5462,0.6538,11,6,9,0.4022,0.8,0.5,1.0,1.0,0,1,3,3,1
friend_naveen_kumar_singh,data_scientist,general,0.2357,0.3571,2,2,9,0.2178,0.88,1.0,0.6,1.0,0,0,3,4,0
friend_naveen_kumar_singh,flutter_developer_fresher,general,0.2083,0.25,2,1,9,0.3041,0.88,1.0,0.6,1.0,0,0,3,4,-1
friend_naveen_kumar_singh,frontend_developer_fresher,general,0.7727,0.9091,7,3,1,0.366,1.0,1.0,1.0,1.0,0,0,3,3,-1
friend_naveen_kumar_singh,fullstack_developer_fresher,general,0.5375,0.6667,9,7,8,0.4409,1.0,1.0,1.0,1.0,0,0,3,3,1
friend_naveen_kumar_singh,fullstack_developer_general,general,0.5219,0.6562,12,9,11,0.3046,0.88,1.0,0.6,1.0,0,0,3,4,-1
friend_naveen_kumar_singh,golang_backend_developer,general,0.6429,0.7857,7,4,3,0.2471,1.0,1.0,1.0,1.0,0,0,3,3,-1
friend_naveen_kumar_singh,google_ml_engineer,general,0.435,0.6,6,4,8,0.2362,0.8,0.5,1.0,1.0,0,1,3,3,-1
friend_naveen_kumar_singh,google_swe_early_career,general,0.7,0.8,6,2,2,0.293,0.8,0.5,1.0,1.0,0,1,3,3,-1
friend_naveen_kumar_singh,google_swe_generalist,general,0.8133,0.9333,10,4,1,0.3232,0.8,0.5,1.0,1.0,0,1,3,3,-1
friend_naveen_kumar_singh,java_backend_developer,general,0.425,0.6,5,7,8,0.2991,1.0,1.0,1.0,1.0,0,0,3,3,-1
friend_naveen_kumar_singh,junior_ml_engineer,general,0.34,0.6,3,5,8,0.264,0.68,0.5,0.6,1.0,0,3,3,4,-1
friend_naveen_kumar_singh,laravel_developer,general,0.4556,0.5556,6,4,8,0.2174,0.88,1.0,0.6,1.0,0,0,3,4,-1
friend_naveen_kumar_singh,mern_stack_developer,general,0.5182,0.5909,9,4,9,0.408,0.88,1.0,0.6,1.0,0,0,3,4,1
friend_naveen_kumar_singh,php_fullstack_developer,general,0.5143,0.7143,7,6,6,0.4312,0.88,1.0,0.6,1.0,0,0,3,4,1
friend_naveen_kumar_singh,software_engineer_general,general,0.4545,0.6364,6,7,8,0.3385,1.0,1.0,1.0,1.0,0,0,3,3,-1
friend_niket_chaudhary,android_developer,general,0.3,0.3,3,0,7,0.2381,0.605,0.5,0.6,0.75,0,1,3,4,-1
friend_niket_chaudhary,backend_swe_fullstack,general,0.4769,0.6154,8,7,10,0.3151,0.725,0.5,1.0,0.75,0,1,3,3,-1
friend_niket_chaudhary,data_scientist,general,0.1929,0.2143,2,1,11,0.2376,0.805,1.0,0.6,0.75,0,0,3,4,0
friend_niket_chaudhary,flutter_developer_fresher,general,0.1917,0.25,2,0,9,0.4033,0.805,1.0,0.6,0.75,0,0,3,4,-1
friend_niket_chaudhary,frontend_developer_fresher,general,0.5,0.6364,4,3,4,0.4393,0.925,1.0,1.0,0.75,0,0,3,3,1
friend_niket_chaudhary,fullstack_developer_fresher,general,0.4958,0.5833,9,5,10,0.4294,0.925,1.0,1.0,0.75,0,0,3,3,1
friend_niket_chaudhary,fullstack_developer_general,general,0.475,0.5938,11,7,13,0.3748,0.805,1.0,0.6,0.75,0,0,3,4,-1
friend_niket_chaudhary,golang_backend_developer,general,0.5714,0.7143,6,3,4,0.3258,0.925,1.0,1.0,0.75,0,0,3,3,-1
friend_niket_chaudhary,google_ml_engineer,general,0.275,0.35,4,3,13,0.2514,0.725,0.5,1.0,0.75,0,1,3,3,0
friend_niket_chaudhary,google_swe_early_career,general,0.48,0.6,4,1,4,0.2425,0.725,0.5,1.0,0.75,0,1,3,3,-1
friend_niket_chaudhary,google_swe_generalist,general,0.5467,0.6667,6,3,5,0.2667,0.725,0.5,1.0,0.75,0,1,3,3,-1
friend_niket_chaudhary,java_backend_developer,general,0.38,0.55,5,3,9,0.3459,0.925,1.0,1.0,0.75,0,0,3,3,-1
friend_niket_chaudhary,junior_ml_engineer,general,0.2,0.25,3,2,15,0.237,0.605,0.5,0.6,0.75,0,3,3,4,0
friend_niket_chaudhary,laravel_developer,general,0.3722,0.4444,5,3,10,0.2992,0.805,1.0,0.6,0.75,0,0,3,4,-1
friend_niket_chaudhary,mern_stack_developer,general,0.4364,0.5,7,4,11,0.3609,0.805,1.0,0.6,0.75,0,0,3,4,-1
friend_niket_chaudhary,php_fullstack_developer,general,0.481,0.6667,7,4,7,0.3875,0.805,1.0,0.6,0.75,0,0,3,4,-1
friend_niket_chaudhary,software_engineer_general,general,0.4773,0.6364,7,5,8,0.3459,0.925,1.0,1.0,0.75,0,0,3,3,-1
friend_nishchay_tomar,android_developer,general,0.37,0.4,3,1,6,0.2908,0.88,1.0,0.6,1.0,1,1,3,4,-1
friend_nishchay_tomar,backend_swe_fullstack,general,0.3808,0.4615,7,5,14,0.3803,1.0,1.0,1.0,1.0,1,1,3,3,-1
friend_nishchay_tomar,data_scientist,general,0.1071,0.2143,0,2,11,0.262,0.88,1.0,0.6,1.0,1,0,3,4,0
friend_nishchay_tomar,flutter_developer_fresher,general,0.1667,0.1667,2,0,10,0.3523,0.88,1.0,0.6,1.0,1,0,3,4,-1
friend_nishchay_tomar,frontend_developer_fresher,general,0.6818,0.8182,6,3,2,0.5845,1.0,1.0,1.0,1.0,1,0,3,3,1
friend_nishchay_tomar,fullstack_developer_fresher,general,0.4458,0.5833,7,6,10,0.4387,1.0,1.0,1.0,1.0,1,0,3,3,1
friend_nishchay_tomar,fullstack_developer_general,general,0.375,0.4688,9,5,17,0.3059,0.88,1.0,0.6,1.0,1,0,3,4,-1
friend_nishchay_tomar,golang_backend_developer,general,0.4643,0.5714,5,2,6,0.3511,1.0,1.0,1.0,1.0,1,0,3,3,-1
friend_nishchay_tomar,google_ml_engineer,general,0.25,0.35,3,3,13,0.3871,1.0,1.0,1.0,1.0,1,1,3,3,-1
friend_nishchay_tomar,google_swe_early_career,general,0.47,0.6,3,3,4,0.3858,1.0,1.0,1.0,1.0,1,1,3,3,-1
friend_nishchay_tomar,google_swe_generalist,general,0.5933,0.7333,6,5,4,0.402,1.0,1.0,1.0,1.0,1,1,3,3,1
friend_nishchay_tomar,java_backend_developer,general,0.23,0.4,2,3,12,0.2972,1.0,1.0,1.0,1.0,1,0,3,3,0
friend_nishchay_tomar,junior_ml_engineer,general,0.18,0.35,1,3,13,0.3887,0.64,0.4,0.6,1.0,1,3,3,4,-1
friend_nishchay_tomar,laravel_developer,general,0.3167,0.3889,4,3,11,0.2803,0.88,1.0,0.6,1.0,1,0,3,4,-1
friend_nishchay_tomar,mern_stack_developer,general,0.3955,0.5,6,4,11,0.4171,0.88,1.0,0.6,1.0,1,0,3,4,-1
friend_nishchay_tomar,php_fullstack_developer,general,0.2619,0.381,3,4,13,0.405,0.88,1.0,0.6,1.0,1,0,3,4,-1
friend_nishchay_tomar,software_engineer_general,general,0.2864,0.4091,4,3,13,0.3558,1.0,1.0,1.0,1.0,1,0,3,3,-1
friend_nitesh_kumar_jha,android_developer,general,0.6,0.6,6,0,4,0.3005,0.68,0.5,0.6,1.0,0,1,3,4,-1
friend_nitesh_kumar_jha,backend_swe_fullstack,general,0.6423,0.7692,13,6,6,0.4968,0.8,0.5,1.0,1.0,0,1,3,3,1
friend_nitesh_kumar_jha,data_scientist,general,0.3429,0.4286,4,1,8,0.4226,0.88,1.0,0.6,1.0,0,0,3,4,-1
friend_nitesh_kumar_jha,flutter_developer_fresher,general,0.4333,0.5,4,2,6,0.3381,0.88,1.0,0.6,1.0,0,0,3,4,-1
friend_nitesh_kumar_jha,frontend_developer_fresher,general,0.8364,1.0,7,4,0,0.4844,1.0,1.0,1.0,1.0,0,0,3,3,1
friend_nitesh_kumar_jha,fullstack_developer_fresher,general,0.6083,0.7083,11,6,7,0.4153,1.0,1.0,1.0,1.0,0,0,3,3,1
friend_nitesh_kumar_jha,fullstack_developer_general,general,0.5906,0.7188,14,8,9,0.4157,0.88,1.0,0.6,1.0,0,0,3,4,1
friend_nitesh_kumar_jha,golang_backend_developer,general,0.75,0.8571,9,2,2,0.3416,1.0,1.0,1.0,1.0,0,0,3,3,-1
friend_nitesh_kumar_jha,google_ml_engineer,general,0.415,0.55,6,4,9,0.3636,0.8,0.5,1.0,1.0,0,1,3,3,-1
friend_nitesh_kumar_jha,google_swe_early_career,general,0.63,0.8,5,2,2,0.3503,0.8,0.5,1.0,1.0,0,1,3,3,-1
friend_nitesh_kumar_jha,google_swe_generalist,general,0.8333,1.0,10,4,0,0.3503,0.8,0.5,1.0,1.0,0,1,3,3,-1
friend_nitesh_kumar_jha,java_backend_developer,general,0.505,0.7,7,4,6,0.3299,1.0,1.0,1.0,1.0,0,0,3,3,-1
friend_nitesh_kumar_jha,junior_ml_engineer,general,0.43,0.65,5,5,7,0.3197,0.68,0.5,0.6,1.0,0,3,3,4,-1
friend_nitesh_kumar_jha,laravel_developer,general,0.5056,0.6111,6,5,7,0.2343,0.88,1.0,0.6,1.0,0,0,3,4,-1
friend_nitesh_kumar_jha,mern_stack_developer,general,0.5955,0.6364,11,3,8,0.383,0.88,1.0,0.6,1.0,0,0,3,4,-1
friend_nitesh_kumar_jha,php_fullstack_developer,general,0.4714,0.619,6,6,8,0.4106,0.88,1.0,0.6,1.0,0,0,3,4,1
friend_nitesh_kumar_jha,software_engineer_general,general,0.5,0.6364,8,5,8,0.3814,1.0,1.0,1.0,1.0,0,0,3,3,-1
friend_paras_,android_developer,general,0.3,0.3,3,0,7,0.1553,0.68,0.5,0.6,1.0,0,1,3,4,-1
friend_paras_,backend_swe_fullstack,general,0.5962,0.6923,13,5,8,0.4214,0.8,0.5,1.0,1.0,0,1,3,3,1
friend_paras_,data_scientist,general,0.3643,0.5,4,1,7,0.2748,0.88,1.0,0.6,1.0,0,0,3,4,-1
friend_paras_,flutter_developer_fresher,general,0.2917,0.3333,3,1,8,0.1841,0.88,1.0,0.6,1.0,0,0,3,4,0
friend_paras_,frontend_developer_fresher,general,0.6818,0.9091,5,5,1,0.4327,1.0,1.0,1.0,1.0,0,0,3,3,1
friend_paras_,fullstack_developer_fresher,general,0.4708,0.625,8,6,9,0.3287,1.0,1.0,1.0,1.0,0,0,3,3,-1
friend_paras_,fullstack_developer_general,general,0.4156,0.5625,9,7,14,0.3205,0.88,1.0,0.6,1.0,0,0,3,4,-1
friend_paras_,golang_backend_developer,general,0.6286,0.7143,8,1,4,0.2703,1.0,1.0,1.0,1.0,0,0,3,3,-1
friend_paras_,google_ml_engineer,general,0.52,0.7,8,3,6,0.3308,0.8,0.5,1.0,1.0,0,1,3,3,-1
friend_paras_,google_swe_early_career,general,0.6,0.7,5,2,3,0.2652,0.8,0.5,1.0,1.0,0,1,3,3,-1
friend_paras_,google_swe_generalist,general,0.8,0.8667,11,2,2,0.2751,0.8,0.5,1.0,1.0,0,1,3,3,-1
friend_paras_,java_backend_developer,general,0.39,0.5,6,3,10,0.1732,1.0,1.0,1.0,1.0,0,0,3,3,-1
friend_paras_,junior_ml_engineer,general,0.5,0.75,7,3,5,0.2896,0.68,0.5,0.6,1.0,0,3,3,4,-1
friend_paras_,laravel_developer,general,0.5944,0.7222,8,5,5,0.1975,0.88,1.0,0.6,1.0,0,0,3,4,-1
friend_paras_,mern_stack_developer,general,0.4455,0.5455,8,3,10,0.2995,0.88,1.0,0.6,1.0,0,0,3,4,-1
friend_paras_,php_fullstack_developer,general,0.3333,0.4762,4,5,11,0.2867,0.88,1.0,0.6,1.0,0,0,3,4,-1
friend_paras_,software_engineer_general,general,0.3545,0.4091,7,1,13,0.2863,1.0,1.0,1.0,1.0,0,0,3,3,-1
friend_pawan_joshi,android_developer,general,0.24,0.3,1,2,7,0.2249,0.68,0.5,0.6,1.0,0,1,3,4,0
friend_pawan_joshi,backend_swe_fullstack,general,0.2385,0.2692,5,2,19,0.2972,0.8,0.5,1.0,1.0,0,1,3,3,0
friend_pawan_joshi,data_scientist,general,0.4786,0.5,6,1,7,0.2876,0.88,1.0,0.6,1.0,0,0,3,4,-1
friend_pawan_joshi,flutter_developer_fresher,general,0.125,0.1667,1,1,10,0.2358,0.88,1.0,0.6,1.0,0,0,3,4,0
friend_pawan_joshi,frontend_developer_fresher,general,0.0909,0.0909,1,0,10,0.2973,1.0,1.0,1.0,1.0,0,0,3,3,0
friend_pawan_joshi,fullstack_developer_fresher,general,0.0833,0.0833,2,0,22,0.1926,1.0,1.0,1.0,1.0,0,0,3,3,0
friend_pawan_joshi,fullstack_developer_general,general,0.1719,0.2188,4,2,25,0.2156,0.88,1.0,0.6,1.0,0,0,3,4,0
friend_pawan_joshi,golang_backend_developer,general,0.4286,0.5,5,1,7,0.2582,1.0,1.0,1.0,1.0,0,0,3,3,-1
friend_pawan_joshi,google_ml_engineer,general,0.475,0.55,8,2,9,0.3103,0.8,0.5,1.0,1.0,0,1,3,3,-1
friend_pawan_joshi,google_swe_early_career,general,0.62,0.7,5,2,3,0.2013,0.8,0.5,1.0,1.0,0,1,3,3,-1
friend_pawan_joshi,google_swe_generalist,general,0.5467,0.6,7,2,6,0.2039,0.8,0.5,1.0,1.0,0,1,3,3,-1
friend_pawan_joshi,java_backend_developer,general,0.225,0.3,3,2,14,0.2562,1.0,1.0,1.0,1.0,0,0,3,3,0
friend_pawan_joshi,junior_ml_engineer,general,0.475,0.6,7,4,8,0.2823,0.68,0.5,0.6,1.0,0,3,3,4,-1
friend_pawan_joshi,laravel_developer,general,0.15,0.1667,2,1,15,0.1705,0.88,1.0,0.6,1.0,0,0,3,4,0
friend_pawan_joshi,mern_stack_developer,general,0.0909,0.0909,2,0,20,0.1789,0.88,1.0,0.6,1.0,0,0,3,4,0
friend_pawan_joshi,php_fullstack_developer,general,0.1429,0.1905,2,1,17,0.2647,0.88,1.0,0.6,1.0,0,0,3,4,0
friend_pawan_joshi,software_engineer_general,general,0.2409,0.2727,5,0,16,0.2694,1.0,1.0,1.0,1.0,0,0,3,3,0
friend_piyush_,android_developer,general,0.27,0.3,2,1,7,0.2507,0.68,0.5,0.6,1.0,0,1,3,4,0
friend_piyush_,backend_swe_fullstack,general,0.5346,0.6538,10,7,9,0.4528,0.8,0.5,1.0,1.0,0,1,3,3,1
friend_piyush_,data_scientist,general,0.1929,0.2143,2,1,11,0.3233,0.88,1.0,0.6,1.0,0,0,3,4,-1
friend_piyush_,flutter_developer_fresher,general,0.25,0.25,3,0,9,0.4049,0.88,1.0,0.6,1.0,0,0,3,4,-1
friend_piyush_,frontend_developer_fresher,general,0.5455,0.7273,4,4,3,0.5476,1.0,1.0,1.0,1.0,0,0,3,3,1
friend_piyush_,fullstack_developer_fresher,general,0.5542,0.7083,10,6,7,0.5645,1.0,1.0,1.0,1.0,0,0,3,3,1
friend_piyush_,fullstack_developer_general,general,0.5344,0.6562,14,5,11,0.3705,0.88,1.0,0.6,1.0,0,0,3,4,-1
friend_piyush_,golang_backend_developer,general,0.55,0.6429,6,2,5,0.3758,1.0,1.0,1.0,1.0,0,0,3,3,-1
friend_piyush_,google_ml_engineer,general,0.285,0.4,3,5,12,0.3265,0.8,0.5,1.0,1.0,0,1,3,3,-1
friend_piyush_,google_swe_early_career,general,0.47,0.6,3,3,4,0.3306,0.8,0.5,1.0,1.0,0,1,3,3,-1
friend_piyush_,google_swe_generalist,general,0.6467,0.7333,8,3,4,0.3605,0.8,0.5,1.0,1.0,0,1,3,3,-1
friend_piyush_,java_backend_developer,general,0.505,0.7,7,4,6,0.3664,1.0,1.0,1.0,1.0,0,0,3,3,-1
friend_piyush_,junior_ml_engineer,general,0.285,0.35,4,3,13,0.258,0.68,0.5,0.6,1.0,0,3,3,4,0
friend_piyush_,laravel_developer,general,0.5556,0.6667,8,4,6,0.3661,0.88,1.0,0.6,1.0,0,0,3,4,-1
friend_piyush_,mern_stack_developer,general,0.4909,0.5909,9,3,9,0.4807,0.88,1.0,0.6,1.0,0,0,3,4,1
friend_piyush_,php_fullstack_developer,general,0.4619,0.7143,6,5,6,0.4885,0.88,1.0,0.6,1.0,0,0,3,4,1
friend_piyush_,software_engineer_general,general,0.4818,0.6364,8,4,8,0.4549,1.0,1.0,1.0,1.0,0,0,3,3,1
friend_pranav_chugh,android_developer,general,0.47,0.5,4,1,5,0.0517,0.88,1.0,0.6,1.0,1,1,3,4,-1
friend_pranav_chugh,backend_swe_fullstack,general,0.65,0.7692,13,7,6,0.1981,1.0,1.0,1.0,1.0,1,1,3,3,-1
friend_pranav_chugh,data_scientist,general,0.6143,0.7143,8,0,4,0.2229,0.88,1.0,0.6,1.0,1,0,3,4,-1
friend_pranav_chugh,flutter_developer_fresher,general,0.1667,0.1667,2,0,10,0.0838,0.88,1.0,0.6,1.0,1,0,3,4,0
friend_pranav_chugh,frontend_developer_fresher,general,0.7727,0.9091,7,3,1,0.1629,1.0,1.0,1.0,1.0,1,0,3,3,-1
friend_pranav_chugh,fullstack_developer_fresher,general,0.6625,0.7917,12,7,5,0.1279,1.0,1.0,1.0,1.0,1,0,3,3,-1
friend_pranav_chugh,fullstack_developer_general,general,0.5938,0.7188,15,6,9,0.1429,0.88,1.0,0.6,1.0,1,0,3,4,-1
friend_pranav_chugh,golang_backend_developer,general,0.5214,0.6429,6,2,5,0.0556,1.0,1.0,1.0,1.0,1,0,3,3,-1
friend_pranav_chugh,google_ml_engineer,general,0.785,0.85,14,3,3,0.3028,1.0,1.0,1.0,1.0,1,1,3,3,-1
friend_pranav_chugh,google_swe_early_career,general,0.62,0.7,5,2,3,0.0722,1.0,1.0,1.0,1.0,1,1,3,3,-1
friend_pranav_chugh,google_swe_generalist,general,0.88,0.9333,12,2,1,0.0952,1.0,1.0,1.0,1.0,1,1,3,3,-1
friend_pranav_chugh,java_backend_developer,general,0.595,0.8,9,4,4,0.0791,1.0,1.0,1.0,1.0,1,0,3,3,-1
friend_pranav_chugh,junior_ml_engineer,general,0.825,0.9,15,3,2,0.3935,0.64,0.4,0.6,1.0,1,3,3,4,-1
friend_pranav_chugh,laravel_developer,general,0.6667,0.7778,10,4,4,0.1107,0.88,1.0,0.6,1.0,1,0,3,4,-1
friend_pranav_chugh,mern_stack_developer,general,0.5864,0.6818,10,5,7,0.1765,0.88,1.0,0.6,1.0,1,0,3,4,-1
friend_pranav_chugh,php_fullstack_developer,general,0.5714,0.8095,7,7,4,0.095,0.88,1.0,0.6,1.0,1,0,3,4,-1
friend_pranav_chugh,software_engineer_general,general,0.5909,0.7273,10,4,6,0.1031,1.0,1.0,1.0,1.0,1,0,3,3,-1
friend_pranav_khurana,android_developer,general,0.34,0.4,2,2,6,0.1678,0.68,0.5,0.6,1.0,0,1,3,4,-1
friend_pranav_khurana,backend_swe_fullstack,general,0.4077,0.4615,8,4,14,0.5214,0.8,0.5,1.0,1.0,0,1,3,3,1
friend_pranav_khurana,data_scientist,general,0.6786,0.8571,7,3,2,0.5403,0.88,1.0,0.6,1.0,0,0,3,4,1
friend_pranav_khurana,flutter_developer_fresher,general,0.3917,0.5,3,3,6,0.2475,0.88,1.0,0.6,1.0,0,0,3,4,-1
friend_pranav_khurana,frontend_developer_fresher,general,0.7455,0.9091,6,4,1,0.41,1.0,1.0,1.0,1.0,0,0,3,3,1
friend_pranav_khurana,fullstack_developer_fresher,general,0.5458,0.625,10,5,9,0.4039,1.0,1.0,1.0,1.0,0,0,3,3,1
friend_pranav_khurana,fullstack_developer_general,general,0.5031,0.625,11,9,12,0.3284,0.88,1.0,0.6,1.0,0,0,3,4,-1
friend_pranav_khurana,golang_backend_developer,general,0.5071,0.5714,5,3,6,0.3048,1.0,1.0,1.0,1.0,0,0,3,3,-1
friend_pranav_khurana,google_ml_engineer,general,0.51,0.65,7,4,7,0.3687,0.8,0.5,1.0,1.0,0,1,3,3,-1
friend_pranav_khurana,google_swe_early_career,general,0.44,0.6,2,3,4,0.3054,0.8,0.5,1.0,1.0,0,1,3,3,-1
friend_pranav_khurana,google_swe_generalist,general,0.6067,0.7333,6,4,4,0.3142,0.8,0.5,1.0,1.0,0,1,3,3,-1
friend_pranav_khurana,java_backend_developer,general,0.37,0.45,5,4,11,0.3199,1.0,1.0,1.0,1.0,0,0,3,3,-1
friend_pranav_khurana,junior_ml_engineer,general,0.54,0.7,8,3,6,0.2946,0.68,0.5,0.6,1.0,0,3,3,4,-1
friend_pranav_khurana,laravel_developer,general,0.4778,0.5556,6,4,8,0.2886,0.88,1.0,0.6,1.0,0,0,3,4,-1
friend_pranav_khurana,mern_stack_developer,general,0.5727,0.6364,10,4,8,0.402,0.88,1.0,0.6,1.0,0,0,3,4,1
friend_pranav_khurana,php_fullstack_developer,general,0.3857,0.4286,6,3,12,0.4544,0.88,1.0,0.6,1.0,0,0,3,4,-1
friend_pranav_khurana,software_engineer_general,general,0.3818,0.4091,7,2,13,0.4464,1.0,1.0,1.0,1.0,0,0,3,3,-1
friend_pranjal_tomar,android_developer,general,0.4,0.4,4,0,6,0.2817,0.68,0.5,0.6,1.0,0,1,3,4,-1
friend_pranjal_tomar,backend_swe_fullstack,general,0.5,0.6154,10,5,10,0.5825,0.8,0.5,1.0,1.0,0,1,3,3,1
friend_pranjal_tomar,data_scientist,general,0.4643,0.5714,5,3,6,0.429,0.88,1.0,0.6,1.0,0,0,3,4,1
friend_pranjal_tomar,flutter_developer_fresher,general,0.2083,0.25,2,1,9,0.3669,0.88,1.0,0.6,1.0,0,0,3,4,-1
friend_pranjal_tomar,frontend_developer_fresher,general,0.6364,0.8182,5,4,2,0.5527,1.0,1.0,1.0,1.0,0,0,3,3,1
friend_pranjal_tomar,fullstack_developer_fresher,general,0.5375,0.625,10,5,9,0.6271,1.0,1.0,1.0,1.0,0,0,3,3,1
friend_pranjal_tomar,fullstack_developer_general,general,0.5,0.625,12,7,12,0.4659,0.88,1.0,0.6,1.0,0,0,3,4,1
friend_pranjal_tomar,golang_backend_developer,general,0.5929,0.7143,7,2,4,0.4187,1.0,1.0,1.0,1.0,0,0,3,3,1
friend_pranjal_tomar,google_ml_engineer,general,0.44,0.6,6,5,8,0.4447,0.8,0.5,1.0,1.0,0,1,3,3,1
friend_pranjal_tomar,google_swe_early_career,general,0.73,0.9,6,2,1,0.3958,0.8,0.5,1.0,1.0,0,1,3,3,-1
friend_pranjal_tomar,google_swe_generalist,general,0.8,0.9333,10,3,1,0.3995,0.8,0.5,1.0,1.0,0,1,3,3,-1
friend_pranjal_tomar,java_backend_developer,general,0.37,0.55,5,3,9,0.4322,1.0,1.0,1.0,1.0,0,0,3,3,-1
friend_pranjal_tomar,junior_ml_engineer,general,0.47,0.7,6,5,6,0.3259,0.68,0.5,0.6,1.0,0,3,3,4,-1
friend_pranjal_tomar,laravel_developer,general,0.4278,0.5,6,3,9,0.3903,0.88,1.0,0.6,1.0,0,0,3,4,-1
friend_pranjal_tomar,mern_stack_developer,general,0.4955,0.5455,9,3,10,0.5888,0.88,1.0,0.6,1.0,0,0,3,4,1
friend_pranjal_tomar,php_fullstack_developer,general,0.4571,0.6667,6,5,7,0.5661,0.88,1.0,0.6,1.0,0,0,3,4,1
friend_pranjal_tomar,software_engineer_general,general,0.4682,0.6364,7,5,8,0.5029,1.0,1.0,1.0,1.0,0,0,3,3,1
friend_prasann_kumar,android_developer,general,0.44,0.5,3,2,5,0.261,0.68,0.5,0.6,1.0,0,1,3,4,-1
friend_prasann_kumar,backend_swe_fullstack,general,0.4462,0.5,9,4,13,0.5124,0.8,0.5,1.0,1.0,0,1,3,3,1
friend_prasann_kumar,data_scientist,general,0.3214,0.5,2,3,7,0.4584,0.88,1.0,0.6,1.0,0,0,3,4,-1
friend_prasann_kumar,flutter_developer_fresher,general,0.1667,0.1667,2,0,10,0.3439,0.88,1.0,0.6,1.0,0,0,3,4,-1
friend_prasann_kumar,frontend_developer_fresher,general,0.6545,0.9091,4,6,1,0.4175,1.0,1.0,1.0,1.0,0,0,3,3,1
friend_prasann_kumar,fullstack_developer_fresher,general,0.4042,0.5417,6,6,11,0.4423,1.0,1.0,1.0,1.0,0,0,3,3,1
friend_prasann_kumar,fullstack_developer_general,general,0.3812,0.5,8,7,16,0.3795,0.88,1.0,0.6,1.0,0,0,3,4,-1
friend_prasann_kumar,golang_backend_developer,general,0.5071,0.5714,5,3,6,0.3725,1.0,1.0,1.0,1.0,0,0,3,3,-1
friend_prasann_kumar,google_ml_engineer,general,0.4,0.55,5,4,9,0.38,0.8,0.5,1.0,1.0,0,1,3,3,-1
friend_prasann_kumar,google_swe_early_career,general,0.47,0.6,3,2,4,0.3301,0.8,0.5,1.0,1.0,0,1,3,3,-1
friend_prasann_kumar,google_swe_generalist,general,0.74,0.8667,8,4,2,0.3227,0.8,0.5,1.0,1.0,0,1,3,3,-1
friend_prasann_kumar,java_backend_developer,general,0.355,0.4,5,3,12,0.4777,1.0,1.0,1.0,1.0,0,0,3,3,-1
friend_prasann_kumar,junior_ml_engineer,general,0.365,0.55,4,4,9,0.3886,0.68,0.5,0.6,1.0,0,3,3,4,-1
friend_prasann_kumar,laravel_developer,general,0.4,0.4444,6,2,10,0.3153,0.88,1.0,0.6,1.0,0,0,3,4,-1
friend_prasann_kumar,mern_stack_developer,general,0.35,0.4545,5,4,12,0.4213,0.88,1.0,0.6,1.0,0,0,3,4,-1
friend_prasann_kumar,php_fullstack_developer,general,0.2143,0.2381,4,1,16,0.4489,0.88,1.0,0.6,1.0,0,0,3,4,-1
friend_prasann_kumar,software_engineer_general,general,0.3045,0.3182,6,1,15,0.3869,1.0,1.0,1.0,1.0,0,0,3,3,-1
friend_prashant_,android_developer,general,0.5,0.5,5,0,5,0.1891,0.68,0.5,0.6,1.0,0,1,3,4,-1
friend_prashant_,backend_swe_fullstack,general,0.5731,0.6923,11,7,8,0.4366,0.8,0.5,1.0,1.0,0,1,3,3,1
friend_prashant_,data_scientist,general,0.3643,0.5,4,1,7,0.1424,0.88,1.0,0.6,1.0,0,0,3,4,-1
friend_prashant_,flutter_developer_fresher,general,0.2917,0.3333,3,1,8,0.2318,0.88,1.0,0.6,1.0,0,0,3,4,0
friend_prashant_,frontend_developer_fresher,general,0.7,0.9091,5,5,1,0.2655,1.0,1.0,1.0,1.0,0,0,3,3,-1
friend_prashant_,fullstack_developer_fresher,general,0.5583,0.6667,10,6,8,0.2724,1.0,1.0,1.0,1.0,0,0,3,3,-1
friend_prashant_,fullstack_developer_general,general,0.5312,0.6562,13,7,11,0.2453,0.88,1.0,0.6,1.0,0,0,3,4,-1
friend_prashant_,golang_backend_developer,general,0.6929,0.8571,7,4,2,0.2905,1.0,1.0,1.0,1.0,0,0,3,3,-1
friend_prashant_,google_ml_engineer,general,0.44,0.6,6,4,8,0.2825,0.8,0.5,1.0,1.0,0,1,3,3,-1
friend_prashant_,google_swe_early_career,general,0.6,0.8,4,3,2,0.2857,0.8,0.5,1.0,1.0,0,1,3,3,-1
friend_prashant_,google_swe_generalist,general,0.78,0.9333,9,4,1,0.2465,0.8,0.5,1.0,1.0,0,1,3,3,-1
friend_prashant_,java_backend_developer,general,0.42,0.6,6,3,8,0.2407,1.0,1.0,1.0,1.0,0,0,3,3,-1
friend_prashant_,junior_ml_engineer,general,0.33,0.5,4,3,10,0.196,0.68,0.5,0.6,1.0,0,3,3,4,-1
friend_prashant_,laravel_developer,general,0.4556,0.5556,6,4,8,0.1618,0.88,1.0,0.6,1.0,0,0,3,4,-1
friend_prashant_,mern_stack_developer,general,0.5409,0.5909,10,3,9,0.2504,0.88,1.0,0.6,1.0,0,0,3,4,-1
friend_prashant_,php_fullstack_developer,general,0.481,0.7143,6,6,6,0.3144,0.88,1.0,0.6,1.0,0,0,3,4,-1
friend_prashant_,software_engineer_general,general,0.4455,0.6364,6,6,8,0.2775,1.0,1.0,1.0,1.0,0,0,3,3,-1
friend_pratyush_sudarshan,android_developer,general,0.37,0.4,3,1,6,0.208,0.605,0.5,0.6,0.75,0,1,3,4,-1
friend_pratyush_sudarshan,backend_swe_fullstack,general,0.5923,0.6923,12,6,8,0.3101,0.725,0.5,1.0,0.75,0,1,3,3,-1
friend_pratyush_sudarshan,data_scientist,general,0.3357,0.5,2,5,7,0.1921,0.805,1.0,0.6,0.75,0,0,3,4,-1
friend_pratyush_sudarshan,flutter_developer_fresher,general,0.2083,0.25,2,1,9,0.3789,0.805,1.0,0.6,0.75,0,0,3,4,-1
friend_pratyush_sudarshan,frontend_developer_fresher,general,0.6818,0.8182,6,3,2,0.4577,0.925,1.0,1.0,0.75,0,0,3,3,1
friend_pratyush_sudarshan,fullstack_developer_fresher,general,0.5667,0.6667,10,6,8,0.3778,0.925,1.0,1.0,0.75,0,0,3,3,-1
friend_pratyush_sudarshan,fullstack_developer_general,general,0.575,0.6875,14,7,10,0.2566,0.805,1.0,0.6,0.75,0,0,3,4,-1
friend_pratyush_sudarshan,golang_backend_developer,general,0.6429,0.7143,8,1,4,0.2417,0.925,1.0,1.0,0.75,0,0,3,3,-1
friend_pratyush_sudarshan,google_ml_engineer,general,0.535,0.7,7,7,6,0.2468,0.725,0.5,1.0,0.75,0,1,3,3,-1
friend_pratyush_sudarshan,google_swe_early_career,general,0.62,0.8,4,4,2,0.247,0.725,0.5,1.0,0.75,0,1,3,3,-1
friend_pratyush_sudarshan,google_swe_generalist,general,0.76,0.9333,8,6,1,0.2899,0.725,0.5,1.0,0.75,0,1,3,3,-1
friend_pratyush_sudarshan,java_backend_developer,general,0.43,0.6,6,3,8,0.2781,0.925,1.0,1.0,0.75,0,0,3,3,-1
friend_pratyush_sudarshan,junior_ml_engineer,general,0.465,0.7,5,7,6,0.337,0.605,0.5,0.6,0.75,0,3,3,4,-1
friend_pratyush_sudarshan,laravel_developer,general,0.4667,0.5556,6,4,8,0.1686,0.805,1.0,0.6,0.75,0,0,3,4,-1
friend_pratyush_sudarshan,mern_stack_developer,general,0.55,0.5909,10,3,9,0.3128,0.805,1.0,0.6,0.75,0,0,3,4,-1
friend_pratyush_sudarshan,php_fullstack_developer,general,0.3524,0.4762,4,5,11,0.3572,0.805,1.0,0.6,0.75,0,0,3,4,-1
friend_pratyush_sudarshan,software_engineer_general,general,0.4773,0.5909,8,4,9,0.2943,0.925,1.0,1.0,0.75,0,0,3,3,-1
friend_pritish_yadav,android_developer,general,0.5,0.5,5,0,5,0.284,0.68,0.5,0.6,1.0,0,1,3,4,-1
friend_pritish_yadav,backend_swe_fullstack,general,0.6346,0.7692,13,6,6,0.4042,0.8,0.5,1.0,1.0,0,1,3,3,1
friend_pritish_yadav,data_scientist,general,0.3929,0.5,4,3,7,0.3582,0.88,1.0,0.6,1.0,0,0,3,4,-1
friend_pritish_yadav,flutter_developer_fresher,general,0.2917,0.3333,3,1,8,0.4134,0.88,1.0,0.6,1.0,0,0,3,4,-1
friend_pritish_yadav,frontend_developer_fresher,general,0.5818,0.7273,4,4,3,0.4678,1.0,1.0,1.0,1.0,0,0,3,3,1
friend_pritish_yadav,fullstack_developer_fresher,general,0.4875,0.625,8,6,9,0.5547,1.0,1.0,1.0,1.0,0,0,3,3,1
friend_pritish_yadav,fullstack_developer_general,general,0.525,0.6562,13,6,11,0.3866,0.88,1.0,0.6,1.0,0,0,3,4,-1
friend_pritish_yadav,golang_backend_developer,general,0.75,0.8571,9,2,2,0.2903,1.0,1.0,1.0,1.0,0,0,3,3,-1
friend_pritish_yadav,google_ml_engineer,general,0.475,0.6,7,5,8,0.269,0.8,0.5,1.0,1.0,0,1,3,3,-1
friend_pritish_yadav,google_swe_early_career,general,0.65,0.8,5,2,2,0.3494,0.8,0.5,1.0,1.0,0,1,3,3,-1
friend_pritish_yadav,google_swe_generalist,general,0.7933,0.9333,9,4,1,0.365,0.8,0.5,1.0,1.0,0,1,3,3,-1
friend_pritish_yadav,java_backend_developer,general,0.495,0.65,8,2,7,0.3538,1.0,1.0,1.0,1.0,0,0,3,3,-1
friend_pritish_yadav,junior_ml_engineer,general,0.5,0.65,7,6,7,0.304,0.68,0.5,0.6,1.0,0,3,3,4,-1
friend_pritish_yadav,laravel_developer,general,0.3833,0.4444,5,3,10,0.3482,0.88,1.0,0.6,1.0,0,0,3,4,-1
friend_pritish_yadav,mern_stack_developer,general,0.4636,0.5455,8,3,10,0.47,0.88,1.0,0.6,1.0,0,0,3,4,1
friend_pritish_yadav,php_fullstack_developer,general,0.4619,0.7143,6,5,6,0.4608,0.88,1.0,0.6,1.0,0,0,3,4,1
friend_pritish_yadav,software_engineer_general,general,0.4818,0.6818,7,6,7,0.3621,1.0,1.0,1.0,1.0,0,0,3,3,-1
friend_priyanshu_,android_developer,general,0.17,0.2,1,1,8,0.1546,0.685,1.0,0.2,0.75,7,1,1,4,0
friend_priyanshu_,backend_swe_fullstack,general,0.2808,0.3462,6,2,17,0.2756,0.925,1.0,1.0,0.75,7,1,1,3,0
friend_priyanshu_,data_scientist,general,0.5357,0.5714,7,1,6,0.2453,0.685,1.0,0.2,0.75,7,0,1,4,-1
friend_priyanshu_,flutter_developer_fresher,general,0.1667,0.25,1,2,9,0.2161,0.685,1.0,0.2,0.75,7,0,1,4,0
friend_priyanshu_,frontend_developer_fresher,general,0.1818,0.1818,2,0,9,0.3094,0.925,1.0,1.0,0.75,7,0,1,3,-1
friend_priyanshu_,fullstack_developer_fresher,general,0.0833,0.0833,2,0,22,0.1546,0.925,1.0,1.0,0.75,7,0,1,3,0
friend_priyanshu_,fullstack_developer_general,general,0.1781,0.2188,4,3,25,0.189,0.685,1.0,0.2,0.75,7,0,1,4,0
friend_priyanshu_,golang_backend_developer,general,0.3929,0.4286,5,1,8,0.2351,0.925,1.0,1.0,0.75,7,0,1,3,-1
friend_priyanshu_,google_ml_engineer,general,0.415,0.5,7,2,10,0.264,0.925,1.0,1.0,0.75,7,1,1,3,-1
friend_priyanshu_,google_swe_early_career,general,0.53,0.6,5,0,4,0.1672,0.925,1.0,1.0,0.75,7,1,1,3,-1
friend_priyanshu_,google_swe_generalist,general,0.4867,0.5333,7,0,7,0.1558,0.925,1.0,1.0,0.75,7,1,1,3,-1
friend_priyanshu_,java_backend_developer,general,0.225,0.25,4,1,15,0.2204,0.925,1.0,1.0,0.75,7,0,1,3,0
friend_priyanshu_,junior_ml_engineer,general,0.615,0.75,10,4,5,0.2925,0.685,1.0,0.2,0.75,7,3,1,4,-1
friend_priyanshu_,laravel_developer,general,0.15,0.1667,2,1,15,0.2156,0.685,1.0,0.2,0.75,7,0,1,4,0
friend_priyanshu_,mern_stack_developer,general,0.1136,0.1364,2,1,19,0.2264,0.685,1.0,0.2,0.75,7,0,1,4,0
friend_priyanshu_,php_fullstack_developer,general,0.1524,0.1905,2,2,17,0.2218,0.685,1.0,0.2,0.75,7,0,1,4,0
friend_priyanshu_,software_engineer_general,general,0.2045,0.2273,4,1,17,0.2271,0.925,1.0,1.0,0.75,7,0,1,3,0
friend_priyanshu_goel,android_developer,general,0.5,0.5,5,0,5,0.2331,0.68,0.5,0.6,1.0,0,1,3,4,-1
friend_priyanshu_goel,backend_swe_fullstack,general,0.6231,0.7692,12,7,6,0.4039,0.8,0.5,1.0,1.0,0,1,3,3,1
friend_priyanshu_goel,data_scientist,general,0.2714,0.3571,3,1,9,0.1561,0.88,1.0,0.6,1.0,0,0,3,4,0
friend_priyanshu_goel,flutter_developer_fresher,general,0.4333,0.5,4,2,6,0.3644,0.88,1.0,0.6,1.0,0,0,3,4,-1
friend_priyanshu_goel,frontend_developer_fresher,general,0.8818,1.0,8,3,0,0.4975,1.0,1.0,1.0,1.0,0,0,3,3,1
friend_priyanshu_goel,fullstack_developer_fresher,general,0.6,0.75,10,7,6,0.5406,1.0,1.0,1.0,1.0,0,0,3,3,1
friend_priyanshu_goel,fullstack_developer_general,general,0.625,0.75,16,6,8,0.3249,0.88,1.0,0.6,1.0,0,0,3,4,-1
friend_priyanshu_goel,golang_backend_developer,general,0.7643,0.9286,8,4,1,0.3167,1.0,1.0,1.0,1.0,0,0,3,3,-1
friend_priyanshu_goel,google_ml_engineer,general,0.465,0.6,7,4,8,0.2548,0.8,0.5,1.0,1.0,0,1,3,3,-1
friend_priyanshu_goel,google_swe_early_career,general,0.63,0.8,5,2,2,0.3081,0.8,0.5,1.0,1.0,0,1,3,3,-1
friend_priyanshu_goel,google_swe_generalist,general,0.7667,0.9333,9,4,1,0.3384,0.8,0.5,1.0,1.0,0,1,3,3,-1
friend_priyanshu_goel,java_backend_developer,general,0.605,0.8,9,4,4,0.2564,1.0,1.0,1.0,1.0,0,0,3,3,-1
friend_priyanshu_goel,junior_ml_engineer,general,0.43,0.65,5,5,7,0.194,0.68,0.5,0.6,1.0,0,3,3,4,-1
friend_priyanshu_goel,laravel_developer,general,0.55,0.6667,7,5,6,0.2238,0.88,1.0,0.6,1.0,0,0,3,4,-1
friend_priyanshu_goel,mern_stack_developer,general,0.6091,0.7273,10,5,6,0.4464,0.88,1.0,0.6,1.0,0,0,3,4,1
friend_priyanshu_goel,php_fullstack_developer,general,0.4571,0.7619,4,8,5,0.4226,0.88,1.0,0.6,1.0,0,0,3,4,1
friend_priyanshu_goel,software_engineer_general,general,0.4955,0.7273,7,6,6,0.3441,1.0,1.0,1.0,1.0,0,0,3,3,-1
friend_rachit_jain,android_developer,general,0.42,0.5,3,2,5,0.1104,0.605,0.5,0.6,0.75,0,1,3,4,-1
friend_rachit_jain,backend_swe_fullstack,general,0.3269,0.3846,7,3,16,0.272,0.725,0.5,1.0,0.75,0,1,3,3,-1
friend_rachit_jain,data_scientist,general,0.5714,0.5714,8,0,6,0.2401,0.805,1.0,0.6,0.75,0,0,3,4,-1
friend_rachit_jain,flutter_developer_fresher,general,0.375,0.4167,4,1,7,0.049,0.805,1.0,0.6,0.75,0,0,3,4,-1
friend_rachit_jain,frontend_developer_fresher,general,0.3636,0.4545,3,2,6,0.2189,0.925,1.0,1.0,0.75,0,0,3,3,-1
friend_rachit_jain,fullstack_developer_fresher,general,0.3417,0.4167,6,4,14,0.0957,0.925,1.0,1.0,0.75,0,0,3,3,-1
friend_rachit_jain,fullstack_developer_general,general,0.3344,0.4688,6,8,17,0.1529,0.805,1.0,0.6,0.75,0,0,3,4,-1
friend_rachit_jain,golang_backend_developer,general,0.5571,0.6429,7,1,5,0.0997,0.925,1.0,1.0,0.75,0,0,3,3,-1
friend_rachit_jain,google_ml_engineer,general,0.55,0.6,10,2,8,0.3203,0.725,0.5,1.0,0.75,0,1,3,3,-1
friend_rachit_jain,google_swe_early_career,general,0.75,0.8,7,1,2,0.1579,0.725,0.5,1.0,0.75,0,1,3,3,-1
friend_rachit_jain,google_swe_generalist,general,0.68,0.7333,9,2,4,0.1563,0.725,0.5,1.0,0.75,0,1,3,3,-1
friend_rachit_jain,java_backend_developer,general,0.215,0.3,3,2,14,0.1164,0.925,1.0,1.0,0.75,0,0,3,3,0
friend_rachit_jain,junior_ml_engineer,general,0.6,0.7,10,4,6,0.1932,0.605,0.5,0.6,0.75,0,3,3,4,-1
friend_rachit_jain,laravel_developer,general,0.2722,0.3333,3,3,12,0.1041,0.805,1.0,0.6,0.75,0,0,3,4,0
friend_rachit_jain,mern_stack_developer,general,0.35,0.3636,7,1,14,0.1685,0.805,1.0,0.6,0.75,0,0,3,4,-1
friend_rachit_jain,php_fullstack_developer,general,0.2381,0.3333,3,3,14,0.1699,0.805,1.0,0.6,0.75,0,0,3,4,0
friend_rachit_jain,software_engineer_general,general,0.3182,0.4091,5,3,13,0.1577,0.925,1.0,1.0,0.75,0,0,3,3,-1
friend_rachit_yadav,android_developer,general,0.14,0.2,0,2,8,0.329,0.53,0.5,0.6,0.5,0,1,3,4,-1
friend_rachit_yadav,backend_swe_fullstack,general,0.1423,0.1538,3,1,22,0.2522,0.65,0.5,1.0,0.5,0,1,3,3,0
friend_rachit_yadav,data_scientist,general,0.2429,0.2857,2,2,10,0.2658,0.73,1.0,0.6,0.5,0,0,3,4,0
friend_rachit_yadav,flutter_developer_fresher,general,0.0417,0.0833,0,1,11,0.4123,0.73,1.0,0.6,0.5,0,0,3,4,-1
friend_rachit_yadav,frontend_developer_fresher,general,0.0,0.0,0,0,11,0.3029,0.85,1.0,1.0,0.5,0,0,3,3,-1
friend_rachit_yadav,fullstack_developer_fresher,general,0.0208,0.0417,0,1,23,0.3466,0.85,1.0,1.0,0.5,0,0,3,3,-1
friend_rachit_yadav,fullstack_developer_general,general,0.1156,0.1562,2,3,27,0.5209,0.73,1.0,0.6,0.5,0,0,3,4,-1
friend_rachit_yadav,golang_backend_developer,general,0.1929,0.2143,2,1,11,0.3484,0.85,1.0,1.0,0.5,0,0,3,3,-1
friend_rachit_yadav,google_ml_engineer,general,0.185,0.25,2,3,15,0.2211,0.65,0.5,1.0,0.5,0,1,3,3,0
friend_rachit_yadav,google_swe_early_career,general,0.27,0.3,2,1,7,0.255,0.65,0.5,1.0,0.5,0,1,3,3,0
friend_rachit_yadav,google_swe_generalist,general,0.2467,0.2667,3,1,11,0.2551,0.65,0.5,1.0,0.5,0,1,3,3,0
friend_rachit_yadav,java_backend_developer,general,0.135,0.2,1,3,16,0.3218,0.85,1.0,1.0,0.5,0,0,3,3,-1
friend_rachit_yadav,junior_ml_engineer,general,0.135,0.2,1,3,16,0.2011,0.53,0.5,0.6,0.5,0,3,3,4,0
friend_rachit_yadav,laravel_developer,general,0.0667,0.1111,0,2,16,0.2729,0.73,1.0,0.6,0.5,0,0,3,4,0
friend_rachit_yadav,mern_stack_developer,general,0.0455,0.0455,1,0,21,0.356,0.73,1.0,0.6,0.5,0,0,3,4,-1
friend_rachit_yadav,php_fullstack_developer,general,0.0571,0.0952,0,2,19,0.2459,0.73,1.0,0.6,0.5,0,0,3,4,0
friend_rachit_yadav,software_engineer_general,general,0.1591,0.1818,3,1,18,0.381,0.85,1.0,1.0,0.5,0,0,3,3,-1
friend_raghav_ghulyani,android_developer,general,0.47,0.5,4,1,5,0.261,0.68,0.5,0.6,1.0,0,1,3,4,-1
friend_raghav_ghulyani,backend_swe_fullstack,general,0.5231,0.6154,10,6,10,0.4284,0.8,0.5,1.0,1.0,0,1,3,3,1
friend_raghav_ghulyani,data_scientist,general,0.3214,0.4286,3,2,8,0.2613,0.88,1.0,0.6,1.0,0,0,3,4,-1
friend_raghav_ghulyani,flutter_developer_fresher,general,0.375,0.4167,4,1,7,0.435,0.88,1.0,0.6,1.0,0,0,3,4,-1
friend_raghav_ghulyani,frontend_developer_fresher,general,0.6091,0.7273,5,3,3,0.5237,1.0,1.0,1.0,1.0,0,0,3,3,1
friend_raghav_ghulyani,fullstack_developer_fresher,general,0.5667,0.6667,10,6,8,0.512,1.0,1.0,1.0,1.0,0,0,3,3,1
friend_raghav_ghulyani,fullstack_developer_general,general,0.5281,0.625,13,6,12,0.3299,0.88,1.0,0.6,1.0,0,0,3,4,-1
friend_raghav_ghulyani,golang_backend_developer,general,0.7143,0.7857,9,1,3,0.3787,1.0,1.0,1.0,1.0,0,0,3,3,-1
friend_raghav_ghulyani,google_ml_engineer,general,0.515,0.65,7,6,7,0.2856,0.8,0.5,1.0,1.0,0,1,3,3,-1
friend_raghav_ghulyani,google_swe_early_career,general,0.62,0.8,4,4,2,0.3295,0.8,0.5,1.0,1.0,0,1,3,3,-1
friend_raghav_ghulyani,google_swe_generalist,general,0.6733,0.8667,6,7,2,0.36,0.8,0.5,1.0,1.0,0,1,3,3,-1
friend_raghav_ghulyani,java_backend_developer,general,0.48,0.65,7,3,7,0.3883,1.0,1.0,1.0,1.0,0,0,3,3,-1
friend_raghav_ghulyani,junior_ml_engineer,general,0.445,0.65,5,6,7,0.3136,0.68,0.5,0.6,1.0,0,3,3,4,-1
friend_raghav_ghulyani,laravel_developer,general,0.4222,0.5,5,4,9,0.264,0.88,1.0,0.6,1.0,0,0,3,4,-1
friend_raghav_ghulyani,mern_stack_developer,general,0.55,0.5909,10,3,9,0.4326,0.88,1.0,0.6,1.0,0,0,3,4,1
friend_raghav_ghulyani,php_fullstack_developer,general,0.4619,0.5714,7,4,9,0.4884,0.88,1.0,0.6,1.0,0,0,3,4,1
friend_raghav_ghulyani,software_engineer_general,general,0.4773,0.5909,8,4,9,0.3977,1.0,1.0,1.0,1.0,0,0,3,3,-1
friend_raghav_khajuria,android_developer,general,0.2,0.2,2,0,8,0.3542,0.68,0.5,0.6,1.0,0,1,3,4,-1
friend_raghav_khajuria,backend_swe_fullstack,general,0.3346,0.3846,7,3,16,0.4346,0.8,0.5,1.0,1.0,0,1,3,3,-1
friend_raghav_khajuria,data_scientist,general,0.2,0.2857,2,1,10,0.4006,0.88,1.0,0.6,1.0,0,0,3,4,-1
friend_raghav_khajuria,flutter_developer_fresher,general,0.2083,0.25,2,1,9,0.432,0.88,1.0,0.6,1.0,0,0,3,4,-1
friend_raghav_khajuria,frontend_developer_fresher,general,0.8182,0.9091,8,2,1,0.5418,1.0,1.0,1.0,1.0,0,0,3,3,1
friend_raghav_khajuria,fullstack_developer_fresher,general,0.4958,0.5833,9,5,10,0.6218,1.0,1.0,1.0,1.0,0,0,3,3,1
friend_raghav_khajuria,fullstack_developer_general,general,0.4188,0.5312,9,8,15,0.5731,0.88,1.0,0.6,1.0,0,0,3,4,1
friend_raghav_khajuria,golang_backend_developer,general,0.3571,0.3571,5,0,9,0.3754,1.0,1.0,1.0,1.0,0,0,3,3,-1
friend_raghav_khajuria,google_ml_engineer,general,0.275,0.35,4,2,13,0.335,0.8,0.5,1.0,1.0,0,1,3,3,-1
friend_raghav_khajuria,google_swe_early_career,general,0.35,0.4,3,1,6,0.3894,0.8,0.5,1.0,1.0,0,1,3,3,-1
friend_raghav_khajuria,google_swe_generalist,general,0.58,0.6667,7,3,5,0.3973,0.8,0.5,1.0,1.0,0,1,3,3,-1
friend_raghav_khajuria,java_backend_developer,general,0.2,0.25,3,2,15,0.3837,1.0,1.0,1.0,1.0,0,0,3,3,-1
friend_raghav_khajuria,junior_ml_engineer,general,0.195,0.35,2,2,13,0.2713,0.68,0.5,0.6,1.0,0,3,3,4,0
friend_raghav_khajuria,laravel_developer,general,0.4389,0.5,6,3,9,0.4087,0.88,1.0,0.6,1.0,0,0,3,4,1
friend_raghav_khajuria,mern_stack_developer,general,0.5182,0.5455,10,2,10,0.5318,0.88,1.0,0.6,1.0,0,0,3,4,1
friend_raghav_khajuria,php_fullstack_developer,general,0.3286,0.381,5,3,13,0.5434,0.88,1.0,0.6,1.0,0,0,3,4,-1
friend_raghav_khajuria,software_engineer_general,general,0.2818,0.3182,5,2,15,0.4551,1.0,1.0,1.0,1.0,0,0,3,3,-1
friend_rahul_verma,android_developer,general,0.37,0.4,3,1,6,0.1923,0.68,0.5,0.6,1.0,0,1,3,4,-1
friend_rahul_verma,backend_swe_fullstack,general,0.5423,0.6154,11,5,10,0.4312,0.8,0.5,1.0,1.0,0,1,3,3,1
friend_rahul_verma,data_scientist,general,0.1929,0.2143,2,1,11,0.2247,0.88,1.0,0.6,1.0,0,0,3,4,0
friend_rahul_verma,flutter_developer_fresher,general,0.275,0.3333,3,0,8,0.3652,0.88,1.0,0.6,1.0,0,0,3,4,-1
friend_rahul_verma,frontend_developer_fresher,general,0.5909,0.7273,5,3,3,0.4085,1.0,1.0,1.0,1.0,0,0,3,3,1
friend_rahul_verma,fullstack_developer_fresher,general,0.5708,0.7083,10,6,7,0.5465,1.0,1.0,1.0,1.0,0,0,3,3,1
friend_rahul_verma,fullstack_developer_general,general,0.5594,0.6562,14,6,11,0.3164,0.88,1.0,0.6,1.0,0,0,3,4,-1
friend_rahul_verma,golang_backend_developer,general,0.6214,0.7143,7,3,4,0.3343,1.0,1.0,1.0,1.0,0,0,3,3,-1
friend_rahul_verma,google_ml_engineer,general,0.375,0.45,6,3,11,0.271,0.8,0.5,1.0,1.0,0,1,3,3,-1
friend_rahul_verma,google_swe_early_career,general,0.7,0.7,7,0,3,0.3259,0.8,0.5,1.0,1.0,0,1,3,3,-1
friend_rahul_verma,google_swe_generalist,general,0.6467,0.6667,9,1,5,0.3533,0.8,0.5,1.0,1.0,0,1,3,3,-1
friend_rahul_verma,java_backend_developer,general,0.485,0.65,6,6,7,0.4239,1.0,1.0,1.0,1.0,0,0,3,3,1
friend_rahul_verma,junior_ml_engineer,general,0.2,0.25,3,2,15,0.1803,0.68,0.5,0.6,1.0,0,3,3,4,0
friend_rahul_verma,laravel_developer,general,0.5167,0.6667,7,4,6,0.275,0.88,1.0,0.6,1.0,0,0,3,4,-1
friend_rahul_verma,mern_stack_developer,general,0.5864,0.6364,11,3,8,0.4516,0.88,1.0,0.6,1.0,0,0,3,4,1
friend_rahul_verma,php_fullstack_developer,general,0.6,0.8095,9,5,4,0.577,0.88,1.0,0.6,1.0,0,0,3,4,1
friend_rahul_verma,software_engineer_general,general,0.5773,0.7273,9,6,6,0.407,1.0,1.0,1.0,1.0,0,0,3,3,1
friend_rajat_.,android_developer,general,0.5,0.5,5,0,5,0.1278,0.53,0.5,0.6,0.5,0,1,3,4,-1
friend_rajat_.,backend_swe_fullstack,general,0.65,0.7692,13,7,6,0.402,0.65,0.5,1.0,0.5,0,1,3,3,1
friend_rajat_.,data_scientist,general,0.3929,0.5,4,3,7,0.2325,0.73,1.0,0.6,0.5,0,0,3,4,-1
friend_rajat_.,flutter_developer_fresher,general,0.2083,0.25,2,1,9,0.2198,0.73,1.0,0.6,0.5,0,0,3,4,0
friend_rajat_.,frontend_developer_fresher,general,0.7727,0.9091,7,3,1,0.4477,0.85,1.0,1.0,0.5,0,0,3,3,1
friend_rajat_.,fullstack_developer_fresher,general,0.6,0.7083,11,6,7,0.5425,0.85,1.0,1.0,0.5,0,0,3,3,1
friend_rajat_.,fullstack_developer_general,general,0.5375,0.6875,12,9,10,0.3336,0.73,1.0,0.6,0.5,0,0,3,4,-1
friend_rajat_.,golang_backend_developer,general,0.7143,0.8571,8,3,2,0.2838,0.85,1.0,1.0,0.5,0,0,3,3,-1
friend_rajat_.,google_ml_engineer,general,0.48,0.65,7,5,7,0.2796,0.65,0.5,1.0,0.5,0,1,3,3,-1
friend_rajat_.,google_swe_early_career,general,0.7,0.8,6,2,2,0.2415,0.65,0.5,1.0,0.5,0,1,3,3,-1
friend_rajat_.,google_swe_generalist,general,0.9133,1.0,12,3,0,0.2483,0.65,0.5,1.0,0.5,0,1,3,3,-1
friend_rajat_.,java_backend_developer,general,0.445,0.65,6,4,7,0.2518,0.85,1.0,1.0,0.5,0,0,3,3,-1
friend_rajat_.,junior_ml_engineer,general,0.58,0.75,9,5,5,0.2011,0.53,0.5,0.6,0.5,0,3,3,4,-1
friend_rajat_.,laravel_developer,general,0.4944,0.6111,6,5,7,0.2491,0.73,1.0,0.6,0.5,0,0,3,4,-1
friend_rajat_.,mern_stack_developer,general,0.6318,0.6818,12,3,7,0.4468,0.73,1.0,0.6,0.5,0,0,3,4,1
friend_rajat_.,php_fullstack_developer,general,0.4619,0.619,6,6,8,0.4688,0.73,1.0,0.6,0.5,0,0,3,4,1
friend_rajat_.,software_engineer_general,general,0.4682,0.6364,7,5,8,0.2712,0.85,1.0,1.0,0.5,0,0,3,3,-1
friend_ravi_prasad_gupta,android_developer,general,0.2,0.2,2,0,8,0.2514,0.68,0.5,0.6,1.0,0,1,3,4,0
friend_ravi_prasad_gupta,backend_swe_fullstack,general,0.3846,0.5,7,5,13,0.3769,0.8,0.5,1.0,1.0,0,1,3,3,-1
friend_ravi_prasad_gupta,data_scientist,general,0.3071,0.4286,3,2,8,0.2531,0.88,1.0,0.6,1.0,0,0,3,4,-1
friend_ravi_prasad_gupta,flutter_developer_fresher,general,0.125,0.1667,1,1,10,0.4102,0.88,1.0,0.6,1.0,0,0,3,4,-1
friend_ravi_prasad_gupta,frontend_developer_fresher,general,0.7273,0.8182,7,2,2,0.5165,1.0,1.0,1.0,1.0,0,0,3,3,1
friend_ravi_prasad_gupta,fullstack_developer_fresher,general,0.5167,0.5833,10,4,10,0.5062,1.0,1.0,1.0,1.0,0,0,3,3,1
friend_ravi_prasad_gupta,fullstack_developer_general,general,0.4188,0.5312,9,8,15,0.3516,0.88,1.0,0.6,1.0,0,0,3,4,-1
friend_ravi_prasad_gupta,golang_backend_developer,general,0.5,0.5714,6,2,6,0.3746,1.0,1.0,1.0,1.0,0,0,3,3,-1
friend_ravi_prasad_gupta,google_ml_engineer,general,0.295,0.45,4,2,11,0.2903,0.8,0.5,1.0,1.0,0,1,3,3,0
friend_ravi_prasad_gupta,google_swe_early_career,general,0.53,0.7,4,2,3,0.2697,0.8,0.5,1.0,1.0,0,1,3,3,-1
friend_ravi_prasad_gupta,google_swe_generalist,general,0.7,0.8667,8,4,2,0.258,0.8,0.5,1.0,1.0,0,1,3,3,-1
friend_ravi_prasad_gupta,java_backend_developer,general,0.225,0.25,4,1,15,0.3226,1.0,1.0,1.0,1.0,0,0,3,3,-1
friend_ravi_prasad_gupta,junior_ml_engineer,general,0.25,0.5,2,3,10,0.2053,0.68,0.5,0.6,1.0,0,3,3,4,0
friend_ravi_prasad_gupta,laravel_developer,general,0.4667,0.5,7,2,9,0.3001,0.88,1.0,0.6,1.0,0,0,3,4,-1
friend_ravi_prasad_gupta,mern_stack_developer,general,0.5182,0.5455,10,2,10,0.443,0.88,1.0,0.6,1.0,0,0,3,4,1
friend_ravi_prasad_gupta,php_fullstack_developer,general,0.3286,0.381,5,3,13,0.4359,0.88,1.0,0.6,1.0,0,0,3,4,-1
friend_ravi_prasad_gupta,software_engineer_general,general,0.35,0.4091,6,3,13,0.347,1.0,1.0,1.0,1.0,0,0,3,3,-1
friend_rebecca_shah,android_developer,general,0.4,0.4,4,0,6,0.3397,0.455,0.5,0.6,0.25,0,1,3,4,-1
friend_rebecca_shah,backend_swe_fullstack,general,0.4808,0.5769,10,4,11,0.3267,0.575,0.5,1.0,0.25,0,1,3,3,-1
friend_rebecca_shah,data_scientist,general,0.3429,0.4286,4,1,8,0.2625,0.655,1.0,0.6,0.25,0,0,3,4,-1
friend_rebecca_shah,flutter_developer_fresher,general,0.375,0.4167,4,1,7,0.349,0.655,1.0,0.6,0.25,0,0,3,4,-1
friend_rebecca_shah,frontend_developer_fresher,general,0.7727,0.9091,7,3,1,0.4061,0.775,1.0,1.0,0.25,0,0,3,3,1
friend_rebecca_shah,fullstack_developer_fresher,general,0.5792,0.6667,11,5,8,0.371,0.775,1.0,1.0,0.25,0,0,3,3,-1
friend_rebecca_shah,fullstack_developer_general,general,0.4906,0.5938,12,7,13,0.5506,0.655,1.0,0.6,0.25,0,0,3,4,1
friend_rebecca_shah,golang_backend_developer,general,0.6071,0.6429,8,1,5,0.3797,0.775,1.0,1.0,0.25,0,0,3,3,-1
friend_rebecca_shah,google_ml_engineer,general,0.415,0.55,6,4,9,0.3963,0.575,0.5,1.0,0.25,0,1,3,3,-1
friend_rebecca_shah,google_swe_early_career,general,0.58,0.7,5,1,3,0.4021,0.575,0.5,1.0,0.25,0,1,3,3,1
friend_rebecca_shah,google_swe_generalist,general,0.7333,0.8667,9,3,2,0.413,0.575,0.5,1.0,0.25,0,1,3,3,1
friend_rebecca_shah,java_backend_developer,general,0.3,0.35,5,2,13,0.3372,0.775,1.0,1.0,0.25,0,0,3,3,-1
friend_rebecca_shah,junior_ml_engineer,general,0.42,0.65,5,5,7,0.2932,0.455,0.5,0.6,0.25,0,3,3,4,-1
friend_rebecca_shah,laravel_developer,general,0.5667,0.6111,9,2,7,0.2939,0.655,1.0,0.6,0.25,0,0,3,4,-1
friend_rebecca_shah,mern_stack_developer,general,0.6091,0.6364,12,2,8,0.3232,0.655,1.0,0.6,0.25,0,0,3,4,-1
friend_rebecca_shah,php_fullstack_developer,general,0.419,0.5714,6,4,9,0.2307,0.655,1.0,0.6,0.25,0,0,3,4,-1
friend_rebecca_shah,software_engineer_general,general,0.4182,0.5,7,4,11,0.3977,0.775,1.0,1.0,0.25,0,0,3,3,-1
friend_rehan_ahmed,android_developer,general,0.14,0.2,0,2,8,0.1764,0.685,1.0,0.2,0.75,2,1,1,4,0
friend_rehan_ahmed,backend_swe_fullstack,general,0.2846,0.3077,6,2,18,0.2899,0.925,1.0,1.0,0.75,2,1,1,3,0
friend_rehan_ahmed,data_scientist,general,0.4571,0.5,5,2,7,0.3237,0.685,1.0,0.2,0.75,2,0,1,4,-1
friend_rehan_ahmed,flutter_developer_fresher,general,0.25,0.3333,2,2,8,0.2306,0.685,1.0,0.2,0.75,2,0,1,4,0
friend_rehan_ahmed,frontend_developer_fresher,general,0.1818,0.1818,2,0,9,0.2281,0.925,1.0,1.0,0.75,2,0,1,3,0
friend_rehan_ahmed,fullstack_developer_fresher,general,0.0625,0.0833,1,1,22,0.1626,0.925,1.0,1.0,0.75,2,0,1,3,0
friend_rehan_ahmed,fullstack_developer_general,general,0.1469,0.1875,3,3,26,0.2078,0.685,1.0,0.2,0.75,2,0,1,4,0
friend_rehan_ahmed,golang_backend_developer,general,0.3857,0.4286,4,2,8,0.175,0.925,1.0,1.0,0.75,2,0,1,3,-1
friend_rehan_ahmed,google_ml_engineer,general,0.425,0.55,6,4,9,0.3451,0.925,1.0,1.0,0.75,2,1,1,3,-1
friend_rehan_ahmed,google_swe_early_career,general,0.47,0.5,4,1,5,0.2384,0.925,1.0,1.0,0.75,2,1,1,3,-1
friend_rehan_ahmed,google_swe_generalist,general,0.4467,0.4667,6,1,8,0.2373,0.925,1.0,1.0,0.75,2,1,1,3,-1
friend_rehan_ahmed,java_backend_developer,general,0.185,0.25,2,3,15,0.2186,0.925,1.0,1.0,0.75,2,0,1,3,0
friend_rehan_ahmed,junior_ml_engineer,general,0.675,0.85,10,6,3,0.2848,0.565,0.7,0.2,0.75,2,3,1,4,-1
friend_rehan_ahmed,laravel_developer,general,0.1222,0.1667,1,2,15,0.1217,0.685,1.0,0.2,0.75,2,0,1,4,0
friend_rehan_ahmed,mern_stack_developer,general,0.1136,0.1364,2,1,19,0.1622,0.685,1.0,0.2,0.75,2,0,1,4,0
friend_rehan_ahmed,php_fullstack_developer,general,0.1048,0.1429,1,2,18,0.2005,0.685,1.0,0.2,0.75,2,0,1,4,0
friend_rehan_ahmed,software_engineer_general,general,0.1591,0.1818,3,1,18,0.2441,0.925,1.0,1.0,0.75,2,0,1,3,0
friend_rishabh_goel,android_developer,general,0.3,0.3,3,0,7,0.1197,0.605,0.5,0.6,0.75,0,1,3,4,-1
friend_rishabh_goel,backend_swe_fullstack,general,0.3462,0.5,5,7,13,0.2577,0.725,0.5,1.0,0.75,0,1,3,3,-1
friend_rishabh_goel,data_scientist,general,0.2143,0.3571,1,3,9,0.32,0.805,1.0,0.6,0.75,0,0,3,4,-1
friend_rishabh_goel,flutter_developer_fresher,general,0.0833,0.0833,1,0,11,0.2168,0.805,1.0,0.6,0.75,0,0,3,4,0
friend_rishabh_goel,frontend_developer_fresher,general,0.5909,0.7273,5,3,3,0.4039,0.925,1.0,1.0,0.75,0,0,3,3,1
friend_rishabh_goel,fullstack_developer_fresher,general,0.3333,0.4583,5,5,13,0.3326,0.925,1.0,1.0,0.75,0,0,3,3,-1
friend_rishabh_goel,fullstack_developer_general,general,0.3438,0.4688,7,7,17,0.2194,0.805,1.0,0.6,0.75,0,0,3,4,-1
friend_rishabh_goel,golang_backend_developer,general,0.4857,0.6429,5,3,5,0.2959,0.925,1.0,1.0,0.75,0,0,3,3,-1
friend_rishabh_goel,google_ml_engineer,general,0.27,0.45,3,3,11,0.2677,0.725,0.5,1.0,0.75,0,1,3,3,0
friend_rishabh_goel,google_swe_early_career,general,0.48,0.7,3,3,3,0.1871,0.725,0.5,1.0,0.75,0,1,3,3,-1
friend_rishabh_goel,google_swe_generalist,general,0.58,0.8,5,6,3,0.202,0.725,0.5,1.0,0.75,0,1,3,3,-1
friend_rishabh_goel,java_backend_developer,general,0.33,0.5,4,3,10,0.2311,0.925,1.0,1.0,0.75,0,0,3,3,-1
friend_rishabh_goel,junior_ml_engineer,general,0.25,0.5,2,3,10,0.2292,0.605,0.5,0.6,0.75,0,3,3,4,0
friend_rishabh_goel,laravel_developer,general,0.2611,0.3333,3,3,12,0.2481,0.805,1.0,0.6,0.75,0,0,3,4,0
friend_rishabh_goel,mern_stack_developer,general,0.3045,0.4091,4,4,13,0.2965,0.805,1.0,0.6,0.75,0,0,3,4,-1
friend_rishabh_goel,php_fullstack_developer,general,0.2048,0.3333,2,4,14,0.3665,0.805,1.0,0.6,0.75,0,0,3,4,-1
friend_rishabh_goel,software_engineer_general,general,0.2409,0.4091,2,5,13,0.2685,0.925,1.0,1.0,0.75,0,0,3,3,0
friend_rishabh_rawat,android_developer,general,0.1,0.1,1,0,9,0.2264,0.68,0.5,0.6,1.0,0,1,3,4,0
friend_rishabh_rawat,backend_swe_fullstack,general,0.3846,0.5,7,5,13,0.4406,0.8,0.5,1.0,1.0,0,1,3,3,-1
friend_rishabh_rawat,data_scientist,general,0.1429,0.2143,1,2,11,0.3036,0.88,1.0,0.6,1.0,0,0,3,4,-1
friend_rishabh_rawat,flutter_developer_fresher,general,0.1083,0.1667,1,0,10,0.3893,0.88,1.0,0.6,1.0,0,0,3,4,-1
friend_rishabh_rawat,frontend_developer_fresher,general,0.5909,0.7273,5,3,3,0.3744,1.0,1.0,1.0,1.0,0,0,3,3,-1
friend_rishabh_rawat,fullstack_developer_fresher,general,0.4458,0.5417,8,4,11,0.4424,1.0,1.0,1.0,1.0,0,0,3,3,1
friend_rishabh_rawat,fullstack_developer_general,general,0.4156,0.5625,9,7,14,0.2753,0.88,1.0,0.6,1.0,0,0,3,4,-1
friend_rishabh_rawat,golang_backend_developer,general,0.2143,0.2857,2,2,10,0.285,1.0,1.0,1.0,1.0,0,0,3,3,0
friend_rishabh_rawat,google_ml_engineer,general,0.205,0.3,3,1,14,0.3049,0.8,0.5,1.0,1.0,0,1,3,3,-1
friend_rishabh_rawat,google_swe_early_career,general,0.28,0.4,2,1,6,0.332,0.8,0.5,1.0,1.0,0,1,3,3,-1
friend_rishabh_rawat,google_swe_generalist,general,0.4667,0.6,5,3,6,0.3876,0.8,0.5,1.0,1.0,0,1,3,3,-1
friend_rishabh_rawat,java_backend_developer,general,0.155,0.25,2,1,15,0.3844,1.0,1.0,1.0,1.0,0,0,3,3,-1
friend_rishabh_rawat,junior_ml_engineer,general,0.155,0.25,2,1,15,0.3498,0.68,0.5,0.6,1.0,0,3,3,4,-1
friend_rishabh_rawat,laravel_developer,general,0.3611,0.4444,5,2,10,0.3586,0.88,1.0,0.6,1.0,0,0,3,4,-1
friend_rishabh_rawat,mern_stack_developer,general,0.45,0.5,8,3,11,0.4792,0.88,1.0,0.6,1.0,0,0,3,4,1
friend_rishabh_rawat,php_fullstack_developer,general,0.3619,0.5238,5,3,10,0.4971,0.88,1.0,0.6,1.0,0,0,3,4,-1
friend_rishabh_rawat,software_engineer_general,general,0.4091,0.5455,6,5,10,0.4043,1.0,1.0,1.0,1.0,0,0,3,3,1
friend_rishu_kumar,android_developer,general,0.4,0.4,4,0,6,0.3646,0.605,0.5,0.6,0.75,0,1,3,4,-1
friend_rishu_kumar,backend_swe_fullstack,general,0.4192,0.5385,7,6,12,0.3855,0.725,0.5,1.0,0.75,0,1,3,3,-1
friend_rishu_kumar,data_scientist,general,0.25,0.3571,2,2,9,0.2371,0.805,1.0,0.6,0.75,0,0,3,4,0
friend_rishu_kumar,flutter_developer_fresher,general,0.1917,0.25,2,0,9,0.47,0.805,1.0,0.6,0.75,0,0,3,4,-1
friend_rishu_kumar,frontend_developer_fresher,general,0.7,0.8182,6,3,2,0.5511,0.925,1.0,1.0,0.75,0,0,3,3,1
friend_rishu_kumar,fullstack_developer_fresher,general,0.4625,0.5417,8,5,11,0.5188,0.925,1.0,1.0,0.75,0,0,3,3,1
friend_rishu_kumar,fullstack_developer_general,general,0.45,0.5625,10,7,14,0.4809,0.805,1.0,0.6,0.75,0,0,3,4,1
friend_rishu_kumar,golang_backend_developer,general,0.5357,0.5714,7,1,6,0.3546,0.925,1.0,1.0,0.75,0,0,3,3,-1
friend_rishu_kumar,google_ml_engineer,general,0.39,0.5,6,3,10,0.2698,0.725,0.5,1.0,0.75,0,1,3,3,-1
friend_rishu_kumar,google_swe_early_career,general,0.58,0.7,5,1,3,0.3779,0.725,0.5,1.0,0.75,0,1,3,3,-1
friend_rishu_kumar,google_swe_generalist,general,0.6933,0.8667,7,5,2,0.3987,0.725,0.5,1.0,0.75,0,1,3,3,-1
friend_rishu_kumar,java_backend_developer,general,0.3,0.35,5,1,13,0.3371,0.925,1.0,1.0,0.75,0,0,3,3,-1
friend_rishu_kumar,junior_ml_engineer,general,0.345,0.55,4,4,9,0.2327,0.605,0.5,0.6,0.75,0,3,3,4,-1
friend_rishu_kumar,laravel_developer,general,0.4111,0.4444,6,2,10,0.2891,0.805,1.0,0.6,0.75,0,0,3,4,-1
friend_rishu_kumar,mern_stack_developer,general,0.4909,0.5455,8,4,10,0.4962,0.805,1.0,0.6,0.75,0,0,3,4,1
friend_rishu_kumar,php_fullstack_developer,general,0.4429,0.5714,7,3,9,0.3973,0.805,1.0,0.6,0.75,0,0,3,4,-1
friend_rishu_kumar,software_engineer_general,general,0.4273,0.5,7,4,11,0.3799,0.925,1.0,1.0,0.75,0,0,3,3,-1
friend_rohan_kamewar,android_developer,general,0.64,0.7,5,2,3,0.3154,0.68,0.5,0.6,1.0,0,1,3,4,-1
friend_rohan_kamewar,backend_swe_fullstack,general,0.6269,0.7692,11,9,6,0.4848,0.8,0.5,1.0,1.0,0,1,3,3,1
friend_rohan_kamewar,data_scientist,general,0.5143,0.7143,4,5,4,0.2913,0.88,1.0,0.6,1.0,0,0,3,4,-1
friend_rohan_kamewar,flutter_developer_fresher,general,0.275,0.3333,3,0,8,0.4259,0.88,1.0,0.6,1.0,0,0,3,4,-1
friend_rohan_kamewar,frontend_developer_fresher,general,0.7273,0.9091,6,4,1,0.459,1.0,1.0,1.0,1.0,0,0,3,3,1
friend_rohan_kamewar,fullstack_developer_fresher,general,0.7458,0.8333,15,5,4,0.5931,1.0,1.0,1.0,1.0,0,0,3,3,1
friend_rohan_kamewar,fullstack_developer_general,general,0.6781,0.7812,18,6,7,0.4041,0.88,1.0,0.6,1.0,0,0,3,4,1
friend_rohan_kamewar,golang_backend_developer,general,0.7286,0.8571,8,3,2,0.3906,1.0,1.0,1.0,1.0,0,0,3,3,-1
friend_rohan_kamewar,google_ml_engineer,general,0.54,0.7,7,7,6,0.3629,0.8,0.5,1.0,1.0,0,1,3,3,-1
friend_rohan_kamewar,google_swe_early_career,general,0.62,0.8,4,4,2,0.3705,0.8,0.5,1.0,1.0,0,1,3,3,-1
friend_rohan_kamewar,google_swe_generalist,general,0.8067,1.0,8,7,0,0.3701,0.8,0.5,1.0,1.0,0,1,3,3,-1
friend_rohan_kamewar,java_backend_developer,general,0.575,0.75,8,5,5,0.426,1.0,1.0,1.0,1.0,0,0,3,3,1
friend_rohan_kamewar,junior_ml_engineer,general,0.37,0.6,3,7,8,0.2493,0.68,0.5,0.6,1.0,0,3,3,4,-1
friend_rohan_kamewar,laravel_developer,general,0.7056,0.7778,11,3,4,0.3908,0.88,1.0,0.6,1.0,0,0,3,4,-1
friend_rohan_kamewar,mern_stack_developer,general,0.7545,0.8182,14,4,4,0.5812,0.88,1.0,0.6,1.0,0,0,3,4,1
friend_rohan_kamewar,php_fullstack_developer,general,0.5762,0.7619,9,4,5,0.4606,0.88,1.0,0.6,1.0,0,0,3,4,1
friend_rohan_kamewar,software_engineer_general,general,0.5682,0.7273,9,5,6,0.4037,1.0,1.0,1.0,1.0,0,0,3,3,1
friend_rohin_gupta,android_developer,general,0.14,0.2,0,2,8,0.1229,0.725,0.5,1.0,0.75,0,1,4,4,0
friend_rohin_gupta,backend_swe_fullstack,general,0.3038,0.3846,5,5,16,0.2446,0.725,0.5,1.0,0.75,0,1,4,3,-1
friend_rohin_gupta,data_scientist,general,0.4429,0.5,5,2,7,0.355,0.925,1.0,1.0,0.75,0,0,4,4,-1
friend_rohin_gupta,flutter_developer_fresher,general,0.1,0.1667,0,2,10,0.102,0.925,1.0,1.0,0.75,0,0,4,4,0
friend_rohin_gupta,frontend_developer_fresher,general,0.0909,0.0909,1,0,10,0.2356,0.925,1.0,1.0,0.75,0,0,4,3,0
friend_rohin_gupta,fullstack_developer_fresher,general,0.125,0.2083,1,3,19,0.1214,0.925,1.0,1.0,0.75,0,0,4,3,0
friend_rohin_gupta,fullstack_developer_general,general,0.2031,0.2812,4,4,23,0.1558,0.925,1.0,1.0,0.75,0,0,4,4,0
friend_rohin_gupta,golang_backend_developer,general,0.4571,0.5,5,2,7,0.1131,0.925,1.0,1.0,0.75,0,0,4,3,-1
friend_rohin_gupta,google_ml_engineer,general,0.435,0.6,5,6,8,0.2646,0.725,0.5,1.0,0.75,0,1,4,3,-1
friend_rohin_gupta,google_swe_early_career,general,0.51,0.6,3,3,4,0.1797,0.725,0.5,1.0,0.75,0,1,4,3,-1
friend_rohin_gupta,google_swe_generalist,general,0.4733,0.5333,5,3,7,0.2062,0.725,0.5,1.0,0.75,0,1,4,3,-1
friend_rohin_gupta,java_backend_developer,general,0.22,0.3,2,4,14,0.059,0.925,1.0,1.0,0.75,0,0,4,3,0
friend_rohin_gupta,junior_ml_engineer,general,0.555,0.75,7,7,5,0.2926,0.725,0.5,1.0,0.75,0,3,4,4,-1
friend_rohin_gupta,laravel_developer,general,0.1778,0.2222,2,2,14,0.071,0.925,1.0,1.0,0.75,0,0,4,4,0
friend_rohin_gupta,mern_stack_developer,general,0.1364,0.2273,1,3,17,0.154,0.925,1.0,1.0,0.75,0,0,4,4,0
friend_rohin_gupta,php_fullstack_developer,general,0.219,0.381,2,3,13,0.1037,0.925,1.0,1.0,0.75,0,0,4,4,0
friend_rohin_gupta,software_engineer_general,general,0.2955,0.4091,4,4,13,0.1643,0.925,1.0,1.0,0.75,0,0,4,3,0
friend_rohit_gupta,android_developer,general,0.27,0.3,2,1,7,0.1844,0.68,0.5,0.6,1.0,0,1,3,4,0
friend_rohit_gupta,backend_swe_fullstack,general,0.4769,0.5385,10,4,12,0.3448,0.8,0.5,1.0,1.0,0,1,3,3,-1
friend_rohit_gupta,data_scientist,general,0.4071,0.5,4,3,7,0.264,0.88,1.0,0.6,1.0,0,0,3,4,-1
friend_rohit_gupta,flutter_developer_fresher,general,0.4583,0.5,5,1,6,0.3258,0.88,1.0,0.6,1.0,0,0,3,4,-1
friend_rohit_gupta,frontend_developer_fresher,general,0.6364,0.8182,5,4,2,0.4497,1.0,1.0,1.0,1.0,0,0,3,3,1
friend_rohit_gupta,fullstack_developer_fresher,general,0.5083,0.625,9,5,9,0.5325,1.0,1.0,1.0,1.0,0,0,3,3,1
friend_rohit_gupta,fullstack_developer_general,general,0.5,0.625,12,7,12,0.3633,0.88,1.0,0.6,1.0,0,0,3,4,-1
friend_rohit_gupta,golang_backend_developer,general,0.4286,0.5,5,1,7,0.297,1.0,1.0,1.0,1.0,0,0,3,3,-1
friend_rohit_gupta,google_ml_engineer,general,0.475,0.65,6,6,7,0.2189,0.8,0.5,1.0,1.0,0,1,3,3,-1
friend_rohit_gupta,google_swe_early_career,general,0.57,0.7,4,3,3,0.2699,0.8,0.5,1.0,1.0,0,1,3,3,-1
friend_rohit_gupta,google_swe_generalist,general,0.76,0.8667,9,4,2,0.2737,0.8,0.5,1.0,1.0,0,1,3,3,-1
friend_rohit_gupta,java_backend_developer,general,0.275,0.35,4,2,13,0.3248,1.0,1.0,1.0,1.0,0,0,3,3,-1
friend_rohit_gupta,junior_ml_engineer,general,0.53,0.8,6,7,4,0.1883,0.68,0.5,0.6,1.0,0,3,3,4,-1
friend_rohit_gupta,laravel_developer,general,0.4556,0.5,7,2,9,0.267,0.88,1.0,0.6,1.0,0,0,3,4,-1
friend_rohit_gupta,mern_stack_developer,general,0.5091,0.5909,9,3,9,0.3789,0.88,1.0,0.6,1.0,0,0,3,4,-1
friend_rohit_gupta,php_fullstack_developer,general,0.4095,0.5714,6,3,9,0.447,0.88,1.0,0.6,1.0,0,0,3,4,1
friend_rohit_gupta,software_engineer_general,general,0.4773,0.5455,9,2,10,0.2841,1.0,1.0,1.0,1.0,0,0,3,3,-1
friend_rohit_jha,android_developer,general,0.4,0.4,4,0,6,0.1871,0.605,0.5,0.6,0.75,0,1,3,4,-1
friend_rohit_jha,backend_swe_fullstack,general,0.5692,0.6923,12,5,8,0.4018,0.725,0.5,1.0,0.75,0,1,3,3,1
friend_rohit_jha,data_scientist,general,0.2143,0.2143,3,0,11,0.2147,0.805,1.0,0.6,0.75,0,0,3,4,0
friend_rohit_jha,flutter_developer_fresher,general,0.3333,0.4167,3,2,7,0.3036,0.805,1.0,0.6,0.75,0,0,3,4,-1
friend_rohit_jha,frontend_developer_fresher,general,0.7273,0.9091,6,4,1,0.3871,0.925,1.0,1.0,0.75,0,0,3,3,-1
friend_rohit_jha,fullstack_developer_fresher,general,0.6042,0.75,11,6,6,0.4251,0.925,1.0,1.0,0.75,0,0,3,3,1
friend_rohit_jha,fullstack_developer_general,general,0.5656,0.7188,14,7,9,0.2751,0.805,1.0,0.6,0.75,0,0,3,4,-1
friend_rohit_jha,golang_backend_developer,general,0.6643,0.7857,8,2,3,0.2257,0.925,1.0,1.0,0.75,0,0,3,3,-1
friend_rohit_jha,google_ml_engineer,general,0.4,0.45,7,2,11,0.2012,0.725,0.5,1.0,0.75,0,1,3,3,-1
friend_rohit_jha,google_swe_early_career,general,0.48,0.6,4,1,4,0.1959,0.725,0.5,1.0,0.75,0,1,3,3,-1
friend_rohit_jha,google_swe_generalist,general,0.6333,0.7333,8,2,4,0.2122,0.725,0.5,1.0,0.75,0,1,3,3,-1
friend_rohit_jha,java_backend_developer,general,0.52,0.7,8,3,6,0.2964,0.925,1.0,1.0,0.75,0,0,3,3,-1
friend_rohit_jha,junior_ml_engineer,general,0.325,0.35,6,1,13,0.2594,0.605,0.5,0.6,0.75,0,3,3,4,-1
friend_rohit_jha,laravel_developer,general,0.5944,0.6667,9,3,6,0.2604,0.805,1.0,0.6,0.75,0,0,3,4,-1
friend_rohit_jha,mern_stack_developer,general,0.5909,0.7273,10,5,6,0.3975,0.805,1.0,0.6,0.75,0,0,3,4,-1
friend_rohit_jha,php_fullstack_developer,general,0.5571,0.8095,8,5,4,0.3921,0.805,1.0,0.6,0.75,0,0,3,4,-1
friend_rohit_jha,software_engineer_general,general,0.4727,0.6818,7,5,7,0.3006,0.925,1.0,1.0,0.75,0,0,3,3,-1
friend_rohit_kumar,android_developer,general,0.3,0.3,3,0,7,0.2958,0.455,0.5,0.6,0.25,0,1,3,4,-1
friend_rohit_kumar,backend_swe_fullstack,general,0.5538,0.6538,11,6,9,0.6239,0.575,0.5,1.0,0.25,0,1,3,3,1
friend_rohit_kumar,data_scientist,general,0.5071,0.7143,5,3,4,0.5582,0.655,1.0,0.6,0.25,0,0,3,4,1
friend_rohit_kumar,flutter_developer_fresher,general,0.125,0.1667,1,1,10,0.3995,0.655,1.0,0.6,0.25,0,0,3,4,-1
friend_rohit_kumar,frontend_developer_fresher,general,0.7273,0.8182,7,2,2,0.6154,0.775,1.0,1.0,0.25,0,0,3,3,1
friend_rohit_kumar,fullstack_developer_fresher,general,0.5167,0.625,9,6,9,0.607,0.775,1.0,1.0,0.25,0,0,3,3,1
friend_rohit_kumar,fullstack_developer_general,general,0.5312,0.625,14,5,12,0.453,0.655,1.0,0.6,0.25,0,0,3,4,1
friend_rohit_kumar,golang_backend_developer,general,0.6429,0.7857,7,3,3,0.4926,0.775,1.0,1.0,0.25,0,0,3,3,1
friend_rohit_kumar,google_ml_engineer,general,0.47,0.65,7,3,7,0.4787,0.575,0.5,1.0,0.25,0,1,3,3,1
friend_rohit_kumar,google_swe_early_career,general,0.65,0.8,5,3,2,0.4625,0.575,0.5,1.0,0.25,0,1,3,3,1
friend_rohit_kumar,google_swe_generalist,general,0.8133,0.9333,10,4,1,0.4782,0.575,0.5,1.0,0.25,0,1,3,3,1
friend_rohit_kumar,java_backend_developer,general,0.38,0.55,5,4,9,0.4717,0.775,1.0,1.0,0.25,0,0,3,3,-1
friend_rohit_kumar,junior_ml_engineer,general,0.45,0.7,6,3,6,0.3718,0.455,0.5,0.6,0.25,0,3,3,4,-1
friend_rohit_kumar,laravel_developer,general,0.4556,0.5,7,2,9,0.4462,0.655,1.0,0.6,0.25,0,0,3,4,1
friend_rohit_kumar,mern_stack_developer,general,0.4727,0.5455,8,4,10,0.5455,0.655,1.0,0.6,0.25,0,0,3,4,1
friend_rohit_kumar,php_fullstack_developer,general,0.4571,0.6667,6,5,7,0.6187,0.655,1.0,0.6,0.25,0,0,3,4,1
friend_rohit_kumar,software_engineer_general,general,0.4682,0.6364,7,5,8,0.5889,0.775,1.0,1.0,0.25,0,0,3,3,1
friend_ronak_sharma,android_developer,general,0.27,0.3,2,1,7,0.1855,0.68,0.5,0.6,1.0,0,1,3,4,0
friend_ronak_sharma,backend_swe_fullstack,general,0.3654,0.4615,7,4,14,0.3247,0.8,0.5,1.0,1.0,0,1,3,3,-1
friend_ronak_sharma,data_scientist,general,0.4,0.5,4,3,7,0.2337,0.88,1.0,0.6,1.0,0,0,3,4,-1
friend_ronak_sharma,flutter_developer_fresher,general,0.1917,0.25,2,0,9,0.3043,0.88,1.0,0.6,1.0,0,0,3,4,-1
friend_ronak_sharma,frontend_developer_fresher,general,0.6364,0.7273,6,2,3,0.4409,1.0,1.0,1.0,1.0,0,0,3,3,1
friend_ronak_sharma,fullstack_developer_fresher,general,0.4875,0.5833,9,4,10,0.3366,1.0,1.0,1.0,1.0,0,0,3,3,-1
friend_ronak_sharma,fullstack_developer_general,general,0.4,0.5312,9,6,15,0.2201,0.88,1.0,0.6,1.0,0,0,3,4,-1
friend_ronak_sharma,golang_backend_developer,general,0.4643,0.5,6,1,7,0.2127,1.0,1.0,1.0,1.0,0,0,3,3,-1
friend_ronak_sharma,google_ml_engineer,general,0.32,0.4,5,3,12,0.261,0.8,0.5,1.0,1.0,0,1,3,3,-1
friend_ronak_sharma,google_swe_early_career,general,0.6,0.7,5,1,3,0.2901,0.8,0.5,1.0,1.0,0,1,3,3,-1
friend_ronak_sharma,google_swe_generalist,general,0.6133,0.7333,7,3,4,0.2995,0.8,0.5,1.0,1.0,0,1,3,3,-1
friend_ronak_sharma,java_backend_developer,general,0.155,0.25,2,1,15,0.1961,1.0,1.0,1.0,1.0,0,0,3,3,0
friend_ronak_sharma,junior_ml_engineer,general,0.325,0.45,4,5,11,0.3129,0.68,0.5,0.6,1.0,0,3,3,4,-1
friend_ronak_sharma,laravel_developer,general,0.4444,0.5,7,1,9,0.114,0.88,1.0,0.6,1.0,0,0,3,4,-1
friend_ronak_sharma,mern_stack_developer,general,0.5409,0.5909,10,3,9,0.2978,0.88,1.0,0.6,1.0,0,0,3,4,-1
friend_ronak_sharma,php_fullstack_developer,general,0.3619,0.5238,5,3,10,0.2595,0.88,1.0,0.6,1.0,0,0,3,4,-1
friend_ronak_sharma,software_engineer_general,general,0.3409,0.4545,5,4,12,0.277,1.0,1.0,1.0,1.0,0,0,3,3,-1
friend_rushil_nijhawan,android_developer,general,0.17,0.2,1,1,8,0.2733,0.605,0.5,0.6,0.75,0,1,3,4,0
friend_rushil_nijhawan,backend_swe_fullstack,general,0.4038,0.5,8,5,13,0.4037,0.725,0.5,1.0,0.75,0,1,3,3,1
friend_rushil_nijhawan,data_scientist,general,0.4357,0.5,5,2,7,0.435,0.805,1.0,0.6,0.75,0,0,3,4,1
friend_rushil_nijhawan,flutter_developer_fresher,general,0.0417,0.0833,0,1,11,0.2695,0.805,1.0,0.6,0.75,0,0,3,4,0
friend_rushil_nijhawan,frontend_developer_fresher,general,0.6818,0.8182,6,3,2,0.4582,0.925,1.0,1.0,0.75,0,0,3,3,1
friend_rushil_nijhawan,fullstack_developer_fresher,general,0.3792,0.5833,5,7,10,0.3465,0.925,1.0,1.0,0.75,0,0,3,3,-1
friend_rushil_nijhawan,fullstack_developer_general,general,0.3781,0.5312,8,7,15,0.3044,0.805,1.0,0.6,0.75,0,0,3,4,-1
friend_rushil_nijhawan,golang_backend_developer,general,0.3429,0.4286,4,1,8,0.3191,0.925,1.0,1.0,0.75,0,0,3,3,-1
friend_rushil_nijhawan,google_ml_engineer,general,0.45,0.6,6,6,8,0.4676,0.725,0.5,1.0,0.75,0,1,3,3,1
friend_rushil_nijhawan,google_swe_early_career,general,0.55,0.6,5,1,4,0.3416,0.725,0.5,1.0,0.75,0,1,3,3,-1
friend_rushil_nijhawan,google_swe_generalist,general,0.7667,0.8,11,1,3,0.381,0.725,0.5,1.0,0.75,0,1,3,3,-1
friend_rushil_nijhawan,java_backend_developer,general,0.215,0.35,2,4,13,0.2969,0.925,1.0,1.0,0.75,0,0,3,3,0
friend_rushil_nijhawan,junior_ml_engineer,general,0.575,0.75,8,7,5,0.4719,0.605,0.5,0.6,0.75,0,3,3,4,1
friend_rushil_nijhawan,laravel_developer,general,0.4167,0.5556,5,5,8,0.2714,0.805,1.0,0.6,0.75,0,0,3,4,-1
friend_rushil_nijhawan,mern_stack_developer,general,0.3682,0.5,6,3,11,0.3675,0.805,1.0,0.6,0.75,0,0,3,4,-1
friend_rushil_nijhawan,php_fullstack_developer,general,0.319,0.619,2,7,8,0.3349,0.805,1.0,0.6,0.75,0,0,3,4,-1
friend_rushil_nijhawan,software_engineer_general,general,0.3,0.4545,4,4,12,0.3819,0.925,1.0,1.0,0.75,0,0,3,3,-1
friend_sahil_yadav,android_developer,general,0.3,0.3,3,0,7,0.3344,0.605,0.5,0.6,0.75,0,1,3,4,-1
friend_sahil_yadav,backend_swe_fullstack,general,0.3846,0.5,7,5,13,0.5119,0.725,0.5,1.0,0.75,0,1,3,3,-1
friend_sahil_yadav,data_scientist,general,0.1786,0.2143,2,1,11,0.2549,0.805,1.0,0.6,0.75,0,0,3,4,0
friend_sahil_yadav,flutter_developer_fresher,general,0.2083,0.25,2,1,9,0.4953,0.805,1.0,0.6,0.75,0,0,3,4,-1
friend_sahil_yadav,frontend_developer_fresher,general,0.5909,0.7273,5,3,3,0.5164,0.925,1.0,1.0,0.75,0,0,3,3,1
friend_sahil_yadav,fullstack_developer_fresher,general,0.4167,0.5417,7,5,11,0.5796,0.925,1.0,1.0,0.75,0,0,3,3,1
friend_sahil_yadav,fullstack_developer_general,general,0.4156,0.5312,10,6,15,0.3815,0.805,1.0,0.6,0.75,0,0,3,4,-1
friend_sahil_yadav,golang_backend_developer,general,0.4071,0.5,4,3,7,0.3646,0.925,1.0,1.0,0.75,0,0,3,3,-1
friend_sahil_yadav,google_ml_engineer,general,0.205,0.3,3,1,14,0.2546,0.725,0.5,1.0,0.75,0,1,3,3,0
friend_sahil_yadav,google_swe_early_career,general,0.38,0.5,3,1,5,0.4533,0.725,0.5,1.0,0.75,0,1,3,3,-1
friend_sahil_yadav,google_swe_generalist,general,0.5667,0.6667,7,2,5,0.4705,0.725,0.5,1.0,0.75,0,1,3,3,1
friend_sahil_yadav,java_backend_developer,general,0.225,0.25,4,1,15,0.3854,0.925,1.0,1.0,0.75,0,0,3,3,-1
friend_sahil_yadav,junior_ml_engineer,general,0.105,0.2,1,1,16,0.2512,0.605,0.5,0.6,0.75,0,3,3,4,0
friend_sahil_yadav,laravel_developer,general,0.3722,0.4444,5,3,10,0.3469,0.805,1.0,0.6,0.75,0,0,3,4,-1
friend_sahil_yadav,mern_stack_developer,general,0.4773,0.5455,9,2,10,0.4929,0.805,1.0,0.6,0.75,0,0,3,4,1
friend_sahil_yadav,php_fullstack_developer,general,0.3286,0.5238,4,4,10,0.5129,0.805,1.0,0.6,0.75,0,0,3,4,-1
friend_sahil_yadav,software_engineer_general,general,0.3091,0.4545,4,5,12,0.4235,0.925,1.0,1.0,0.75,0,0,3,3,-1
friend_saksham_jain,android_developer,general,0.2,0.2,2,0,8,0.176,0.68,0.5,0.6,1.0,0,1,3,4,0
friend_saksham_jain,backend_swe_fullstack,general,0.3154,0.3846,6,4,16,0.434,0.8,0.5,1.0,1.0,0,1,3,3,-1
friend_saksham_jain,data_scientist,general,0.0929,0.2143,0,2,11,0.2489,0.88,1.0,0.6,1.0,0,0,3,4,0
friend_saksham_jain,flutter_developer_fresher,general,0.275,0.3333,3,0,8,0.3165,0.88,1.0,0.6,1.0,0,0,3,4,-1
friend_saksham_jain,frontend_developer_fresher,general,0.6818,0.8182,6,3,2,0.4836,1.0,1.0,1.0,1.0,0,0,3,3,1
friend_saksham_jain,fullstack_developer_fresher,general,0.4458,0.5417,8,4,11,0.4465,1.0,1.0,1.0,1.0,0,0,3,3,1
friend_saksham_jain,fullstack_developer_general,general,0.3688,0.5,8,6,16,0.3003,0.88,1.0,0.6,1.0,0,0,3,4,-1
friend_saksham_jain,golang_backend_developer,general,0.2857,0.2857,4,0,10,0.3246,1.0,1.0,1.0,1.0,0,0,3,3,-1
friend_saksham_jain,google_ml_engineer,general,0.215,0.3,3,2,14,0.2804,0.8,0.5,1.0,1.0,0,1,3,3,0
friend_saksham_jain,google_swe_early_career,general,0.35,0.4,3,1,6,0.3353,0.8,0.5,1.0,1.0,0,1,3,3,-1
friend_saksham_jain,google_swe_generalist,general,0.5467,0.6667,6,4,5,0.3706,0.8,0.5,1.0,1.0,0,1,3,3,-1
friend_saksham_jain,java_backend_developer,general,0.105,0.2,1,1,16,0.2835,1.0,1.0,1.0,1.0,0,0,3,3,0
friend_saksham_jain,junior_ml_engineer,general,0.22,0.4,2,3,12,0.2695,0.68,0.5,0.6,1.0,0,3,3,4,0
friend_saksham_jain,laravel_developer,general,0.3611,0.4444,5,2,10,0.2381,0.88,1.0,0.6,1.0,0,0,3,4,-1
friend_saksham_jain,mern_stack_developer,general,0.45,0.5,8,3,11,0.408,0.88,1.0,0.6,1.0,0,0,3,4,1
friend_saksham_jain,php_fullstack_developer,general,0.3381,0.4762,5,2,11,0.4499,0.88,1.0,0.6,1.0,0,0,3,4,-1
friend_saksham_jain,software_engineer_general,general,0.2727,0.3636,4,3,14,0.3053,1.0,1.0,1.0,1.0,0,0,3,3,-1
friend_sameer_gupta,android_developer,general,0.37,0.4,3,1,6,0.3069,0.335,0.5,0.2,0.25,0,1,1,4,-1
friend_sameer_gupta,backend_swe_fullstack,general,0.6,0.7308,11,8,7,0.4626,0.575,0.5,1.0,0.25,0,1,1,3,1
friend_sameer_gupta,data_scientist,general,0.4357,0.5,5,2,7,0.3697,0.535,1.0,0.2,0.25,0,0,1,4,-1
friend_sameer_gupta,flutter_developer_fresher,general,0.2083,0.25,2,1,9,0.3176,0.535,1.0,0.2,0.25,0,0,1,4,-1
friend_sameer_gupta,frontend_developer_fresher,general,0.5182,0.6364,4,3,4,0.4931,0.775,1.0,1.0,0.25,0,0,1,3,1
friend_sameer_gupta,fullstack_developer_fresher,general,0.5458,0.6667,9,7,8,0.3591,0.775,1.0,1.0,0.25,0,0,1,3,-1
friend_sameer_gupta,fullstack_developer_general,general,0.5062,0.6562,11,9,11,0.3275,0.535,1.0,0.2,0.25,0,0,1,4,-1
friend_sameer_gupta,golang_backend_developer,general,0.6429,0.7857,7,3,3,0.3954,0.775,1.0,1.0,0.25,0,0,1,3,-1
friend_sameer_gupta,google_ml_engineer,general,0.67,0.75,12,3,5,0.48,0.575,0.5,1.0,0.25,0,1,1,3,1
friend_sameer_gupta,google_swe_early_career,general,0.7,0.8,6,2,2,0.4959,0.575,0.5,1.0,0.25,0,1,1,3,1
friend_sameer_gupta,google_swe_generalist,general,0.76,0.8667,9,4,2,0.5526,0.575,0.5,1.0,0.25,0,1,1,3,1
friend_sameer_gupta,java_backend_developer,general,0.395,0.6,5,4,8,0.3045,0.775,1.0,1.0,0.25,0,0,1,3,-1
friend_sameer_gupta,junior_ml_engineer,general,0.595,0.7,10,4,6,0.4874,0.335,0.5,0.2,0.25,0,3,1,4,1
friend_sameer_gupta,laravel_developer,general,0.3556,0.4444,4,4,10,0.2099,0.535,1.0,0.2,0.25,0,0,1,4,-1
friend_sameer_gupta,mern_stack_developer,general,0.5727,0.6364,10,4,8,0.3282,0.535,1.0,0.2,0.25,0,0,1,4,-1
friend_sameer_gupta,php_fullstack_developer,general,0.5286,0.7619,7,6,5,0.3597,0.535,1.0,0.2,0.25,0,0,1,4,-1
friend_sameer_gupta,software_engineer_general,general,0.5364,0.7273,8,6,6,0.4319,0.775,1.0,1.0,0.25,0,0,1,3,1
friend_sarthak_yadav,android_developer,general,0.37,0.4,3,1,6,0.2408,0.455,0.5,0.6,0.25,0,1,3,4,-1
friend_sarthak_yadav,backend_swe_fullstack,general,0.5538,0.6923,10,8,8,0.4478,0.575,0.5,1.0,0.25,0,1,3,3,1
friend_sarthak_yadav,data_scientist,general,0.3643,0.5,4,1,7,0.2665,0.655,1.0,0.6,0.25,0,0,3,4,-1
friend_sarthak_yadav,flutter_developer_fresher,general,0.1833,0.25,1,2,9,0.3835,0.655,1.0,0.6,0.25,0,0,3,4,-1
friend_sarthak_yadav,frontend_developer_fresher,general,0.7273,0.9091,6,4,1,0.5095,0.775,1.0,1.0,0.25,0,0,3,3,1
friend_sarthak_yadav,fullstack_developer_fresher,general,0.6,0.75,10,8,6,0.6439,0.775,1.0,1.0,0.25,0,0,3,3,1
friend_sarthak_yadav,fullstack_developer_general,general,0.5219,0.6562,12,8,11,0.4288,0.655,1.0,0.6,0.25,0,0,3,4,1
friend_sarthak_yadav,golang_backend_developer,general,0.6429,0.7857,7,3,3,0.3072,0.775,1.0,1.0,0.25,0,0,3,3,-1
friend_sarthak_yadav,google_ml_engineer,general,0.48,0.7,6,5,6,0.2161,0.575,0.5,1.0,0.25,0,1,3,3,-1
friend_sarthak_yadav,google_swe_early_career,general,0.62,0.8,4,4,2,0.3075,0.575,0.5,1.0,0.25,0,1,3,3,-1
friend_sarthak_yadav,google_swe_generalist,general,0.8133,0.9333,10,4,1,0.3373,0.575,0.5,1.0,0.25,0,1,3,3,-1
friend_sarthak_yadav,java_backend_developer,general,0.43,0.7,4,7,6,0.3462,0.775,1.0,1.0,0.25,0,0,3,3,-1
friend_sarthak_yadav,junior_ml_engineer,general,0.4,0.65,5,3,7,0.2113,0.455,0.5,0.6,0.25,0,3,3,4,-1
friend_sarthak_yadav,laravel_developer,general,0.5389,0.7222,6,7,5,0.4058,0.655,1.0,0.6,0.25,0,0,3,4,1
friend_sarthak_yadav,mern_stack_developer,general,0.5636,0.6364,10,4,8,0.5292,0.655,1.0,0.6,0.25,0,0,3,4,1
friend_sarthak_yadav,php_fullstack_developer,general,0.5143,0.8095,5,9,4,0.5558,0.655,1.0,0.6,0.25,0,0,3,4,1
friend_sarthak_yadav,software_engineer_general,general,0.4318,0.6364,5,7,8,0.3936,0.775,1.0,1.0,0.25,0,0,3,3,-1
friend_shahrukh_khan,android_developer,general,0.34,0.4,2,2,6,0.2799,0.68,0.5,0.6,1.0,0,1,3,4,-1
friend_shahrukh_khan,backend_swe_fullstack,general,0.5808,0.6923,11,7,8,0.393,0.8,0.5,1.0,1.0,0,1,3,3,-1
friend_shahrukh_khan,data_scientist,general,0.4143,0.5,4,3,7,0.2771,0.88,1.0,0.6,1.0,0,0,3,4,-1
friend_shahrukh_khan,flutter_developer_fresher,general,0.125,0.1667,1,1,10,0.3725,0.88,1.0,0.6,1.0,0,0,3,4,-1
friend_shahrukh_khan,frontend_developer_fresher,general,0.6364,0.7273,6,2,3,0.5001,1.0,1.0,1.0,1.0,0,0,3,3,1
friend_shahrukh_khan,fullstack_developer_fresher,general,0.5792,0.7083,10,7,7,0.4305,1.0,1.0,1.0,1.0,0,0,3,3,1
friend_shahrukh_khan,fullstack_developer_general,general,0.6375,0.75,16,7,8,0.2963,0.88,1.0,0.6,1.0,0,0,3,4,-1
friend_shahrukh_khan,golang_backend_developer,general,0.5857,0.7143,6,3,4,0.3135,1.0,1.0,1.0,1.0,0,0,3,3,-1
friend_shahrukh_khan,google_ml_engineer,general,0.655,0.8,10,6,4,0.4027,0.8,0.5,1.0,1.0,0,1,3,3,1
friend_shahrukh_khan,google_swe_early_career,general,0.67,0.8,5,3,2,0.3498,0.8,0.5,1.0,1.0,0,1,3,3,-1
friend_shahrukh_khan,google_swe_generalist,general,0.76,0.8667,9,4,2,0.3758,0.8,0.5,1.0,1.0,0,1,3,3,-1
friend_shahrukh_khan,java_backend_developer,general,0.455,0.65,6,4,7,0.31,1.0,1.0,1.0,1.0,0,0,3,3,-1
friend_shahrukh_khan,junior_ml_engineer,general,0.555,0.7,8,6,6,0.3266,0.68,0.5,0.6,1.0,0,3,3,4,-1
friend_shahrukh_khan,laravel_developer,general,0.4667,0.5556,6,4,8,0.2214,0.88,1.0,0.6,1.0,0,0,3,4,-1
friend_shahrukh_khan,mern_stack_developer,general,0.5409,0.6364,9,5,8,0.3726,0.88,1.0,0.6,1.0,0,0,3,4,-1
friend_shahrukh_khan,php_fullstack_developer,general,0.4619,0.5714,7,4,9,0.3676,0.88,1.0,0.6,1.0,0,0,3,4,-1
friend_shahrukh_khan,software_engineer_general,general,0.5682,0.7273,9,5,6,0.3367,1.0,1.0,1.0,1.0,0,0,3,3,-1
friend_shakti_singh,android_developer,general,0.3,0.3,3,0,7,0.2092,0.68,0.5,0.6,1.0,0,1,3,4,-1
friend_shakti_singh,backend_swe_fullstack,general,0.4808,0.5769,10,5,11,0.4774,0.8,0.5,1.0,1.0,0,1,3,3,1
friend_shakti_singh,data_scientist,general,0.3571,0.5,3,4,7,0.2691,0.88,1.0,0.6,1.0,0,0,3,4,-1
friend_shakti_singh,flutter_developer_fresher,general,0.25,0.3333,2,1,8,0.2966,0.88,1.0,0.6,1.0,0,0,3,4,0
friend_shakti_singh,frontend_developer_fresher,general,0.1818,0.1818,2,0,9,0.4389,1.0,1.0,1.0,1.0,0,0,3,3,-1
friend_shakti_singh,fullstack_developer_fresher,general,0.2333,0.3333,4,2,16,0.2639,1.0,1.0,1.0,1.0,0,0,3,3,0
friend_shakti_singh,fullstack_developer_general,general,0.2938,0.4375,6,5,18,0.2009,0.88,1.0,0.6,1.0,0,0,3,4,0
friend_shakti_singh,golang_backend_developer,general,0.6786,0.7857,8,3,3,0.401,1.0,1.0,1.0,1.0,0,0,3,3,1
friend_shakti_singh,google_ml_engineer,general,0.545,0.7,8,6,6,0.4505,0.8,0.5,1.0,1.0,0,1,3,3,1
friend_shakti_singh,google_swe_early_career,general,0.75,0.8,7,1,2,0.2914,0.8,0.5,1.0,1.0,0,1,3,3,-1
friend_shakti_singh,google_swe_generalist,general,0.6,0.6667,8,2,5,0.2914,0.8,0.5,1.0,1.0,0,1,3,3,-1
friend_shakti_singh,java_backend_developer,general,0.43,0.65,5,6,7,0.328,1.0,1.0,1.0,1.0,0,0,3,3,-1
friend_shakti_singh,junior_ml_engineer,general,0.5,0.75,6,7,5,0.3228,0.68,0.5,0.6,1.0,0,3,3,4,-1
friend_shakti_singh,laravel_developer,general,0.2667,0.3333,4,1,12,0.1843,0.88,1.0,0.6,1.0,0,0,3,4,0
friend_shakti_singh,mern_stack_developer,general,0.2409,0.3636,3,4,14,0.2631,0.88,1.0,0.6,1.0,0,0,3,4,0
friend_shakti_singh,php_fullstack_developer,general,0.4143,0.6667,5,5,7,0.331,0.88,1.0,0.6,1.0,0,0,3,4,-1
friend_shakti_singh,software_engineer_general,general,0.4045,0.6364,5,6,8,0.3414,1.0,1.0,1.0,1.0,0,0,3,3,-1
friend_shivanshu_goswami,android_developer,general,0.3,0.3,3,0,7,0.2746,0.605,0.5,0.6,0.75,0,1,3,4,-1
friend_shivanshu_goswami,backend_swe_fullstack,general,0.4731,0.6154,9,6,10,0.4466,0.725,0.5,1.0,0.75,0,1,3,3,1
friend_shivanshu_goswami,data_scientist,general,0.3429,0.4286,4,1,8,0.2974,0.805,1.0,0.6,0.75,0,0,3,4,-1
friend_shivanshu_goswami,flutter_developer_fresher,general,0.125,0.1667,1,1,10,0.3853,0.805,1.0,0.6,0.75,0,0,3,4,-1
friend_shivanshu_goswami,frontend_developer_fresher,general,0.6818,0.8182,6,3,2,0.4008,0.925,1.0,1.0,0.75,0,0,3,3,1
friend_shivanshu_goswami,fullstack_developer_fresher,general,0.5208,0.6667,9,6,8,0.4276,0.925,1.0,1.0,0.75,0,0,3,3,1
friend_shivanshu_goswami,fullstack_developer_general,general,0.5031,0.625,13,5,12,0.3326,0.805,1.0,0.6,0.75,0,0,3,4,-1
friend_shivanshu_goswami,golang_backend_developer,general,0.6643,0.7857,8,2,3,0.3302,0.925,1.0,1.0,0.75,0,0,3,3,-1
friend_shivanshu_goswami,google_ml_engineer,general,0.365,0.5,5,4,10,0.3116,0.725,0.5,1.0,0.75,0,1,3,3,-1
friend_shivanshu_goswami,google_swe_early_career,general,0.63,0.8,5,2,2,0.2995,0.725,0.5,1.0,0.75,0,1,3,3,-1
friend_shivanshu_goswami,google_swe_generalist,general,0.7667,0.9333,9,4,1,0.2933,0.725,0.5,1.0,0.75,0,1,3,3,-1
friend_shivanshu_goswami,java_backend_developer,general,0.395,0.55,6,2,9,0.3439,0.925,1.0,1.0,0.75,0,0,3,3,-1
friend_shivanshu_goswami,junior_ml_engineer,general,0.295,0.5,3,4,10,0.285,0.605,0.5,0.6,0.75,0,3,3,4,0
friend_shivanshu_goswami,laravel_developer,general,0.4833,0.5556,7,3,8,0.281,0.805,1.0,0.6,0.75,0,0,3,4,-1
friend_shivanshu_goswami,mern_stack_developer,general,0.4773,0.5909,8,4,9,0.3846,0.805,1.0,0.6,0.75,0,0,3,4,-1
friend_shivanshu_goswami,php_fullstack_developer,general,0.4143,0.6667,5,5,7,0.4962,0.805,1.0,0.6,0.75,0,0,3,4,1
friend_shivanshu_goswami,software_engineer_general,general,0.4273,0.6364,6,5,8,0.3738,0.925,1.0,1.0,0.75,0,0,3,3,-1
friend_shree_govind_jee,android_developer,general,0.67,0.7,6,1,3,0.2505,0.605,0.5,0.6,0.75,0,1,3,4,-1
friend_shree_govind_jee,backend_swe_fullstack,general,0.5154,0.6154,10,5,10,0.4527,0.725,0.5,1.0,0.75,0,1,3,3,1
friend_shree_govind_jee,data_scientist,general,0.2643,0.3571,2,3,9,0.2128,0.805,1.0,0.6,0.75,0,0,3,4,0
friend_shree_govind_jee,flutter_developer_fresher,general,0.275,0.3333,3,0,8,0.3213,0.805,1.0,0.6,0.75,0,0,3,4,-1
friend_shree_govind_jee,frontend_developer_fresher,general,0.7273,0.8182,7,2,2,0.406,0.925,1.0,1.0,0.75,0,0,3,3,1
friend_shree_govind_jee,fullstack_developer_fresher,general,0.5875,0.6667,11,5,8,0.4752,0.925,1.0,1.0,0.75,0,0,3,3,1
friend_shree_govind_jee,fullstack_developer_general,general,0.5656,0.6562,14,7,11,0.3322,0.805,1.0,0.6,0.75,0,0,3,4,-1
friend_shree_govind_jee,golang_backend_developer,general,0.5857,0.6429,7,2,5,0.2539,0.925,1.0,1.0,0.75,0,0,3,3,-1
friend_shree_govind_jee,google_ml_engineer,general,0.375,0.45,6,3,11,0.2588,0.725,0.5,1.0,0.75,0,1,3,3,-1
friend_shree_govind_jee,google_swe_early_career,general,0.43,0.5,4,0,5,0.2908,0.725,0.5,1.0,0.75,0,1,3,3,-1
friend_shree_govind_jee,google_swe_generalist,general,0.6467,0.7333,8,2,4,0.2925,0.725,0.5,1.0,0.75,0,1,3,3,-1
friend_shree_govind_jee,java_backend_developer,general,0.52,0.55,9,2,9,0.3447,0.925,1.0,1.0,0.75,0,0,3,3,-1
friend_shree_govind_jee,junior_ml_engineer,general,0.225,0.3,3,3,14,0.1518,0.605,0.5,0.6,0.75,0,3,3,4,0
friend_shree_govind_jee,laravel_developer,general,0.5389,0.5556,9,1,8,0.216,0.805,1.0,0.6,0.75,0,0,3,4,-1
friend_shree_govind_jee,mern_stack_developer,general,0.6273,0.6818,11,4,7,0.3707,0.805,1.0,0.6,0.75,0,0,3,4,-1
friend_shree_govind_jee,php_fullstack_developer,general,0.4905,0.619,8,3,8,0.4783,0.805,1.0,0.6,0.75,0,0,3,4,1
friend_shree_govind_jee,software_engineer_general,general,0.4955,0.5909,8,5,9,0.3287,0.925,1.0,1.0,0.75,0,0,3,3,-1
friend_shreyansh_palwalia,android_developer,general,0.5,0.5,5,0,5,0.4008,0.68,0.5,0.6,1.0,0,1,3,4,1
friend_shreyansh_palwalia,backend_swe_fullstack,general,0.4885,0.5769,10,5,11,0.5527,0.8,0.5,1.0,1.0,0,1,3,3,1
friend_shreyansh_palwalia,data_scientist,general,0.5071,0.6429,5,4,5,0.3893,0.88,1.0,0.6,1.0,0,0,3,4,-1
friend_shreyansh_palwalia,flutter_developer_fresher,general,0.2917,0.3333,3,1,8,0.5268,0.88,1.0,0.6,1.0,0,0,3,4,-1
friend_shreyansh_palwalia,frontend_developer_fresher,general,0.7727,0.9091,7,3,1,0.578,1.0,1.0,1.0,1.0,0,0,3,3,1
friend_shreyansh_palwalia,fullstack_developer_fresher,general,0.55,0.6667,10,6,8,0.5828,1.0,1.0,1.0,1.0,0,0,3,3,1
friend_shreyansh_palwalia,fullstack_developer_general,general,0.4906,0.5938,12,6,13,0.4704,0.88,1.0,0.6,1.0,0,0,3,4,1
friend_shreyansh_palwalia,golang_backend_developer,general,0.5571,0.6429,7,1,5,0.4969,1.0,1.0,1.0,1.0,0,0,3,3,1
friend_shreyansh_palwalia,google_ml_engineer,general,0.52,0.7,7,7,6,0.4534,0.8,0.5,1.0,1.0,0,1,3,3,1
friend_shreyansh_palwalia,google_swe_early_career,general,0.65,0.7,6,1,3,0.5438,0.8,0.5,1.0,1.0,0,1,3,3,1
friend_shreyansh_palwalia,google_swe_generalist,general,0.8,0.8667,11,2,2,0.5602,0.8,0.5,1.0,1.0,0,1,3,3,1
friend_shreyansh_palwalia,java_backend_developer,general,0.34,0.45,5,3,11,0.5364,1.0,1.0,1.0,1.0,0,0,3,3,-1
friend_shreyansh_palwalia,junior_ml_engineer,general,0.595,0.8,8,8,4,0.4447,0.68,0.5,0.6,1.0,0,3,3,4,1
friend_shreyansh_palwalia,laravel_developer,general,0.5389,0.6667,7,5,6,0.417,0.88,1.0,0.6,1.0,0,0,3,4,1
friend_shreyansh_palwalia,mern_stack_developer,general,0.5318,0.5909,10,3,9,0.5572,0.88,1.0,0.6,1.0,0,0,3,4,1
friend_shreyansh_palwalia,php_fullstack_developer,general,0.4381,0.5714,6,5,9,0.5786,0.88,1.0,0.6,1.0,0,0,3,4,1
friend_shreyansh_palwalia,software_engineer_general,general,0.3864,0.4545,7,2,12,0.5176,1.0,1.0,1.0,1.0,0,0,3,3,-1
friend_shubham_,android_developer,general,0.3,0.3,3,0,7,0.2715,0.88,1.0,0.6,1.0,1,1,3,4,-1
friend_shubham_,backend_swe_fullstack,general,0.4885,0.5769,10,5,11,0.5823,1.0,1.0,1.0,1.0,1,1,3,3,1
friend_shubham_,data_scientist,general,0.2929,0.4286,3,1,8,0.3053,0.88,1.0,0.6,1.0,1,0,3,4,-1
friend_shubham_,flutter_developer_fresher,general,0.1667,0.1667,2,0,10,0.3911,0.88,1.0,0.6,1.0,1,0,3,4,-1
friend_shubham_,frontend_developer_fresher,general,0.7727,0.9091,7,3,1,0.6067,1.0,1.0,1.0,1.0,1,0,3,3,1
friend_shubham_,fullstack_developer_fresher,general,0.475,0.5417,9,4,11,0.5726,1.0,1.0,1.0,1.0,1,0,3,3,1
friend_shubham_,fullstack_developer_general,general,0.3969,0.5,9,6,16,0.4396,0.88,1.0,0.6,1.0,1,0,3,4,-1
friend_shubham_,golang_backend_developer,general,0.6286,0.7143,8,1,4,0.4705,1.0,1.0,1.0,1.0,1,0,3,3,1
friend_shubham_,google_ml_engineer,general,0.445,0.6,7,2,8,0.4832,1.0,1.0,1.0,1.0,1,1,3,3,1
friend_shubham_,google_swe_early_career,general,0.6,0.7,5,2,3,0.3953,1.0,1.0,1.0,1.0,1,1,3,3,-1
friend_shubham_,google_swe_generalist,general,0.7133,0.8,9,3,3,0.3873,1.0,1.0,1.0,1.0,1,1,3,3,-1
friend_shubham_,java_backend_developer,general,0.165,0.2,3,0,16,0.4256,1.0,1.0,1.0,1.0,1,0,3,3,-1
friend_shubham_,junior_ml_engineer,general,0.45,0.7,6,3,6,0.394,0.64,0.4,0.6,1.0,1,3,3,4,-1
friend_shubham_,laravel_developer,general,0.3444,0.3889,5,2,11,0.3803,0.88,1.0,0.6,1.0,1,0,3,4,-1
friend_shubham_,mern_stack_developer,general,0.4727,0.5,9,2,11,0.5575,0.88,1.0,0.6,1.0,1,0,3,4,1
friend_shubham_,php_fullstack_developer,general,0.3095,0.381,5,2,13,0.5242,0.88,1.0,0.6,1.0,1,0,3,4,-1
friend_shubham_,software_engineer_general,general,0.2955,0.3636,5,2,14,0.4546,1.0,1.0,1.0,1.0,1,0,3,3,-1
friend_shubham_bansal,android_developer,general,0.4,0.4,4,0,6,0.197,0.725,0.5,1.0,0.75,0,1,4,4,-1
friend_shubham_bansal,backend_swe_fullstack,general,0.6038,0.7692,11,8,6,0.3287,0.725,0.5,1.0,0.75,0,1,4,3,-1
friend_shubham_bansal,data_scientist,general,0.2357,0.3571,2,2,9,0.1317,0.925,1.0,1.0,0.75,0,0,4,4,0
friend_shubham_bansal,flutter_developer_fresher,general,0.2917,0.3333,3,1,8,0.2935,0.925,1.0,1.0,0.75,0,0,4,4,0
friend_shubham_bansal,frontend_developer_fresher,general,0.7727,0.9091,7,3,1,0.4186,0.925,1.0,1.0,0.75,0,0,4,3,1
friend_shubham_bansal,fullstack_developer_fresher,general,0.6208,0.7083,12,5,7,0.4933,0.925,1.0,1.0,0.75,0,0,4,3,1
friend_shubham_bansal,fullstack_developer_general,general,0.5062,0.6562,11,9,11,0.3096,0.925,1.0,1.0,0.75,0,0,4,4,-1
friend_shubham_bansal,golang_backend_developer,general,0.6786,0.8571,7,4,2,0.235,0.925,1.0,1.0,0.75,0,0,4,3,-1
friend_shubham_bansal,google_ml_engineer,general,0.37,0.55,5,3,9,0.2459,0.725,0.5,1.0,0.75,0,1,4,3,-1
friend_shubham_bansal,google_swe_early_career,general,0.58,0.8,4,3,2,0.2266,0.725,0.5,1.0,0.75,0,1,4,3,-1
friend_shubham_bansal,google_swe_generalist,general,0.7333,0.9333,8,5,1,0.2898,0.725,0.5,1.0,0.75,0,1,4,3,-1
friend_shubham_bansal,java_backend_developer,general,0.42,0.6,6,3,8,0.2736,0.925,1.0,1.0,0.75,0,0,4,3,-1
friend_shubham_bansal,junior_ml_engineer,general,0.35,0.6,4,3,8,0.1447,0.725,0.5,1.0,0.75,0,3,4,4,-1
friend_shubham_bansal,laravel_developer,general,0.5222,0.6111,7,4,7,0.226,0.925,1.0,1.0,0.75,0,0,4,4,-1
friend_shubham_bansal,mern_stack_developer,general,0.6318,0.6818,12,3,7,0.4162,0.925,1.0,1.0,0.75,0,0,4,4,1
friend_shubham_bansal,php_fullstack_developer,general,0.4857,0.619,7,5,8,0.412,0.925,1.0,1.0,0.75,0,0,4,4,1
friend_shubham_bansal,software_engineer_general,general,0.4227,0.5909,6,5,9,0.3018,0.925,1.0,1.0,0.75,0,0,4,3,-1
friend_shubham_jha,android_developer,general,0.4,0.4,4,0,6,0.2953,0.68,0.5,0.6,1.0,0,1,3,4,-1
friend_shubham_jha,backend_swe_fullstack,general,0.6231,0.7692,12,7,6,0.5435,0.8,0.5,1.0,1.0,0,1,3,3,1
friend_shubham_jha,data_scientist,general,0.3571,0.5,3,4,7,0.2744,0.88,1.0,0.6,1.0,0,0,3,4,-1
friend_shubham_jha,flutter_developer_fresher,general,0.2917,0.3333,3,1,8,0.3636,0.88,1.0,0.6,1.0,0,0,3,4,-1
friend_shubham_jha,frontend_developer_fresher,general,0.8182,0.9091,8,2,1,0.6164,1.0,1.0,1.0,1.0,0,0,3,3,1
friend_shubham_jha,fullstack_developer_fresher,general,0.6542,0.75,13,5,6,0.5142,1.0,1.0,1.0,1.0,0,0,3,3,1
friend_shubham_jha,fullstack_developer_general,general,0.5312,0.6562,13,7,11,0.4282,0.88,1.0,0.6,1.0,0,0,3,4,1
friend_shubham_jha,golang_backend_developer,general,0.7143,0.8571,8,3,2,0.4437,1.0,1.0,1.0,1.0,0,0,3,3,1
friend_shubham_jha,google_ml_engineer,general,0.505,0.7,7,6,6,0.4069,0.8,0.5,1.0,1.0,0,1,3,3,1
friend_shubham_jha,google_swe_early_career,general,0.68,0.8,6,1,2,0.4248,0.8,0.5,1.0,1.0,0,1,3,3,1
friend_shubham_jha,google_swe_generalist,general,0.82,0.9333,11,2,1,0.4197,0.8,0.5,1.0,1.0,0,1,3,3,1
friend_shubham_jha,java_backend_developer,general,0.495,0.7,7,4,6,0.3773,1.0,1.0,1.0,1.0,0,0,3,3,-1
friend_shubham_jha,junior_ml_engineer,general,0.48,0.7,6,7,6,0.3035,0.68,0.5,0.6,1.0,0,3,3,4,-1
friend_shubham_jha,laravel_developer,general,0.6389,0.7222,10,3,5,0.304,0.88,1.0,0.6,1.0,0,0,3,4,-1
friend_shubham_jha,mern_stack_developer,general,0.6455,0.6818,13,2,7,0.4637,0.88,1.0,0.6,1.0,0,0,3,4,1
friend_shubham_jha,php_fullstack_developer,general,0.5762,0.8095,8,6,4,0.485,0.88,1.0,0.6,1.0,0,0,3,4,1
friend_shubham_jha,software_engineer_general,general,0.4682,0.6364,7,5,8,0.4559,1.0,1.0,1.0,1.0,0,0,3,3,1
friend_sumit_kumar,android_developer,general,0.3,0.3,3,0,7,0.1671,0.68,0.5,0.6,1.0,0,1,3,4,-1
friend_sumit_kumar,backend_swe_fullstack,general,0.4962,0.6154,9,6,10,0.4305,0.8,0.5,1.0,1.0,0,1,3,3,1
friend_sumit_kumar,data_scientist,general,0.25,0.3571,2,2,9,0.3599,0.88,1.0,0.6,1.0,0,0,3,4,-1
friend_sumit_kumar,flutter_developer_fresher,general,0.3333,0.4167,3,1,7,0.2981,0.88,1.0,0.6,1.0,0,0,3,4,-1
friend_sumit_kumar,frontend_developer_fresher,general,0.7727,0.9091,7,3,1,0.4411,1.0,1.0,1.0,1.0,0,0,3,3,1
friend_sumit_kumar,fullstack_developer_fresher,general,0.5167,0.5833,10,4,10,0.4847,1.0,1.0,1.0,1.0,0,0,3,3,1
friend_sumit_kumar,fullstack_developer_general,general,0.475,0.5625,12,5,14,0.3288,0.88,1.0,0.6,1.0,0,0,3,4,-1
friend_sumit_kumar,golang_backend_developer,general,0.5857,0.6429,7,2,5,0.3742,1.0,1.0,1.0,1.0,0,0,3,3,-1
friend_sumit_kumar,google_ml_engineer,general,0.415,0.55,6,4,9,0.2721,0.8,0.5,1.0,1.0,0,1,3,3,-1
friend_sumit_kumar,google_swe_early_career,general,0.58,0.7,5,1,3,0.2532,0.8,0.5,1.0,1.0,0,1,3,3,-1
friend_sumit_kumar,google_swe_generalist,general,0.7133,0.8667,8,4,2,0.2771,0.8,0.5,1.0,1.0,0,1,3,3,-1
friend_sumit_kumar,java_backend_developer,general,0.25,0.3,4,1,14,0.3227,1.0,1.0,1.0,1.0,0,0,3,3,-1
friend_sumit_kumar,junior_ml_engineer,general,0.42,0.65,5,5,7,0.2165,0.68,0.5,0.6,1.0,0,3,3,4,-1
friend_sumit_kumar,laravel_developer,general,0.4556,0.5,7,2,9,0.3142,0.88,1.0,0.6,1.0,0,0,3,4,-1
friend_sumit_kumar,mern_stack_developer,general,0.5045,0.5455,9,3,10,0.4227,0.88,1.0,0.6,1.0,0,0,3,4,1
friend_sumit_kumar,php_fullstack_developer,general,0.4429,0.5714,7,3,9,0.5373,0.88,1.0,0.6,1.0,0,0,3,4,1
friend_sumit_kumar,software_engineer_general,general,0.3818,0.4545,6,4,12,0.4255,1.0,1.0,1.0,1.0,0,0,3,3,-1
friend_sunny_punia,android_developer,general,0.4,0.4,4,0,6,0.4137,0.605,0.5,0.6,0.75,0,1,3,4,-1
friend_sunny_punia,backend_swe_fullstack,general,0.5846,0.7308,11,7,7,0.5783,0.725,0.5,1.0,0.75,0,1,3,3,1
friend_sunny_punia,data_scientist,general,0.3429,0.4286,4,1,8,0.3633,0.805,1.0,0.6,0.75,0,0,3,4,-1
friend_sunny_punia,flutter_developer_fresher,general,0.2917,0.3333,3,1,8,0.4973,0.805,1.0,0.6,0.75,0,0,3,4,-1
friend_sunny_punia,frontend_developer_fresher,general,0.8182,0.9091,8,2,1,0.5441,0.925,1.0,1.0,0.75,0,0,3,3,1
friend_sunny_punia,fullstack_developer_fresher,general,0.6,0.7083,11,6,7,0.6348,0.925,1.0,1.0,0.75,0,0,3,3,1
friend_sunny_punia,fullstack_developer_general,general,0.5156,0.6562,12,8,11,0.5359,0.805,1.0,0.6,0.75,0,0,3,4,1
friend_sunny_punia,golang_backend_developer,general,0.7857,0.9286,9,3,1,0.4645,0.925,1.0,1.0,0.75,0,0,3,3,1
friend_sunny_punia,google_ml_engineer,general,0.44,0.6,6,5,8,0.4271,0.725,0.5,1.0,0.75,0,1,3,3,1
friend_sunny_punia,google_swe_early_career,general,0.63,0.8,5,2,2,0.4342,0.725,0.5,1.0,0.75,0,1,3,3,1
friend_sunny_punia,google_swe_generalist,general,0.7667,0.9333,9,4,1,0.4245,0.725,0.5,1.0,0.75,0,1,3,3,1
friend_sunny_punia,java_backend_developer,general,0.395,0.6,5,4,8,0.4677,0.925,1.0,1.0,0.75,0,0,3,3,-1
friend_sunny_punia,junior_ml_engineer,general,0.42,0.65,5,5,7,0.3426,0.605,0.5,0.6,0.75,0,3,3,4,-1
friend_sunny_punia,laravel_developer,general,0.5389,0.6111,8,3,7,0.4156,0.805,1.0,0.6,0.75,0,0,3,4,1
friend_sunny_punia,mern_stack_developer,general,0.6318,0.6818,12,3,7,0.5685,0.805,1.0,0.6,0.75,0,0,3,4,1
friend_sunny_punia,php_fullstack_developer,general,0.481,0.7143,6,6,6,0.5634,0.805,1.0,0.6,0.75,0,0,3,4,1
friend_sunny_punia,software_engineer_general,general,0.4455,0.6364,6,6,8,0.5898,0.925,1.0,1.0,0.75,0,0,3,3,1
friend_suraj_yadav_,android_developer,general,0.47,0.5,4,1,5,0.11,0.56,0.5,0.2,1.0,0,1,1,4,-1
friend_suraj_yadav_,backend_swe_fullstack,general,0.6962,0.7692,15,5,6,0.3805,0.8,0.5,1.0,1.0,0,1,1,3,-1
friend_suraj_yadav_,data_scientist,general,0.25,0.3571,2,2,9,0.1191,0.76,1.0,0.2,1.0,0,0,1,4,0
friend_suraj_yadav_,flutter_developer_fresher,general,0.5,0.5833,5,2,5,0.2185,0.76,1.0,0.2,1.0,0,0,1,4,-1
friend_suraj_yadav_,frontend_developer_fresher,general,0.8636,1.0,8,3,0,0.384,1.0,1.0,1.0,1.0,0,0,1,3,-1
friend_suraj_yadav_,fullstack_developer_fresher,general,0.6625,0.75,13,5,6,0.3933,1.0,1.0,1.0,1.0,0,0,1,3,-1
friend_suraj_yadav_,fullstack_developer_general,general,0.6312,0.75,16,8,8,0.2016,0.76,1.0,0.2,1.0,0,0,1,4,-1
friend_suraj_yadav_,golang_backend_developer,general,0.7786,0.8571,9,3,2,0.2267,1.0,1.0,1.0,1.0,0,0,1,3,-1
friend_suraj_yadav_,google_ml_engineer,general,0.475,0.6,7,4,8,0.2683,0.8,0.5,1.0,1.0,0,1,1,3,-1
friend_suraj_yadav_,google_swe_early_career,general,0.72,0.8,6,2,2,0.2638,0.8,0.5,1.0,1.0,0,1,1,3,-1
friend_suraj_yadav_,google_swe_generalist,general,0.8267,0.9333,10,4,1,0.303,0.8,0.5,1.0,1.0,0,1,1,3,-1
friend_suraj_yadav_,java_backend_developer,general,0.585,0.75,8,7,5,0.2378,1.0,1.0,1.0,1.0,0,0,1,3,-1
friend_suraj_yadav_,junior_ml_engineer,general,0.43,0.65,5,5,7,0.1712,0.56,0.5,0.2,1.0,0,3,1,4,-1
friend_suraj_yadav_,laravel_developer,general,0.5944,0.6667,9,3,6,0.1719,0.76,1.0,0.2,1.0,0,0,1,4,-1
friend_suraj_yadav_,mern_stack_developer,general,0.6773,0.7273,13,3,6,0.3423,0.76,1.0,0.2,1.0,0,0,1,4,-1
friend_suraj_yadav_,php_fullstack_developer,general,0.6095,0.7619,10,4,5,0.3816,0.76,1.0,0.2,1.0,0,0,1,4,-1
friend_suraj_yadav_,software_engineer_general,general,0.5773,0.6818,10,5,7,0.2639,1.0,1.0,1.0,1.0,0,0,1,3,-1
friend_tajinder_singh,android_developer,general,0.37,0.4,3,1,6,0.1684,0.605,0.5,0.6,0.75,0,1,3,4,-1
friend_tajinder_singh,backend_swe_fullstack,general,0.5346,0.6154,11,5,10,0.4543,0.725,0.5,1.0,0.75,0,1,3,3,1
friend_tajinder_singh,data_scientist,general,0.4143,0.5714,4,2,6,0.2987,0.805,1.0,0.6,0.75,0,0,3,4,-1
friend_tajinder_singh,flutter_developer_fresher,general,0.2917,0.3333,3,1,8,0.3064,0.805,1.0,0.6,0.75,0,0,3,4,-1
friend_tajinder_singh,frontend_developer_fresher,general,0.7727,0.9091,7,3,1,0.515,0.925,1.0,1.0,0.75,0,0,3,3,1
friend_tajinder_singh,fullstack_developer_fresher,general,0.6208,0.7083,12,5,7,0.5486,0.925,1.0,1.0,0.75,0,0,3,3,1
friend_tajinder_singh,fullstack_developer_general,general,0.5219,0.6562,12,8,11,0.3389,0.805,1.0,0.6,0.75,0,0,3,4,-1
friend_tajinder_singh,golang_backend_developer,general,0.6786,0.7857,8,2,3,0.3426,0.925,1.0,1.0,0.75,0,0,3,3,-1
friend_tajinder_singh,google_ml_engineer,general,0.505,0.7,7,4,6,0.3295,0.725,0.5,1.0,0.75,0,1,3,3,-1
friend_tajinder_singh,google_swe_early_career,general,0.57,0.7,4,3,3,0.2548,0.725,0.5,1.0,0.75,0,1,3,3,-1
friend_tajinder_singh,google_swe_generalist,general,0.76,0.8667,9,4,2,0.2684,0.725,0.5,1.0,0.75,0,1,3,3,-1
friend_tajinder_singh,java_backend_developer,general,0.455,0.65,6,4,7,0.3776,0.925,1.0,1.0,0.75,0,0,3,3,-1
friend_tajinder_singh,junior_ml_engineer,general,0.485,0.75,6,4,5,0.2442,0.605,0.5,0.6,0.75,0,3,3,4,-1
friend_tajinder_singh,laravel_developer,general,0.5222,0.6111,7,4,7,0.328,0.805,1.0,0.6,0.75,0,0,3,4,-1
friend_tajinder_singh,mern_stack_developer,general,0.5864,0.6364,11,3,8,0.4605,0.805,1.0,0.6,0.75,0,0,3,4,1
friend_tajinder_singh,php_fullstack_developer,general,0.4143,0.5238,6,4,10,0.5357,0.805,1.0,0.6,0.75,0,0,3,4,1
friend_tajinder_singh,software_engineer_general,general,0.4227,0.5455,7,3,10,0.3782,0.925,1.0,1.0,0.75,0,0,3,3,-1
friend_tushar_singh,android_developer,general,0.4,0.4,4,0,6,0.2291,0.605,0.5,0.6,0.75,0,1,3,4,-1
friend_tushar_singh,backend_swe_fullstack,general,0.6538,0.7308,15,3,7,0.4428,0.725,0.5,1.0,0.75,0,1,3,3,1
friend_tushar_singh,data_scientist,general,0.4357,0.5714,5,1,6,0.2076,0.805,1.0,0.6,0.75,0,0,3,4,-1
friend_tushar_singh,flutter_developer_fresher,general,0.2917,0.3333,3,1,8,0.4119,0.805,1.0,0.6,0.75,0,0,3,4,-1
friend_tushar_singh,frontend_developer_fresher,general,0.7273,0.9091,6,4,1,0.5215,0.925,1.0,1.0,0.75,0,0,3,3,1
friend_tushar_singh,fullstack_developer_fresher,general,0.5917,0.6667,12,4,8,0.5524,0.925,1.0,1.0,0.75,0,0,3,3,1
friend_tushar_singh,fullstack_developer_general,general,0.5625,0.6562,15,5,11,0.3449,0.805,1.0,0.6,0.75,0,0,3,4,-1
friend_tushar_singh,golang_backend_developer,general,0.8214,0.9286,10,2,1,0.4506,0.925,1.0,1.0,0.75,0,0,3,3,1
friend_tushar_singh,google_ml_engineer,general,0.545,0.7,9,2,6,0.3493,0.725,0.5,1.0,0.75,0,1,3,3,-1
friend_tushar_singh,google_swe_early_career,general,0.63,0.8,5,2,2,0.3117,0.725,0.5,1.0,0.75,0,1,3,3,-1
friend_tushar_singh,google_swe_generalist,general,0.8,0.9333,10,3,1,0.3476,0.725,0.5,1.0,0.75,0,1,3,3,-1
friend_tushar_singh,java_backend_developer,general,0.47,0.65,7,3,7,0.4979,0.925,1.0,1.0,0.75,0,0,3,3,1
friend_tushar_singh,junior_ml_engineer,general,0.575,0.8,9,2,4,0.3053,0.605,0.5,0.6,0.75,0,3,3,4,-1
friend_tushar_singh,laravel_developer,general,0.5778,0.6667,8,4,6,0.3534,0.805,1.0,0.6,0.75,0,0,3,4,-1
friend_tushar_singh,mern_stack_developer,general,0.5773,0.5909,12,1,9,0.5108,0.805,1.0,0.6,0.75,0,0,3,4,1
friend_tushar_singh,php_fullstack_developer,general,0.5,0.619,8,4,8,0.5378,0.805,1.0,0.6,0.75,0,0,3,4,1
friend_tushar_singh,software_engineer_general,general,0.5364,0.6818,9,5,7,0.4486,0.925,1.0,1.0,0.75,0,0,3,3,1
friend_ujjwal_jain,android_developer,general,0.57,0.6,5,1,4,0.2142,0.53,0.5,0.6,0.5,0,1,3,4,-1
friend_ujjwal_jain,backend_swe_fullstack,general,0.5154,0.6154,10,6,10,0.3626,0.65,0.5,1.0,0.5,0,1,3,3,-1
friend_ujjwal_jain,data_scientist,general,0.3214,0.4286,3,2,8,0.2672,0.73,1.0,0.6,0.5,0,0,3,4,-1
friend_ujjwal_jain,flutter_developer_fresher,general,0.2917,0.3333,3,1,8,0.3676,0.73,1.0,0.6,0.5,0,0,3,4,-1
friend_ujjwal_jain,frontend_developer_fresher,general,0.8182,0.9091,8,2,1,0.5441,0.85,1.0,1.0,0.5,0,0,3,3,1
friend_ujjwal_jain,fullstack_developer_fresher,general,0.4958,0.5833,9,5,10,0.5258,0.85,1.0,1.0,0.5,0,0,3,3,1
friend_ujjwal_jain,fullstack_developer_general,general,0.5,0.625,12,7,12,0.4137,0.73,1.0,0.6,0.5,0,0,3,4,1
friend_ujjwal_jain,golang_backend_developer,general,0.6071,0.7143,7,2,4,0.4006,0.85,1.0,1.0,0.5,0,0,3,3,1
friend_ujjwal_jain,google_ml_engineer,general,0.44,0.55,7,3,9,0.3188,0.65,0.5,1.0,0.5,0,1,3,3,-1
friend_ujjwal_jain,google_swe_early_career,general,0.6,0.7,5,2,3,0.2735,0.65,0.5,1.0,0.5,0,1,3,3,-1
friend_ujjwal_jain,google_swe_generalist,general,0.8133,0.9333,10,4,1,0.297,0.65,0.5,1.0,0.5,0,1,3,3,-1
friend_ujjwal_jain,java_backend_developer,general,0.365,0.45,6,2,11,0.327,0.85,1.0,1.0,0.5,0,0,3,3,-1
friend_ujjwal_jain,junior_ml_engineer,general,0.345,0.55,4,4,9,0.287,0.53,0.5,0.6,0.5,0,3,3,4,-1
friend_ujjwal_jain,laravel_developer,general,0.4556,0.5,7,2,9,0.3842,0.73,1.0,0.6,0.5,0,0,3,4,-1
friend_ujjwal_jain,mern_stack_developer,general,0.5182,0.5455,10,2,10,0.4739,0.73,1.0,0.6,0.5,0,0,3,4,1
friend_ujjwal_jain,php_fullstack_developer,general,0.4333,0.619,6,4,8,0.5098,0.73,1.0,0.6,0.5,0,0,3,4,1
friend_ujjwal_jain,software_engineer_general,general,0.4318,0.5455,7,4,10,0.3742,0.85,1.0,1.0,0.5,0,0,3,3,-1
friend_ujjwal_kumar,android_developer,general,0.17,0.2,1,1,8,0.3118,0.605,0.5,0.6,0.75,0,1,3,4,-1
friend_ujjwal_kumar,backend_swe_fullstack,general,0.3423,0.3846,7,3,16,0.39,0.725,0.5,1.0,0.75,0,1,3,3,-1
friend_ujjwal_kumar,data_scientist,general,0.3429,0.5,3,2,7,0.3915,0.805,1.0,0.6,0.75,0,0,3,4,-1
friend_ujjwal_kumar,flutter_developer_fresher,general,0.125,0.1667,1,1,10,0.4716,0.805,1.0,0.6,0.75,0,0,3,4,-1
friend_ujjwal_kumar,frontend_developer_fresher,general,0.5636,0.7273,4,4,3,0.5449,0.925,1.0,1.0,0.75,0,0,3,3,1
friend_ujjwal_kumar,fullstack_developer_fresher,general,0.4125,0.5,7,5,12,0.5057,0.925,1.0,1.0,0.75,0,0,3,3,1
friend_ujjwal_kumar,fullstack_developer_general,general,0.3875,0.5,8,8,16,0.4966,0.805,1.0,0.6,0.75,0,0,3,4,-1
friend_ujjwal_kumar,golang_backend_developer,general,0.3857,0.4286,4,2,8,0.3597,0.925,1.0,1.0,0.75,0,0,3,3,-1
friend_ujjwal_kumar,google_ml_engineer,general,0.35,0.5,4,4,10,0.2747,0.725,0.5,1.0,0.75,0,1,3,3,-1
friend_ujjwal_kumar,google_swe_early_career,general,0.47,0.6,3,2,4,0.3308,0.725,0.5,1.0,0.75,0,1,3,3,-1
friend_ujjwal_kumar,google_swe_generalist,general,0.6267,0.7333,7,3,4,0.3576,0.725,0.5,1.0,0.75,0,1,3,3,-1
friend_ujjwal_kumar,java_backend_developer,general,0.185,0.25,2,3,15,0.4006,0.925,1.0,1.0,0.75,0,0,3,3,-1
friend_ujjwal_kumar,junior_ml_engineer,general,0.315,0.5,3,4,10,0.254,0.605,0.5,0.6,0.75,0,3,3,4,-1
friend_ujjwal_kumar,laravel_developer,general,0.3,0.3889,3,4,11,0.3682,0.805,1.0,0.6,0.75,0,0,3,4,-1
friend_ujjwal_kumar,mern_stack_developer,general,0.4273,0.4545,8,2,12,0.4221,0.805,1.0,0.6,0.75,0,0,3,4,1
friend_ujjwal_kumar,php_fullstack_developer,general,0.281,0.3333,4,3,14,0.4262,0.805,1.0,0.6,0.75,0,0,3,4,-1
friend_ujjwal_kumar,software_engineer_general,general,0.3273,0.3636,6,2,14,0.4188,0.925,1.0,1.0,0.75,0,0,3,3,-1
friend_vaibhav_tiwari,android_developer,general,0.2,0.2,2,0,8,0.3074,0.68,0.5,0.6,1.0,0,1,3,4,-1
friend_vaibhav_tiwari,backend_swe_fullstack,general,0.4385,0.5769,7,7,11,0.4059,0.8,0.5,1.0,1.0,0,1,3,3,1
friend_vaibhav_tiwari,data_scientist,general,0.3071,0.5,2,3,7,0.3863,0.88,1.0,0.6,1.0,0,0,3,4,-1
friend_vaibhav_tiwari,flutter_developer_fresher,general,0.1667,0.1667,2,0,10,0.3717,0.88,1.0,0.6,1.0,0,0,3,4,-1
friend_vaibhav_tiwari,frontend_developer_fresher,general,0.5909,0.7273,5,3,3,0.649,1.0,1.0,1.0,1.0,0,0,3,3,1
friend_vaibhav_tiwari,fullstack_developer_fresher,general,0.4875,0.5833,9,5,10,0.5168,1.0,1.0,1.0,1.0,0,0,3,3,1
friend_vaibhav_tiwari,fullstack_developer_general,general,0.3875,0.4688,9,6,17,0.4126,0.88,1.0,0.6,1.0,0,0,3,4,-1
friend_vaibhav_tiwari,golang_backend_developer,general,0.4786,0.5714,5,3,6,0.3987,1.0,1.0,1.0,1.0,0,0,3,3,-1
friend_vaibhav_tiwari,google_ml_engineer,general,0.375,0.6,5,2,8,0.3651,0.8,0.5,1.0,1.0,0,1,3,3,-1
friend_vaibhav_tiwari,google_swe_early_career,general,0.53,0.7,4,2,3,0.4232,0.8,0.5,1.0,1.0,0,1,3,3,1
friend_vaibhav_tiwari,google_swe_generalist,general,0.6667,0.8,8,3,3,0.4751,0.8,0.5,1.0,1.0,0,1,3,3,1
friend_vaibhav_tiwari,java_backend_developer,general,0.285,0.35,4,3,13,0.3313,1.0,1.0,1.0,1.0,0,0,3,3,-1
friend_vaibhav_tiwari,junior_ml_engineer,general,0.355,0.65,4,2,7,0.3441,0.68,0.5,0.6,1.0,0,3,3,4,-1
friend_vaibhav_tiwari,laravel_developer,general,0.3889,0.5,5,4,9,0.332,0.88,1.0,0.6,1.0,0,0,3,4,-1
friend_vaibhav_tiwari,mern_stack_developer,general,0.45,0.5,8,3,11,0.4286,0.88,1.0,0.6,1.0,0,0,3,4,1
friend_vaibhav_tiwari,php_fullstack_developer,general,0.3429,0.4286,5,4,12,0.4148,0.88,1.0,0.6,1.0,0,0,3,4,-1
friend_vaibhav_tiwari,software_engineer_general,general,0.3364,0.4091,5,4,13,0.4397,1.0,1.0,1.0,1.0,0,0,3,3,-1
friend_vashu_kumar,android_developer,general,0.27,0.3,2,1,7,0.1339,0.605,0.5,0.6,0.75,0,1,3,4,0
friend_vashu_kumar,backend_swe_fullstack,general,0.3192,0.3846,7,2,16,0.318,0.725,0.5,1.0,0.75,0,1,3,3,-1
friend_vashu_kumar,data_scientist,general,0.4643,0.5,6,1,7,0.4389,0.805,1.0,0.6,0.75,0,0,3,4,1
friend_vashu_kumar,flutter_developer_fresher,general,0.125,0.1667,1,1,10,0.1474,0.805,1.0,0.6,0.75,0,0,3,4,0
friend_vashu_kumar,frontend_developer_fresher,general,0.2909,0.4545,1,4,6,0.2069,0.925,1.0,1.0,0.75,0,0,3,3,0
friend_vashu_kumar,fullstack_developer_fresher,general,0.25,0.375,3,5,15,0.1044,0.925,1.0,1.0,0.75,0,0,3,3,0
friend_vashu_kumar,fullstack_developer_general,general,0.3031,0.4375,5,8,18,0.1698,0.805,1.0,0.6,0.75,0,0,3,4,-1
friend_vashu_kumar,golang_backend_developer,general,0.4429,0.5,5,2,7,0.1294,0.925,1.0,1.0,0.75,0,0,3,3,-1
friend_vashu_kumar,google_ml_engineer,general,0.465,0.6,6,6,8,0.3075,0.725,0.5,1.0,0.75,0,1,3,3,-1
friend_vashu_kumar,google_swe_early_career,general,0.6,0.7,5,1,3,0.1301,0.725,0.5,1.0,0.75,0,1,3,3,-1
friend_vashu_kumar,google_swe_generalist,general,0.6467,0.7333,8,2,4,0.1401,0.725,0.5,1.0,0.75,0,1,3,3,-1
friend_vashu_kumar,java_backend_developer,general,0.225,0.25,4,1,15,0.1606,0.925,1.0,1.0,0.75,0,0,3,3,0
friend_vashu_kumar,junior_ml_engineer,general,0.59,0.75,8,7,5,0.3925,0.605,0.5,0.6,0.75,0,3,3,4,-1
friend_vashu_kumar,laravel_developer,general,0.2444,0.2778,3,2,13,0.1481,0.805,1.0,0.6,0.75,0,0,3,4,0
friend_vashu_kumar,mern_stack_developer,general,0.2273,0.3182,3,3,15,0.1844,0.805,1.0,0.6,0.75,0,0,3,4,0
friend_vashu_kumar,php_fullstack_developer,general,0.2238,0.2857,3,3,15,0.1874,0.805,1.0,0.6,0.75,0,0,3,4,0
friend_vashu_kumar,software_engineer_general,general,0.3273,0.3636,6,2,14,0.21,0.925,1.0,1.0,0.75,0,0,3,3,-1
friend_vijay_kumar,android_developer,general,0.5,0.5,5,0,5,0.3074,0.605,0.5,0.6,0.75,0,1,3,4,-1
friend_vijay_kumar,backend_swe_fullstack,general,0.4577,0.5769,8,7,11,0.3798,0.725,0.5,1.0,0.75,0,1,3,3,-1
friend_vijay_kumar,data_scientist,general,0.1929,0.2143,2,1,11,0.2264,0.805,1.0,0.6,0.75,0,0,3,4,0
friend_vijay_kumar,flutter_developer_fresher,general,0.275,0.3333,3,0,8,0.4411,0.805,1.0,0.6,0.75,0,0,3,4,-1
friend_vijay_kumar,frontend_developer_fresher,general,0.5909,0.7273,5,3,3,0.5062,0.925,1.0,1.0,0.75,0,0,3,3,1
friend_vijay_kumar,fullstack_developer_fresher,general,0.5792,0.6667,11,5,8,0.5923,0.925,1.0,1.0,0.75,0,0,3,3,1
friend_vijay_kumar,fullstack_developer_general,general,0.5312,0.6562,13,6,11,0.5023,0.805,1.0,0.6,0.75,0,0,3,4,1
friend_vijay_kumar,golang_backend_developer,general,0.4857,0.6429,5,3,5,0.3514,0.925,1.0,1.0,0.75,0,0,3,3,-1
friend_vijay_kumar,google_ml_engineer,general,0.275,0.35,4,3,13,0.2429,0.725,0.5,1.0,0.75,0,1,3,3,0
friend_vijay_kumar,google_swe_early_career,general,0.5,0.6,4,2,4,0.3074,0.725,0.5,1.0,0.75,0,1,3,3,-1
friend_vijay_kumar,google_swe_generalist,general,0.6267,0.7333,7,4,4,0.3352,0.725,0.5,1.0,0.75,0,1,3,3,-1
friend_vijay_kumar,java_backend_developer,general,0.395,0.6,5,3,8,0.326,0.925,1.0,1.0,0.75,0,0,3,3,-1
friend_vijay_kumar,junior_ml_engineer,general,0.15,0.2,2,2,16,0.133,0.605,0.5,0.6,0.75,0,3,3,4,0
friend_vijay_kumar,laravel_developer,general,0.4833,0.5556,7,3,8,0.319,0.805,1.0,0.6,0.75,0,0,3,4,-1
friend_vijay_kumar,mern_stack_developer,general,0.5273,0.5909,9,4,9,0.5061,0.805,1.0,0.6,0.75,0,0,3,4,1
friend_vijay_kumar,php_fullstack_developer,general,0.4571,0.6667,6,5,7,0.4934,0.805,1.0,0.6,0.75,0,0,3,4,1
friend_vijay_kumar,software_engineer_general,general,0.5,0.6818,7,6,7,0.3952,0.925,1.0,1.0,0.75,0,0,3,3,-1
friend_vikash_dubey,android_developer,general,0.3,0.3,3,0,7,0.2483,0.605,0.5,0.6,0.75,0,1,3,4,-1
friend_vikash_dubey,backend_swe_fullstack,general,0.5,0.5769,11,3,11,0.3203,0.725,0.5,1.0,0.75,0,1,3,3,-1
friend_vikash_dubey,data_scientist,general,0.2143,0.2143,3,0,11,0.2439,0.805,1.0,0.6,0.75,0,0,3,4,0
friend_vikash_dubey,flutter_developer_fresher,general,0.2083,0.25,2,1,9,0.3108,0.805,1.0,0.6,0.75,0,0,3,4,-1
friend_vikash_dubey,frontend_developer_fresher,general,0.7273,0.8182,7,2,2,0.4993,0.925,1.0,1.0,0.75,0,0,3,3,1
friend_vikash_dubey,fullstack_developer_fresher,general,0.4958,0.5833,9,5,10,0.5773,0.925,1.0,1.0,0.75,0,0,3,3,1
friend_vikash_dubey,fullstack_developer_general,general,0.4594,0.5625,11,7,14,0.4549,0.805,1.0,0.6,0.75,0,0,3,4,1
friend_vikash_dubey,golang_backend_developer,general,0.5357,0.5714,7,1,6,0.3087,0.925,1.0,1.0,0.75,0,0,3,3,-1
friend_vikash_dubey,google_ml_engineer,general,0.3,0.35,5,2,13,0.1679,0.725,0.5,1.0,0.75,0,1,3,3,-1
friend_vikash_dubey,google_swe_early_career,general,0.43,0.5,4,0,5,0.2736,0.725,0.5,1.0,0.75,0,1,3,3,-1
friend_vikash_dubey,google_swe_generalist,general,0.6,0.6667,8,1,5,0.3069,0.725,0.5,1.0,0.75,0,1,3,3,-1
friend_vikash_dubey,java_backend_developer,general,0.25,0.3,4,2,14,0.2953,0.925,1.0,1.0,0.75,0,0,3,3,0
friend_vikash_dubey,junior_ml_engineer,general,0.2,0.25,3,2,15,0.1435,0.605,0.5,0.6,0.75,0,3,3,4,0
friend_vikash_dubey,laravel_developer,general,0.4556,0.5,7,2,9,0.3732,0.805,1.0,0.6,0.75,0,0,3,4,-1
friend_vikash_dubey,mern_stack_developer,general,0.5182,0.5455,10,2,10,0.4777,0.805,1.0,0.6,0.75,0,0,3,4,1
friend_vikash_dubey,php_fullstack_developer,general,0.419,0.5714,6,4,9,0.44,0.805,1.0,0.6,0.75,0,0,3,4,1
friend_vikash_dubey,software_engineer_general,general,0.3727,0.4545,6,4,12,0.3442,0.925,1.0,1.0,0.75,0,0,3,3,-1
friend_vikram_mahasheth,android_developer,general,0.4,0.4,4,0,6,0.2079,0.68,0.5,0.6,1.0,0,1,3,4,-1
friend_vikram_mahasheth,backend_swe_fullstack,general,0.5077,0.6923,8,9,8,0.4509,0.8,0.5,1.0,1.0,0,1,3,3,1
friend_vikram_mahasheth,data_scientist,general,0.2286,0.2857,2,2,10,0.258,0.88,1.0,0.6,1.0,0,0,3,4,0
friend_vikram_mahasheth,flutter_developer_fresher,general,0.1917,0.25,2,0,9,0.337,0.88,1.0,0.6,1.0,0,0,3,4,-1
friend_vikram_mahasheth,frontend_developer_fresher,general,0.6818,0.8182,6,3,2,0.4829,1.0,1.0,1.0,1.0,0,0,3,3,1
friend_vikram_mahasheth,fullstack_developer_fresher,general,0.6958,0.8333,13,7,4,0.5764,1.0,1.0,1.0,1.0,0,0,3,3,1
friend_vikram_mahasheth,fullstack_developer_general,general,0.5156,0.6875,11,9,10,0.315,0.88,1.0,0.6,1.0,0,0,3,4,-1
friend_vikram_mahasheth,golang_backend_developer,general,0.6286,0.7857,7,3,3,0.2958,1.0,1.0,1.0,1.0,0,0,3,3,-1
friend_vikram_mahasheth,google_ml_engineer,general,0.33,0.5,4,4,10,0.2885,0.8,0.5,1.0,1.0,0,1,3,3,-1
friend_vikram_mahasheth,google_swe_early_career,general,0.43,0.6,3,2,4,0.3087,0.8,0.5,1.0,1.0,0,1,3,3,-1
friend_vikram_mahasheth,google_swe_generalist,general,0.6,0.7333,7,3,4,0.3502,0.8,0.5,1.0,1.0,0,1,3,3,-1
friend_vikram_mahasheth,java_backend_developer,general,0.47,0.75,5,6,5,0.3649,1.0,1.0,1.0,1.0,0,0,3,3,-1
friend_vikram_mahasheth,junior_ml_engineer,general,0.18,0.3,2,2,14,0.2039,0.68,0.5,0.6,1.0,0,3,3,4,0
friend_vikram_mahasheth,laravel_developer,general,0.6667,0.8333,9,6,3,0.3153,0.88,1.0,0.6,1.0,0,0,3,4,-1
friend_vikram_mahasheth,mern_stack_developer,general,0.6318,0.7273,11,5,6,0.5171,0.88,1.0,0.6,1.0,0,0,3,4,1
friend_vikram_mahasheth,php_fullstack_developer,general,0.5524,0.8095,7,7,4,0.5599,0.88,1.0,0.6,1.0,0,0,3,4,1
friend_vikram_mahasheth,software_engineer_general,general,0.4545,0.6818,5,8,7,0.3947,1.0,1.0,1.0,1.0,0,0,3,3,-1
friend_vishal_mishra,android_developer,general,0.4,0.4,4,0,6,0.2028,0.605,0.5,0.6,0.75,0,1,3,4,-1
friend_vishal_mishra,backend_swe_fullstack,general,0.5885,0.6923,13,4,8,0.4652,0.725,0.5,1.0,0.75,0,1,3,3,1
friend_vishal_mishra,data_scientist,general,0.4643,0.5714,5,3,6,0.2377,0.805,1.0,0.6,0.75,0,0,3,4,-1
friend_vishal_mishra,flutter_developer_fresher,general,0.4167,0.5,4,2,6,0.3398,0.805,1.0,0.6,0.75,0,0,3,4,-1
friend_vishal_mishra,frontend_developer_fresher,general,0.7727,0.9091,7,3,1,0.4455,0.925,1.0,1.0,0.75,0,0,3,3,1
friend_vishal_mishra,fullstack_developer_fresher,general,0.5417,0.7083,9,7,7,0.4735,0.925,1.0,1.0,0.75,0,0,3,3,1
friend_vishal_mishra,fullstack_developer_general,general,0.5188,0.6562,13,6,11,0.361,0.805,1.0,0.6,0.75,0,0,3,4,-1
friend_vishal_mishra,golang_backend_developer,general,0.7357,0.8571,9,2,2,0.3446,0.925,1.0,1.0,0.75,0,0,3,3,-1
friend_vishal_mishra,google_ml_engineer,general,0.47,0.65,6,7,7,0.2382,0.725,0.5,1.0,0.75,0,1,3,3,-1
friend_vishal_mishra,google_swe_early_career,general,0.63,0.8,5,2,2,0.333,0.725,0.5,1.0,0.75,0,1,3,3,-1
friend_vishal_mishra,google_swe_generalist,general,0.8,0.9333,10,3,1,0.3415,0.725,0.5,1.0,0.75,0,1,3,3,-1
friend_vishal_mishra,java_backend_developer,general,0.395,0.6,5,4,8,0.3882,0.925,1.0,1.0,0.75,0,0,3,3,-1
friend_vishal_mishra,junior_ml_engineer,general,0.6,0.85,8,7,3,0.2058,0.605,0.5,0.6,0.75,0,3,3,4,-1
friend_vishal_mishra,laravel_developer,general,0.5111,0.6111,7,4,7,0.2917,0.805,1.0,0.6,0.75,0,0,3,4,-1
friend_vishal_mishra,mern_stack_developer,general,0.5455,0.6818,9,5,7,0.4235,0.805,1.0,0.6,0.75,0,0,3,4,1
friend_vishal_mishra,php_fullstack_developer,general,0.4381,0.7143,5,6,6,0.489,0.805,1.0,0.6,0.75,0,0,3,4,1
friend_vishal_mishra,software_engineer_general,general,0.4045,0.6364,5,6,8,0.3954,0.925,1.0,1.0,0.75,0,0,3,3,-1
friend_yash_singh,android_developer,general,0.4,0.4,4,0,6,0.24,0.53,0.5,0.6,0.5,0,1,3,4,-1
friend_yash_singh,backend_swe_fullstack,general,0.3,0.3846,6,3,16,0.4288,0.65,0.5,1.0,0.5,0,1,3,3,-1
friend_yash_singh,data_scientist,general,0.4357,0.6429,4,3,5,0.3809,0.73,1.0,0.6,0.5,0,0,3,4,-1
friend_yash_singh,flutter_developer_fresher,general,0.375,0.4167,4,1,7,0.4099,0.73,1.0,0.6,0.5,0,0,3,4,-1
friend_yash_singh,frontend_developer_fresher,general,0.0636,0.0909,0,1,10,0.3464,0.85,1.0,1.0,0.5,0,0,3,3,-1
friend_yash_singh,fullstack_developer_fresher,general,0.0958,0.1667,1,2,20,0.3346,0.85,1.0,1.0,0.5,0,0,3,3,-1
friend_yash_singh,fullstack_developer_general,general,0.2281,0.3125,5,4,22,0.2136,0.73,1.0,0.6,0.5,0,0,3,4,0
friend_yash_singh,golang_backend_developer,general,0.3714,0.4286,4,2,8,0.2401,0.85,1.0,1.0,0.5,0,0,3,3,-1
friend_yash_singh,google_ml_engineer,general,0.365,0.5,5,3,10,0.2827,0.65,0.5,1.0,0.5,0,1,3,3,-1
friend_yash_singh,google_swe_early_career,general,0.43,0.6,3,1,4,0.2914,0.65,0.5,1.0,0.5,0,1,3,3,-1
friend_yash_singh,google_swe_generalist,general,0.4867,0.6,6,1,6,0.3753,0.65,0.5,1.0,0.5,0,1,3,3,-1
friend_yash_singh,java_backend_developer,general,0.275,0.35,4,3,13,0.3246,0.85,1.0,1.0,0.5,0,0,3,3,-1
friend_yash_singh,junior_ml_engineer,general,0.28,0.45,3,3,11,0.3318,0.53,0.5,0.6,0.5,0,3,3,4,-1
friend_yash_singh,laravel_developer,general,0.1389,0.1667,2,1,15,0.2383,0.73,1.0,0.6,0.5,0,0,3,4,0
friend_yash_singh,mern_stack_developer,general,0.1273,0.1818,2,1,18,0.2747,0.73,1.0,0.6,0.5,0,0,3,4,0
friend_yash_singh,php_fullstack_developer,general,0.2333,0.4286,2,4,12,0.4564,0.73,1.0,0.6,0.5,0,0,3,4,-1
friend_yash_singh,software_engineer_general,general,0.2864,0.4091,4,4,13,0.4084,0.85,1.0,1.0,0.5,0,0,3,3,-1
friend_yashvardhan_singh_chauhan,android_developer,general,0.5,0.5,5,0,5,0.2774,0.68,0.5,0.6,1.0,0,1,3,4,-1
friend_yashvardhan_singh_chauhan,backend_swe_fullstack,general,0.6692,0.8077,13,7,5,0.4656,0.8,0.5,1.0,1.0,0,1,3,3,1
friend_yashvardhan_singh_chauhan,data_scientist,general,0.3929,0.5714,3,4,6,0.2849,0.88,1.0,0.6,1.0,0,0,3,4,-1
friend_yashvardhan_singh_chauhan,flutter_developer_fresher,general,0.275,0.3333,3,0,8,0.3756,0.88,1.0,0.6,1.0,0,0,3,4,-1
friend_yashvardhan_singh_chauhan,frontend_developer_fresher,general,0.7273,0.9091,6,4,1,0.6438,1.0,1.0,1.0,1.0,0,0,3,3,1
friend_yashvardhan_singh_chauhan,fullstack_developer_fresher,general,0.5917,0.7083,11,5,7,0.5108,1.0,1.0,1.0,1.0,0,0,3,3,1
friend_yashvardhan_singh_chauhan,fullstack_developer_general,general,0.5625,0.6875,14,6,10,0.3776,0.88,1.0,0.6,1.0,0,0,3,4,-1
friend_yashvardhan_singh_chauhan,golang_backend_developer,general,0.7143,0.8571,8,3,2,0.3796,1.0,1.0,1.0,1.0,0,0,3,3,-1
friend_yashvardhan_singh_chauhan,google_ml_engineer,general,0.465,0.6,7,4,8,0.369,0.8,0.5,1.0,1.0,0,1,3,3,-1
friend_yashvardhan_singh_chauhan,google_swe_early_career,general,0.63,0.8,5,2,2,0.4182,0.8,0.5,1.0,1.0,0,1,3,3,1
friend_yashvardhan_singh_chauhan,google_swe_generalist,general,0.8133,1.0,9,5,0,0.4388,0.8,0.5,1.0,1.0,0,1,3,3,1
friend_yashvardhan_singh_chauhan,java_backend_developer,general,0.455,0.65,6,4,7,0.3654,1.0,1.0,1.0,1.0,0,0,3,3,-1
friend_yashvardhan_singh_chauhan,junior_ml_engineer,general,0.395,0.6,5,4,8,0.3038,0.68,0.5,0.6,1.0,0,3,3,4,-1
friend_yashvardhan_singh_chauhan,laravel_developer,general,0.5,0.6111,7,3,7,0.3147,0.88,1.0,0.6,1.0,0,0,3,4,-1
friend_yashvardhan_singh_chauhan,mern_stack_developer,general,0.5727,0.6364,10,4,8,0.4428,0.88,1.0,0.6,1.0,0,0,3,4,1
friend_yashvardhan_singh_chauhan,php_fullstack_developer,general,0.519,0.7619,7,5,5,0.4831,0.88,1.0,0.6,1.0,0,0,3,4,1
friend_yashvardhan_singh_chauhan,software_engineer_general,general,0.4682,0.6818,6,6,7,0.427,1.0,1.0,1.0,1.0,0,0,3,3,1
friend_yogarth_,android_developer,general,0.4,0.4,4,0,6,0.2526,0.68,0.5,0.6,1.0,0,1,3,4,-1
friend_yogarth_,backend_swe_fullstack,general,0.6923,0.8077,15,5,5,0.4989,0.8,0.5,1.0,1.0,0,1,3,3,1
friend_yogarth_,data_scientist,general,0.2143,0.2143,3,0,11,0.3121,0.88,1.0,0.6,1.0,0,0,3,4,-1
friend_yogarth_,flutter_developer_fresher,general,0.4167,0.5,4,2,6,0.4476,0.88,1.0,0.6,1.0,0,0,3,4,1
friend_yogarth_,frontend_developer_fresher,general,0.7727,0.9091,7,3,1,0.5809,1.0,1.0,1.0,1.0,0,0,3,3,1
friend_yogarth_,fullstack_developer_fresher,general,0.7083,0.8333,14,6,4,0.6596,1.0,1.0,1.0,1.0,0,0,3,3,1
friend_yogarth_,fullstack_developer_general,general,0.6344,0.7188,18,4,9,0.4318,0.88,1.0,0.6,1.0,0,0,3,4,1
friend_yogarth_,golang_backend_developer,general,0.7143,0.8571,8,3,2,0.3959,1.0,1.0,1.0,1.0,0,0,3,3,-1
friend_yogarth_,google_ml_engineer,general,0.4,0.5,6,4,10,0.3179,0.8,0.5,1.0,1.0,0,1,3,3,-1
friend_yogarth_,google_swe_early_career,general,0.48,0.6,4,1,4,0.3332,0.8,0.5,1.0,1.0,0,1,3,3,-1
friend_yogarth_,google_swe_generalist,general,0.6533,0.7333,9,1,4,0.3478,0.8,0.5,1.0,1.0,0,1,3,3,-1
friend_yogarth_,java_backend_developer,general,0.52,0.75,7,5,5,0.4353,1.0,1.0,1.0,1.0,0,0,3,3,1
friend_yogarth_,junior_ml_engineer,general,0.3,0.35,5,2,13,0.2238,0.68,0.5,0.6,1.0,0,3,3,4,-1
friend_yogarth_,laravel_developer,general,0.6111,0.7778,8,6,4,0.4238,0.88,1.0,0.6,1.0,0,0,3,4,1
friend_yogarth_,mern_stack_developer,general,0.75,0.8182,15,3,4,0.5384,0.88,1.0,0.6,1.0,0,0,3,4,1
friend_yogarth_,php_fullstack_developer,general,0.6571,0.9048,9,9,2,0.6136,0.88,1.0,0.6,1.0,0,0,3,4,1
friend_yogarth_,software_engineer_general,general,0.5045,0.6818,8,5,7,0.4596,1.0,1.0,1.0,1.0,0,0,3,3,1
friend_yogesh_kumar,android_developer,general,0.37,0.4,3,1,6,0.2809,0.68,0.5,0.6,1.0,0,1,3,4,-1
friend_yogesh_kumar,backend_swe_fullstack,general,0.3615,0.3846,8,2,16,0.3027,0.8,0.5,1.0,1.0,0,1,3,3,-1
friend_yogesh_kumar,data_scientist,general,0.3214,0.5,2,4,7,0.2912,0.88,1.0,0.6,1.0,0,0,3,4,-1
friend_yogesh_kumar,flutter_developer_fresher,general,0.2083,0.25,2,1,9,0.3546,0.88,1.0,0.6,1.0,0,0,3,4,-1
friend_yogesh_kumar,frontend_developer_fresher,general,0.7909,0.9091,7,3,1,0.4559,1.0,1.0,1.0,1.0,0,0,3,3,1
friend_yogesh_kumar,fullstack_developer_fresher,general,0.375,0.5,6,5,12,0.4625,1.0,1.0,1.0,1.0,0,0,3,3,-1
friend_yogesh_kumar,fullstack_developer_general,general,0.3812,0.4688,9,6,17,0.3774,0.88,1.0,0.6,1.0,0,0,3,4,-1
friend_yogesh_kumar,golang_backend_developer,general,0.3643,0.4286,3,3,8,0.2749,1.0,1.0,1.0,1.0,0,0,3,3,-1
friend_yogesh_kumar,google_ml_engineer,general,0.31,0.4,4,3,12,0.171,0.8,0.5,1.0,1.0,0,1,3,3,-1
friend_yogesh_kumar,google_swe_early_career,general,0.27,0.4,1,2,6,0.2773,0.8,0.5,1.0,1.0,0,1,3,3,0
friend_yogesh_kumar,google_swe_generalist,general,0.56,0.6667,6,3,5,0.2993,0.8,0.5,1.0,1.0,0,1,3,3,-1
friend_yogesh_kumar,java_backend_developer,general,0.285,0.35,4,3,13,0.2401,1.0,1.0,1.0,1.0,0,0,3,3,0
friend_yogesh_kumar,junior_ml_engineer,general,0.225,0.35,2,3,13,0.1781,0.68,0.5,0.6,1.0,0,3,3,4,0
friend_yogesh_kumar,laravel_developer,general,0.4389,0.5,6,3,9,0.2809,0.88,1.0,0.6,1.0,0,0,3,4,-1
friend_yogesh_kumar,mern_stack_developer,general,0.4318,0.5,8,2,11,0.3406,0.88,1.0,0.6,1.0,0,0,3,4,-1
friend_yogesh_kumar,php_fullstack_developer,general,0.2238,0.2857,3,3,15,0.3472,0.88,1.0,0.6,1.0,0,0,3,4,-1
friend_yogesh_kumar,software_engineer_general,general,0.1591,0.1818,3,1,18,0.337,1.0,1.0,1.0,1.0,0,0,3,3,-1
